{
"type": "FeatureCollection",
"name": "model_5",
"crs": { "type": "name", "properties": { "name": "urn:ogc:def:crs:OGC:1.3:CRS84" } },
"features": [
{ "type": "Feature", "properties": { "fid": 1, "id": "271078", "Номера": [ 26.2 ], "вес": 0.0436881607 }, "geometry": { "type": "MultiPolygon", "coordinates": [ [ [ [ 127.515944426094578, 50.259114904221192 ], [ 127.515944426094578, 50.258827749382014 ], [ 127.515733432030757, 50.258827749382014 ], [ 127.515803035152032, 50.259114904221192 ], [ 127.515944426094578, 50.259114904221192 ] ] ] ] } },
{ "type": "Feature", "properties": { "fid": 2, "id": "271082", "Номера": [ 26.2 ], "вес": 0.0436881607 }, "geometry": { "type": "MultiPolygon", "coordinates": [ [ [ [ 127.515944426094578, 50.25854059281189 ], [ 127.515944426094578, 50.258253434510792 ], [ 127.515594225788149, 50.258253434510792 ], [ 127.515663828909453, 50.25854059281189 ], [ 127.515944426094578, 50.25854059281189 ] ] ] ] } },
{ "type": "Feature", "properties": { "fid": 3, "id": "271084", "Номера": [ 26.2 ], "вес": 0.0436881607 }, "geometry": { "type": "MultiPolygon", "coordinates": [ [ [ [ 127.515944426094578, 50.258827749382014 ], [ 127.515944426094578, 50.25854059281189 ], [ 127.515663828909453, 50.25854059281189 ], [ 127.515733432030757, 50.258827749382014 ], [ 127.515944426094578, 50.258827749382014 ] ] ] ] } },
{ "type": "Feature", "properties": { "fid": 4, "id": "271086", "Номера": [ 26.2 ], "вес": 0.0436881607 }, "geometry": { "type": "MultiPolygon", "coordinates": [ [ [ [ 127.515495268452511, 50.257845167937845 ], [ 127.515524622666874, 50.25796627447874 ], [ 127.515944426094578, 50.25796627447874 ], [ 127.515944426094578, 50.257679112715735 ], [ 127.515495268452511, 50.257679112715735 ], [ 127.515495268452511, 50.257845167937845 ] ] ] ] } },
{ "type": "Feature", "properties": { "fid": 5, "id": "271088", "Номера": [ 26.2 ], "вес": 0.0436881607 }, "geometry": { "type": "MultiPolygon", "coordinates": [ [ [ [ 127.515944426094578, 50.258253434510792 ], [ 127.515944426094578, 50.25796627447874 ], [ 127.515524622666874, 50.25796627447874 ], [ 127.515594225788149, 50.258253434510792 ], [ 127.515944426094578, 50.258253434510792 ] ] ] ] } },
{ "type": "Feature", "properties": { "fid": 6, "id": "271090", "Номера": [ 26.2 ], "вес": 0.0436881607 }, "geometry": { "type": "MultiPolygon", "coordinates": [ [ [ [ 127.515495268452511, 50.257391949221741 ], [ 127.515944426094578, 50.257391949221741 ], [ 127.515944426094578, 50.257104783996773 ], [ 127.515495268452511, 50.257104783996773 ], [ 127.515495268452511, 50.257391949221741 ] ] ] ] } },
{ "type": "Feature", "properties": { "fid": 7, "id": "271092", "Номера": [ 26.2 ], "вес": 0.0436881607 }, "geometry": { "type": "MultiPolygon", "coordinates": [ [ [ [ 127.515495268452511, 50.257679112715735 ], [ 127.515944426094578, 50.257679112715735 ], [ 127.515944426094578, 50.257391949221741 ], [ 127.515495268452511, 50.257391949221741 ], [ 127.515495268452511, 50.257679112715735 ] ] ] ] } },
{ "type": "Feature", "properties": { "fid": 8, "id": "271093", "Номера": [ 26.6 ], "вес": 0.0456437632 }, "geometry": { "type": "MultiPolygon", "coordinates": [ [ [ [ 127.515495268452511, 50.256817617040838 ], [ 127.515495268452511, 50.256530448353921 ], [ 127.515128386300148, 50.256530448353921 ], [ 127.515205514380099, 50.256817617040838 ], [ 127.515495268452511, 50.256817617040838 ] ] ] ] } },
{ "type": "Feature", "properties": { "fid": 9, "id": "271094", "Номера": [ 26.6 ], "вес": 0.0456437632 }, "geometry": { "type": "MultiPolygon", "coordinates": [ [ [ [ 127.515495268452511, 50.256817617040838 ], [ 127.515944426094578, 50.256817617040838 ], [ 127.515944426094578, 50.256530448353921 ], [ 127.515495268452511, 50.256530448353921 ], [ 127.515495268452511, 50.256817617040838 ] ] ] ] } },
{ "type": "Feature", "properties": { "fid": 10, "id": "271095", "Номера": [ 26.6 ], "вес": 0.0456437632 }, "geometry": { "type": "MultiPolygon", "coordinates": [ [ [ [ 127.515205514380099, 50.256817617040838 ], [ 127.515281444674855, 50.257100324358909 ], [ 127.515495268452511, 50.257081275034466 ], [ 127.515495268452511, 50.256817617040838 ], [ 127.515205514380099, 50.256817617040838 ] ] ] ] } },
{ "type": "Feature", "properties": { "fid": 11, "id": "271096", "Номера": [ 26.2, 26.6 ], "вес": 0.0893319239 }, "geometry": { "type": "MultiPolygon", "coordinates": [ [ [ [ 127.515944426094578, 50.256974905534882 ], [ 127.515944426094578, 50.256817617040838 ], [ 127.515495268452511, 50.256817617040838 ], [ 127.515495268452511, 50.257018164627567 ], [ 127.515495268452511, 50.257081275034466 ], [ 127.515495268452511, 50.257104783996773 ], [ 127.515944426094578, 50.257104783996773 ], [ 127.515944426094578, 50.257041260050883 ], [ 127.515944426094578, 50.256974905534882 ] ] ] ] } },
{ "type": "Feature", "properties": { "fid": 12, "id": "271099", "Номера": [ 26.6 ], "вес": 0.0447637421 }, "geometry": { "type": "MultiPolygon", "coordinates": [ [ [ [ 127.515495268452511, 50.256530448353921 ], [ 127.515495268452511, 50.256344320784429 ], [ 127.515084663572011, 50.25636765605136 ], [ 127.515128386300148, 50.256530448353921 ], [ 127.515495268452511, 50.256530448353921 ] ] ] ] } },
{ "type": "Feature", "properties": { "fid": 13, "id": "271100", "Номера": [ 26.6 ], "вес": 0.0447637421 }, "geometry": { "type": "MultiPolygon", "coordinates": [ [ [ [ 127.515495268452511, 50.256530448353921 ], [ 127.515944426094578, 50.256530448353921 ], [ 127.515944426094578, 50.256318794495428 ], [ 127.515495268452511, 50.256344320784429 ], [ 127.515495268452511, 50.256530448353921 ] ] ] ] } },
{ "type": "Feature", "properties": { "fid": 14, "id": "271405", "Номера": [ 26.2 ], "вес": 0.0436881607 }, "geometry": { "type": "MultiPolygon", "coordinates": [ [ [ [ 127.515944426094578, 50.25961977332976 ], [ 127.51639358373663, 50.259573620602382 ], [ 127.51639358373663, 50.259402057329403 ], [ 127.515944426094578, 50.259402057329403 ], [ 127.515944426094578, 50.25961977332976 ] ] ] ] } },
{ "type": "Feature", "properties": { "fid": 15, "id": "271406", "Номера": [ 26.2 ], "вес": 0.0436881607 }, "geometry": { "type": "MultiPolygon", "coordinates": [ [ [ [ 127.51639358373663, 50.259573620602382 ], [ 127.51684274137871, 50.259527467830303 ], [ 127.51684274137871, 50.259402057329403 ], [ 127.51639358373663, 50.259402057329403 ], [ 127.51639358373663, 50.259573620602382 ] ] ] ] } },
{ "type": "Feature", "properties": { "fid": 16, "id": "271409", "Номера": [ 26.2 ], "вес": 0.0436881607 }, "geometry": { "type": "MultiPolygon", "coordinates": [ [ [ [ 127.515944426094578, 50.259114904221192 ], [ 127.51639358373663, 50.259114904221192 ], [ 127.51639358373663, 50.258827749382014 ], [ 127.515944426094578, 50.258827749382014 ], [ 127.515944426094578, 50.259114904221192 ] ] ] ] } },
{ "type": "Feature", "properties": { "fid": 17, "id": "271410", "Номера": [ 26.2 ], "вес": 0.0436881607 }, "geometry": { "type": "MultiPolygon", "coordinates": [ [ [ [ 127.51639358373663, 50.259114904221192 ], [ 127.51684274137871, 50.259114904221192 ], [ 127.51684274137871, 50.258827749382014 ], [ 127.51639358373663, 50.258827749382014 ], [ 127.51639358373663, 50.259114904221192 ] ] ] ] } },
{ "type": "Feature", "properties": { "fid": 18, "id": "271411", "Номера": [ 26.2 ], "вес": 0.0436881607 }, "geometry": { "type": "MultiPolygon", "coordinates": [ [ [ [ 127.515944426094578, 50.259114904221192 ], [ 127.515944426094578, 50.259402057329403 ], [ 127.51639358373663, 50.259402057329403 ], [ 127.51639358373663, 50.259114904221192 ], [ 127.515944426094578, 50.259114904221192 ] ] ] ] } },
{ "type": "Feature", "properties": { "fid": 19, "id": "271412", "Номера": [ 26.2 ], "вес": 0.0436881607 }, "geometry": { "type": "MultiPolygon", "coordinates": [ [ [ [ 127.51639358373663, 50.259402057329403 ], [ 127.51684274137871, 50.259402057329403 ], [ 127.51684274137871, 50.259114904221192 ], [ 127.51639358373663, 50.259114904221192 ], [ 127.51639358373663, 50.259402057329403 ] ] ] ] } },
{ "type": "Feature", "properties": { "fid": 20, "id": "271413", "Номера": [ 26.2 ], "вес": 0.0436881607 }, "geometry": { "type": "MultiPolygon", "coordinates": [ [ [ [ 127.515944426094578, 50.25854059281189 ], [ 127.51639358373663, 50.25854059281189 ], [ 127.51639358373663, 50.258253434510792 ], [ 127.515944426094578, 50.258253434510792 ], [ 127.515944426094578, 50.25854059281189 ] ] ] ] } },
{ "type": "Feature", "properties": { "fid": 21, "id": "271414", "Номера": [ 26.2 ], "вес": 0.0436881607 }, "geometry": { "type": "MultiPolygon", "coordinates": [ [ [ [ 127.51639358373663, 50.25854059281189 ], [ 127.51684274137871, 50.25854059281189 ], [ 127.51684274137871, 50.258253434510792 ], [ 127.51639358373663, 50.258253434510792 ], [ 127.51639358373663, 50.25854059281189 ] ] ] ] } },
{ "type": "Feature", "properties": { "fid": 22, "id": "271415", "Номера": [ 26.2 ], "вес": 0.0436881607 }, "geometry": { "type": "MultiPolygon", "coordinates": [ [ [ [ 127.515944426094578, 50.25854059281189 ], [ 127.515944426094578, 50.258827749382014 ], [ 127.51639358373663, 50.258827749382014 ], [ 127.51639358373663, 50.25854059281189 ], [ 127.515944426094578, 50.25854059281189 ] ] ] ] } },
{ "type": "Feature", "properties": { "fid": 23, "id": "271416", "Номера": [ 26.2 ], "вес": 0.0436881607 }, "geometry": { "type": "MultiPolygon", "coordinates": [ [ [ [ 127.51639358373663, 50.258827749382014 ], [ 127.51684274137871, 50.258827749382014 ], [ 127.51684274137871, 50.25854059281189 ], [ 127.51639358373663, 50.25854059281189 ], [ 127.51639358373663, 50.258827749382014 ] ] ] ] } },
{ "type": "Feature", "properties": { "fid": 24, "id": "271417", "Номера": [ 26.2 ], "вес": 0.0436881607 }, "geometry": { "type": "MultiPolygon", "coordinates": [ [ [ [ 127.515944426094578, 50.25796627447874 ], [ 127.51639358373663, 50.25796627447874 ], [ 127.51639358373663, 50.257679112715735 ], [ 127.515944426094578, 50.257679112715735 ], [ 127.515944426094578, 50.25796627447874 ] ] ] ] } },
{ "type": "Feature", "properties": { "fid": 25, "id": "271418", "Номера": [ 26.2 ], "вес": 0.0436881607 }, "geometry": { "type": "MultiPolygon", "coordinates": [ [ [ [ 127.51639358373663, 50.25796627447874 ], [ 127.51684274137871, 50.25796627447874 ], [ 127.51684274137871, 50.257679112715735 ], [ 127.51639358373663, 50.257679112715735 ], [ 127.51639358373663, 50.25796627447874 ] ] ] ] } },
{ "type": "Feature", "properties": { "fid": 26, "id": "271419", "Номера": [ 26.2 ], "вес": 0.0436881607 }, "geometry": { "type": "MultiPolygon", "coordinates": [ [ [ [ 127.515944426094578, 50.25796627447874 ], [ 127.515944426094578, 50.258253434510792 ], [ 127.51639358373663, 50.258253434510792 ], [ 127.51639358373663, 50.25796627447874 ], [ 127.515944426094578, 50.25796627447874 ] ] ] ] } },
{ "type": "Feature", "properties": { "fid": 27, "id": "271420", "Номера": [ 26.2 ], "вес": 0.0436881607 }, "geometry": { "type": "MultiPolygon", "coordinates": [ [ [ [ 127.51639358373663, 50.258253434510792 ], [ 127.51684274137871, 50.258253434510792 ], [ 127.51684274137871, 50.25796627447874 ], [ 127.51639358373663, 50.25796627447874 ], [ 127.51639358373663, 50.258253434510792 ] ] ] ] } },
{ "type": "Feature", "properties": { "fid": 28, "id": "271421", "Номера": [ 26.2 ], "вес": 0.0436881607 }, "geometry": { "type": "MultiPolygon", "coordinates": [ [ [ [ 127.515944426094578, 50.257391949221741 ], [ 127.51639358373663, 50.257391949221741 ], [ 127.51639358373663, 50.257104783996773 ], [ 127.515944426094578, 50.257104783996773 ], [ 127.515944426094578, 50.257391949221741 ] ] ] ] } },
{ "type": "Feature", "properties": { "fid": 29, "id": "271422", "Номера": [ 26.2 ], "вес": 0.0436881607 }, "geometry": { "type": "MultiPolygon", "coordinates": [ [ [ [ 127.51639358373663, 50.257391949221741 ], [ 127.51684274137871, 50.257391949221741 ], [ 127.51684274137871, 50.257104783996773 ], [ 127.51639358373663, 50.257104783996773 ], [ 127.51639358373663, 50.257391949221741 ] ] ] ] } },
{ "type": "Feature", "properties": { "fid": 30, "id": "271423", "Номера": [ 26.2 ], "вес": 0.0436881607 }, "geometry": { "type": "MultiPolygon", "coordinates": [ [ [ [ 127.515944426094578, 50.257391949221741 ], [ 127.515944426094578, 50.257679112715735 ], [ 127.51639358373663, 50.257679112715735 ], [ 127.51639358373663, 50.257391949221741 ], [ 127.515944426094578, 50.257391949221741 ] ] ] ] } },
{ "type": "Feature", "properties": { "fid": 31, "id": "271424", "Номера": [ 26.2 ], "вес": 0.0436881607 }, "geometry": { "type": "MultiPolygon", "coordinates": [ [ [ [ 127.51639358373663, 50.257679112715735 ], [ 127.51684274137871, 50.257679112715735 ], [ 127.51684274137871, 50.257391949221741 ], [ 127.51639358373663, 50.257391949221741 ], [ 127.51639358373663, 50.257679112715735 ] ] ] ] } },
{ "type": "Feature", "properties": { "fid": 32, "id": "271425", "Номера": [ 26.6 ], "вес": 0.0456437632 }, "geometry": { "type": "MultiPolygon", "coordinates": [ [ [ [ 127.515944426094578, 50.256817617040838 ], [ 127.51639358373663, 50.256817617040838 ], [ 127.51639358373663, 50.256530448353921 ], [ 127.515944426094578, 50.256530448353921 ], [ 127.515944426094578, 50.256817617040838 ] ] ] ] } },
{ "type": "Feature", "properties": { "fid": 33, "id": "271426", "Номера": [ 26.6 ], "вес": 0.0456437632 }, "geometry": { "type": "MultiPolygon", "coordinates": [ [ [ [ 127.51639358373663, 50.256817617040838 ], [ 127.51684274137871, 50.256817617040838 ], [ 127.51684274137871, 50.256530448353921 ], [ 127.51639358373663, 50.256530448353921 ], [ 127.51639358373663, 50.256817617040838 ] ] ] ] } },
{ "type": "Feature", "properties": { "fid": 34, "id": "271427", "Номера": [ 26.2, 26.6 ], "вес": 0.0893319239 }, "geometry": { "type": "MultiPolygon", "coordinates": [ [ [ [ 127.515944426094578, 50.256974905534882 ], [ 127.515944426094578, 50.257041260050883 ], [ 127.515944426094578, 50.257104783996773 ], [ 127.51639358373663, 50.257104783996773 ], [ 127.51639358373663, 50.257001245033692 ], [ 127.51639358373663, 50.256931646402919 ], [ 127.51639358373663, 50.256817617040838 ], [ 127.515944426094578, 50.256817617040838 ], [ 127.515944426094578, 50.256974905534882 ] ] ] ] } },
{ "type": "Feature", "properties": { "fid": 35, "id": "271428", "Номера": [ 26.2, 26.6 ], "вес": 0.0893319239 }, "geometry": { "type": "MultiPolygon", "coordinates": [ [ [ [ 127.51684274137871, 50.256888387231669 ], [ 127.51684274137871, 50.256817617040838 ], [ 127.51639358373663, 50.256817617040838 ], [ 127.51639358373663, 50.256931646402919 ], [ 127.51639358373663, 50.257001245033692 ], [ 127.51639358373663, 50.257104783996773 ], [ 127.51684274137871, 50.257104783996773 ], [ 127.51684274137871, 50.256961229982899 ], [ 127.51684274137871, 50.256888387231669 ] ] ] ] } },
{ "type": "Feature", "properties": { "fid": 36, "id": "271431", "Номера": [ 26.6 ], "вес": 0.0447637421 }, "geometry": { "type": "MultiPolygon", "coordinates": [ [ [ [ 127.515944426094578, 50.256530448353921 ], [ 127.51639358373663, 50.256530448353921 ], [ 127.51639358373663, 50.256293268192749 ], [ 127.515944426094578, 50.256318794495428 ], [ 127.515944426094578, 50.256530448353921 ] ] ] ] } },
{ "type": "Feature", "properties": { "fid": 37, "id": "271432", "Номера": [ 26.6 ], "вес": 0.0447637421 }, "geometry": { "type": "MultiPolygon", "coordinates": [ [ [ [ 127.51639358373663, 50.256530448353921 ], [ 127.51684274137871, 50.256530448353921 ], [ 127.51684274137871, 50.2562677418764 ], [ 127.51639358373663, 50.256293268192749 ], [ 127.51639358373663, 50.256530448353921 ] ] ] ] } },
{ "type": "Feature", "properties": { "fid": 38, "id": "271761", "Номера": [ 26.2 ], "вес": 0.0436881607 }, "geometry": { "type": "MultiPolygon", "coordinates": [ [ [ [ 127.51684274137871, 50.259527467830303 ], [ 127.517291899020762, 50.259481315013502 ], [ 127.517291899020762, 50.259402057329403 ], [ 127.51684274137871, 50.259402057329403 ], [ 127.51684274137871, 50.259527467830303 ] ] ] ] } },
{ "type": "Feature", "properties": { "fid": 39, "id": "271765", "Номера": [ 26.2 ], "вес": 0.0436881607 }, "geometry": { "type": "MultiPolygon", "coordinates": [ [ [ [ 127.51684274137871, 50.259114904221192 ], [ 127.517291899020762, 50.259114904221192 ], [ 127.517291899020762, 50.258827749382014 ], [ 127.51684274137871, 50.258827749382014 ], [ 127.51684274137871, 50.259114904221192 ] ] ] ] } },
{ "type": "Feature", "properties": { "fid": 40, "id": "271766", "Номера": [ 26.2 ], "вес": 0.0436881607 }, "geometry": { "type": "MultiPolygon", "coordinates": [ [ [ [ 127.517291899020762, 50.259114904221192 ], [ 127.517741056662814, 50.259114904221192 ], [ 127.517741056662814, 50.258827749382014 ], [ 127.517291899020762, 50.258827749382014 ], [ 127.517291899020762, 50.259114904221192 ] ] ] ] } },
{ "type": "Feature", "properties": { "fid": 41, "id": "271767", "Номера": [ 26.2 ], "вес": 0.0436881607 }, "geometry": { "type": "MultiPolygon", "coordinates": [ [ [ [ 127.51684274137871, 50.259114904221192 ], [ 127.51684274137871, 50.259402057329403 ], [ 127.517291899020762, 50.259402057329403 ], [ 127.517291899020762, 50.259114904221192 ], [ 127.51684274137871, 50.259114904221192 ] ] ] ] } },
{ "type": "Feature", "properties": { "fid": 42, "id": "271768", "Номера": [ 26.2 ], "вес": 0.0436881607 }, "geometry": { "type": "MultiPolygon", "coordinates": [ [ [ [ 127.517291899020762, 50.259402057329403 ], [ 127.517741056662814, 50.259402057329403 ], [ 127.517741056662814, 50.259114904221192 ], [ 127.517291899020762, 50.259114904221192 ], [ 127.517291899020762, 50.259402057329403 ] ] ] ] } },
{ "type": "Feature", "properties": { "fid": 43, "id": "271769", "Номера": [ 26.2 ], "вес": 0.0436881607 }, "geometry": { "type": "MultiPolygon", "coordinates": [ [ [ [ 127.51684274137871, 50.25854059281189 ], [ 127.517291899020762, 50.25854059281189 ], [ 127.517291899020762, 50.258253434510792 ], [ 127.51684274137871, 50.258253434510792 ], [ 127.51684274137871, 50.25854059281189 ] ] ] ] } },
{ "type": "Feature", "properties": { "fid": 44, "id": "271770", "Номера": [ 26.2 ], "вес": 0.0436881607 }, "geometry": { "type": "MultiPolygon", "coordinates": [ [ [ [ 127.517291899020762, 50.25854059281189 ], [ 127.517741056662814, 50.25854059281189 ], [ 127.517741056662814, 50.258253434510792 ], [ 127.517291899020762, 50.258253434510792 ], [ 127.517291899020762, 50.25854059281189 ] ] ] ] } },
{ "type": "Feature", "properties": { "fid": 45, "id": "271771", "Номера": [ 26.2 ], "вес": 0.0436881607 }, "geometry": { "type": "MultiPolygon", "coordinates": [ [ [ [ 127.51684274137871, 50.25854059281189 ], [ 127.51684274137871, 50.258827749382014 ], [ 127.517291899020762, 50.258827749382014 ], [ 127.517291899020762, 50.25854059281189 ], [ 127.51684274137871, 50.25854059281189 ] ] ] ] } },
{ "type": "Feature", "properties": { "fid": 46, "id": "271772", "Номера": [ 26.2 ], "вес": 0.0436881607 }, "geometry": { "type": "MultiPolygon", "coordinates": [ [ [ [ 127.517291899020762, 50.258827749382014 ], [ 127.517741056662814, 50.258827749382014 ], [ 127.517741056662814, 50.25854059281189 ], [ 127.517291899020762, 50.25854059281189 ], [ 127.517291899020762, 50.258827749382014 ] ] ] ] } },
{ "type": "Feature", "properties": { "fid": 47, "id": "271773", "Номера": [ 26.2 ], "вес": 0.0436881607 }, "geometry": { "type": "MultiPolygon", "coordinates": [ [ [ [ 127.51684274137871, 50.25796627447874 ], [ 127.517291899020762, 50.25796627447874 ], [ 127.517291899020762, 50.257679112715735 ], [ 127.51684274137871, 50.257679112715735 ], [ 127.51684274137871, 50.25796627447874 ] ] ] ] } },
{ "type": "Feature", "properties": { "fid": 48, "id": "271774", "Номера": [ 26.2 ], "вес": 0.0436881607 }, "geometry": { "type": "MultiPolygon", "coordinates": [ [ [ [ 127.517291899020762, 50.25796627447874 ], [ 127.517741056662814, 50.25796627447874 ], [ 127.517741056662814, 50.257679112715735 ], [ 127.517291899020762, 50.257679112715735 ], [ 127.517291899020762, 50.25796627447874 ] ] ] ] } },
{ "type": "Feature", "properties": { "fid": 49, "id": "271775", "Номера": [ 26.2 ], "вес": 0.0436881607 }, "geometry": { "type": "MultiPolygon", "coordinates": [ [ [ [ 127.51684274137871, 50.25796627447874 ], [ 127.51684274137871, 50.258253434510792 ], [ 127.517291899020762, 50.258253434510792 ], [ 127.517291899020762, 50.25796627447874 ], [ 127.51684274137871, 50.25796627447874 ] ] ] ] } },
{ "type": "Feature", "properties": { "fid": 50, "id": "271776", "Номера": [ 26.2 ], "вес": 0.0436881607 }, "geometry": { "type": "MultiPolygon", "coordinates": [ [ [ [ 127.517291899020762, 50.258253434510792 ], [ 127.517741056662814, 50.258253434510792 ], [ 127.517741056662814, 50.25796627447874 ], [ 127.517291899020762, 50.25796627447874 ], [ 127.517291899020762, 50.258253434510792 ] ] ] ] } },
{ "type": "Feature", "properties": { "fid": 51, "id": "271777", "Номера": [ 26.2 ], "вес": 0.0436881607 }, "geometry": { "type": "MultiPolygon", "coordinates": [ [ [ [ 127.51684274137871, 50.257391949221741 ], [ 127.517291899020762, 50.257391949221741 ], [ 127.517291899020762, 50.257104783996773 ], [ 127.51684274137871, 50.257104783996773 ], [ 127.51684274137871, 50.257391949221741 ] ] ] ] } },
{ "type": "Feature", "properties": { "fid": 52, "id": "271778", "Номера": [ 26.2 ], "вес": 0.0436881607 }, "geometry": { "type": "MultiPolygon", "coordinates": [ [ [ [ 127.517291899020762, 50.257391949221741 ], [ 127.517741056662814, 50.257391949221741 ], [ 127.517741056662814, 50.257104783996773 ], [ 127.517291899020762, 50.257104783996773 ], [ 127.517291899020762, 50.257391949221741 ] ] ] ] } },
{ "type": "Feature", "properties": { "fid": 53, "id": "271779", "Номера": [ 26.2 ], "вес": 0.0436881607 }, "geometry": { "type": "MultiPolygon", "coordinates": [ [ [ [ 127.51684274137871, 50.257391949221741 ], [ 127.51684274137871, 50.257679112715735 ], [ 127.517291899020762, 50.257679112715735 ], [ 127.517291899020762, 50.257391949221741 ], [ 127.51684274137871, 50.257391949221741 ] ] ] ] } },
{ "type": "Feature", "properties": { "fid": 54, "id": "271780", "Номера": [ 26.2 ], "вес": 0.0436881607 }, "geometry": { "type": "MultiPolygon", "coordinates": [ [ [ [ 127.517291899020762, 50.257679112715735 ], [ 127.517741056662814, 50.257679112715735 ], [ 127.517741056662814, 50.257391949221741 ], [ 127.517291899020762, 50.257391949221741 ], [ 127.517291899020762, 50.257679112715735 ] ] ] ] } },
{ "type": "Feature", "properties": { "fid": 55, "id": "271781", "Номера": [ 26.6 ], "вес": 0.0456437632 }, "geometry": { "type": "MultiPolygon", "coordinates": [ [ [ [ 127.51684274137871, 50.256817617040838 ], [ 127.517291899020762, 50.256817617040838 ], [ 127.517291899020762, 50.256530448353921 ], [ 127.51684274137871, 50.256530448353921 ], [ 127.51684274137871, 50.256817617040838 ] ] ] ] } },
{ "type": "Feature", "properties": { "fid": 56, "id": "271782", "Номера": [ 26.6 ], "вес": 0.0456437632 }, "geometry": { "type": "MultiPolygon", "coordinates": [ [ [ [ 127.517291899020762, 50.256817617040838 ], [ 127.517741056662814, 50.256817617040838 ], [ 127.517741056662814, 50.256530448353921 ], [ 127.517291899020762, 50.256530448353921 ], [ 127.517291899020762, 50.256817617040838 ] ] ] ] } },
{ "type": "Feature", "properties": { "fid": 57, "id": "271783", "Номера": [ 26.2, 26.6 ], "вес": 0.0893319239 }, "geometry": { "type": "MultiPolygon", "coordinates": [ [ [ [ 127.51684274137871, 50.256888387231669 ], [ 127.51684274137871, 50.256961229982899 ], [ 127.51684274137871, 50.257104783996773 ], [ 127.517291899020762, 50.257104783996773 ], [ 127.517291899020762, 50.256921214898483 ], [ 127.517291899020762, 50.256845128021141 ], [ 127.517291899020762, 50.256817617040838 ], [ 127.51684274137871, 50.256817617040838 ], [ 127.51684274137871, 50.256888387231669 ] ] ] ] } },
{ "type": "Feature", "properties": { "fid": 58, "id": "271784", "Номера": [ 26.2 ], "вес": 0.0436881607 }, "geometry": { "type": "MultiPolygon", "coordinates": [ [ [ [ 127.517291899020762, 50.257104783996773 ], [ 127.517741056662814, 50.257104783996773 ], [ 127.517741056662814, 50.256817617040838 ], [ 127.517577543573935, 50.256817617040838 ], [ 127.517291899020762, 50.256845128021141 ], [ 127.517291899020762, 50.257104783996773 ] ] ] ] } },
{ "type": "Feature", "properties": { "fid": 59, "id": "271787", "Номера": [ 26.6 ], "вес": 0.0447637421 }, "geometry": { "type": "MultiPolygon", "coordinates": [ [ [ [ 127.517273205369477, 50.256243277936022 ], [ 127.51684274137871, 50.2562677418764 ], [ 127.51684274137871, 50.256530448353921 ], [ 127.517291899020762, 50.256530448353921 ], [ 127.517291899020762, 50.256243277936022 ], [ 127.517273205369477, 50.256243277936022 ] ] ] ] } },
{ "type": "Feature", "properties": { "fid": 60, "id": "271788", "Номера": [ 26.6 ], "вес": 0.0447637421 }, "geometry": { "type": "MultiPolygon", "coordinates": [ [ [ [ 127.517291899020762, 50.256530448353921 ], [ 127.517741056662814, 50.256530448353921 ], [ 127.517741056662814, 50.256243277936022 ], [ 127.517291899020762, 50.256243277936022 ], [ 127.517291899020762, 50.256530448353921 ] ] ] ] } },
{ "type": "Feature", "properties": { "fid": 61, "id": "272129", "Номера": [ 26.2 ], "вес": 0.0436881607 }, "geometry": { "type": "MultiPolygon", "coordinates": [ [ [ [ 127.517741056662814, 50.259114904221192 ], [ 127.51819021430488, 50.259114904221192 ], [ 127.51819021430488, 50.258827749382014 ], [ 127.517741056662814, 50.258827749382014 ], [ 127.517741056662814, 50.259114904221192 ] ] ] ] } },
{ "type": "Feature", "properties": { "fid": 62, "id": "272130", "Номера": [ 26.2 ], "вес": 0.0436881607 }, "geometry": { "type": "MultiPolygon", "coordinates": [ [ [ [ 127.51819021430488, 50.259114904221192 ], [ 127.518639371946932, 50.259114904221192 ], [ 127.518639371946932, 50.258827749382014 ], [ 127.51819021430488, 50.258827749382014 ], [ 127.51819021430488, 50.259114904221192 ] ] ] ] } },
{ "type": "Feature", "properties": { "fid": 63, "id": "272131", "Номера": [ 26.2 ], "вес": 0.0436881607 }, "geometry": { "type": "MultiPolygon", "coordinates": [ [ [ [ 127.517741056662814, 50.259114904221192 ], [ 127.517741056662814, 50.259402057329403 ], [ 127.518063231089059, 50.259402057329403 ], [ 127.51819021430488, 50.259389009245751 ], [ 127.51819021430488, 50.259114904221192 ], [ 127.517741056662814, 50.259114904221192 ] ] ] ] } },
{ "type": "Feature", "properties": { "fid": 64, "id": "272132", "Номера": [ 26.2 ], "вес": 0.0436881607 }, "geometry": { "type": "MultiPolygon", "coordinates": [ [ [ [ 127.51819021430488, 50.259389009245751 ], [ 127.518639371946932, 50.259342856294793 ], [ 127.518639371946932, 50.259114904221192 ], [ 127.51819021430488, 50.259114904221192 ], [ 127.51819021430488, 50.259389009245751 ] ] ] ] } },
{ "type": "Feature", "properties": { "fid": 65, "id": "272133", "Номера": [ 26.2 ], "вес": 0.0436881607 }, "geometry": { "type": "MultiPolygon", "coordinates": [ [ [ [ 127.517741056662814, 50.25854059281189 ], [ 127.51819021430488, 50.25854059281189 ], [ 127.51819021430488, 50.258253434510792 ], [ 127.517741056662814, 50.258253434510792 ], [ 127.517741056662814, 50.25854059281189 ] ] ] ] } },
{ "type": "Feature", "properties": { "fid": 66, "id": "272134", "Номера": [ 26.2 ], "вес": 0.0436881607 }, "geometry": { "type": "MultiPolygon", "coordinates": [ [ [ [ 127.51819021430488, 50.25854059281189 ], [ 127.518639371946932, 50.25854059281189 ], [ 127.518639371946932, 50.258253434510792 ], [ 127.51819021430488, 50.258253434510792 ], [ 127.51819021430488, 50.25854059281189 ] ] ] ] } },
{ "type": "Feature", "properties": { "fid": 67, "id": "272135", "Номера": [ 26.2 ], "вес": 0.0436881607 }, "geometry": { "type": "MultiPolygon", "coordinates": [ [ [ [ 127.517741056662814, 50.25854059281189 ], [ 127.517741056662814, 50.258827749382014 ], [ 127.51819021430488, 50.258827749382014 ], [ 127.51819021430488, 50.25854059281189 ], [ 127.517741056662814, 50.25854059281189 ] ] ] ] } },
{ "type": "Feature", "properties": { "fid": 68, "id": "272136", "Номера": [ 26.2 ], "вес": 0.0436881607 }, "geometry": { "type": "MultiPolygon", "coordinates": [ [ [ [ 127.51819021430488, 50.258827749382014 ], [ 127.518639371946932, 50.258827749382014 ], [ 127.518639371946932, 50.25854059281189 ], [ 127.51819021430488, 50.25854059281189 ], [ 127.51819021430488, 50.258827749382014 ] ] ] ] } },
{ "type": "Feature", "properties": { "fid": 69, "id": "272137", "Номера": [ 26.2 ], "вес": 0.0436881607 }, "geometry": { "type": "MultiPolygon", "coordinates": [ [ [ [ 127.517741056662814, 50.25796627447874 ], [ 127.51819021430488, 50.25796627447874 ], [ 127.51819021430488, 50.257679112715735 ], [ 127.517741056662814, 50.257679112715735 ], [ 127.517741056662814, 50.25796627447874 ] ] ] ] } },
{ "type": "Feature", "properties": { "fid": 70, "id": "272138", "Номера": [ 26.2, 26.5 ], "вес": 0.0883541226 }, "geometry": { "type": "MultiPolygon", "coordinates": [ [ [ [ 127.518521442712995, 50.25796627447874 ], [ 127.518639371946932, 50.25796627447874 ], [ 127.518639371946932, 50.257679112715735 ], [ 127.518453783757835, 50.257679112715735 ], [ 127.51819021430488, 50.257679112715735 ], [ 127.51819021430488, 50.25796627447874 ], [ 127.518521442712995, 50.25796627447874 ] ] ] ] } },
{ "type": "Feature", "properties": { "fid": 71, "id": "272139", "Номера": [ 26.2 ], "вес": 0.0436881607 }, "geometry": { "type": "MultiPolygon", "coordinates": [ [ [ [ 127.517741056662814, 50.25796627447874 ], [ 127.517741056662814, 50.258253434510792 ], [ 127.51819021430488, 50.258253434510792 ], [ 127.51819021430488, 50.25796627447874 ], [ 127.517741056662814, 50.25796627447874 ] ] ] ] } },
{ "type": "Feature", "properties": { "fid": 72, "id": "272140", "Номера": [ 26.2 ], "вес": 0.0436881607 }, "geometry": { "type": "MultiPolygon", "coordinates": [ [ [ [ 127.51819021430488, 50.258253434510792 ], [ 127.518639371946932, 50.258253434510792 ], [ 127.518639371946932, 50.25796627447874 ], [ 127.51819021430488, 50.25796627447874 ], [ 127.51819021430488, 50.258253434510792 ] ] ] ] } },
{ "type": "Feature", "properties": { "fid": 73, "id": "272141", "Номера": [ 26.2 ], "вес": 0.0436881607 }, "geometry": { "type": "MultiPolygon", "coordinates": [ [ [ [ 127.517741056662814, 50.257391949221741 ], [ 127.51819021430488, 50.257391949221741 ], [ 127.51819021430488, 50.257104783996773 ], [ 127.517741056662814, 50.257104783996773 ], [ 127.517741056662814, 50.257391949221741 ] ] ] ] } },
{ "type": "Feature", "properties": { "fid": 74, "id": "272142", "Номера": [ 26.2, 26.6, 26.5 ], "вес": 0.1339978858 }, "geometry": { "type": "MultiPolygon", "coordinates": [ [ [ [ 127.518233286546774, 50.257391949221741 ], [ 127.518386124802689, 50.257391949221741 ], [ 127.518639371946932, 50.257391949221741 ], [ 127.518639371946932, 50.257104783996773 ], [ 127.518318465847514, 50.257104783996773 ], [ 127.51819021430488, 50.257104783996773 ], [ 127.51819021430488, 50.257208363542915 ], [ 127.51819021430488, 50.257391949221741 ], [ 127.518233286546774, 50.257391949221741 ] ] ] ] } },
{ "type": "Feature", "properties": { "fid": 75, "id": "272143", "Номера": [ 26.2 ], "вес": 0.0436881607 }, "geometry": { "type": "MultiPolygon", "coordinates": [ [ [ [ 127.517741056662814, 50.257391949221741 ], [ 127.517741056662814, 50.257679112715735 ], [ 127.51819021430488, 50.257679112715735 ], [ 127.51819021430488, 50.257391949221741 ], [ 127.517741056662814, 50.257391949221741 ] ] ] ] } },
{ "type": "Feature", "properties": { "fid": 76, "id": "272144", "Номера": [ 26.2, 26.6, 26.5 ], "вес": 0.1339978858 }, "geometry": { "type": "MultiPolygon", "coordinates": [ [ [ [ 127.518386124802689, 50.257391949221741 ], [ 127.518233286546774, 50.257391949221741 ], [ 127.51819021430488, 50.257391949221741 ], [ 127.51819021430488, 50.257679112715735 ], [ 127.518453783757835, 50.257679112715735 ], [ 127.518639371946932, 50.257679112715735 ], [ 127.518639371946932, 50.25755589171375 ], [ 127.518639371946932, 50.257391949221741 ], [ 127.518386124802689, 50.257391949221741 ] ] ] ] } },
{ "type": "Feature", "properties": { "fid": 77, "id": "272145", "Номера": [ 26.6 ], "вес": 0.0456437632 }, "geometry": { "type": "MultiPolygon", "coordinates": [ [ [ [ 127.517741056662814, 50.256817617040838 ], [ 127.51819021430488, 50.256817617040838 ], [ 127.51819021430488, 50.256530448353921 ], [ 127.517741056662814, 50.256530448353921 ], [ 127.517741056662814, 50.256817617040838 ] ] ] ] } },
{ "type": "Feature", "properties": { "fid": 78, "id": "272146", "Номера": [ 26.6 ], "вес": 0.0456437632 }, "geometry": { "type": "MultiPolygon", "coordinates": [ [ [ [ 127.51819021430488, 50.256817617040838 ], [ 127.518639371946932, 50.256817617040838 ], [ 127.518639371946932, 50.256530448353921 ], [ 127.51819021430488, 50.256530448353921 ], [ 127.51819021430488, 50.256817617040838 ] ] ] ] } },
{ "type": "Feature", "properties": { "fid": 79, "id": "272147", "Номера": [ 26.2 ], "вес": 0.0436881607 }, "geometry": { "type": "MultiPolygon", "coordinates": [ [ [ [ 127.517741056662814, 50.256817617040838 ], [ 127.517741056662814, 50.257104783996773 ], [ 127.51819021430488, 50.257104783996773 ], [ 127.51819021430488, 50.256817617040838 ], [ 127.517741056662814, 50.256817617040838 ] ] ] ] } },
{ "type": "Feature", "properties": { "fid": 80, "id": "272148", "Номера": [ 26.2, 26.6, 26.5 ], "вес": 0.1339978858 }, "geometry": { "type": "MultiPolygon", "coordinates": [ [ [ [ 127.518318465847514, 50.257104783996773 ], [ 127.518639371946932, 50.257104783996773 ], [ 127.518639371946932, 50.256817617040838 ], [ 127.518634536047728, 50.256817617040838 ], [ 127.51819021430488, 50.256817617040838 ], [ 127.51819021430488, 50.257104783996773 ], [ 127.518318465847514, 50.257104783996773 ] ] ] ] } },
{ "type": "Feature", "properties": { "fid": 81, "id": "272151", "Номера": [ 26.6 ], "вес": 0.0447637421 }, "geometry": { "type": "MultiPolygon", "coordinates": [ [ [ [ 127.517741056662814, 50.256243277936022 ], [ 127.517741056662814, 50.256530448353921 ], [ 127.51819021430488, 50.256530448353921 ], [ 127.51819021430488, 50.256243277936022 ], [ 127.517741056662814, 50.256243277936022 ] ] ] ] } },
{ "type": "Feature", "properties": { "fid": 82, "id": "272152", "Номера": [ 26.6 ], "вес": 0.0447637421 }, "geometry": { "type": "MultiPolygon", "coordinates": [ [ [ [ 127.51819021430488, 50.256530448353921 ], [ 127.518639371946932, 50.256530448353921 ], [ 127.518639371946932, 50.256243277936022 ], [ 127.51819021430488, 50.256243277936022 ], [ 127.51819021430488, 50.256530448353921 ] ] ] ] } },
{ "type": "Feature", "properties": { "fid": 83, "id": "272489", "Номера": [ 26.2, 26.5 ], "вес": 0.0883541226 }, "geometry": { "type": "MultiPolygon", "coordinates": [ [ [ [ 127.518792078533608, 50.259114904221192 ], [ 127.519088529588984, 50.259114904221192 ], [ 127.519088529588984, 50.258827749382014 ], [ 127.518724419578461, 50.258827749382014 ], [ 127.518639371946932, 50.258827749382014 ], [ 127.518639371946932, 50.259114904221192 ], [ 127.518792078533608, 50.259114904221192 ] ] ] ] } },
{ "type": "Feature", "properties": { "fid": 84, "id": "272490", "Номера": [ 26.2, 26.5 ], "вес": 0.0883541226 }, "geometry": { "type": "MultiPolygon", "coordinates": [ [ [ [ 127.519537687231065, 50.259114904221192 ], [ 127.519537687231065, 50.258827749382014 ], [ 127.519088529588984, 50.258827749382014 ], [ 127.519088529588984, 50.259114904221192 ], [ 127.519537687231065, 50.259114904221192 ] ] ] ] } },
{ "type": "Feature", "properties": { "fid": 85, "id": "272491", "Номера": [ 26.2, 26.5 ], "вес": 0.0883541226 }, "geometry": { "type": "MultiPolygon", "coordinates": [ [ [ [ 127.518639371946932, 50.259342856294793 ], [ 127.518840909096269, 50.25932214743932 ], [ 127.518859737488768, 50.259402057329403 ], [ 127.519067580202517, 50.259402057329403 ], [ 127.519088529588984, 50.259399615369318 ], [ 127.519088529588984, 50.259296703299135 ], [ 127.519088529588984, 50.259114904221192 ], [ 127.518792078533608, 50.259114904221192 ], [ 127.518639371946932, 50.259114904221192 ], [ 127.518639371946932, 50.259342856294793 ] ] ] ] } },
{ "type": "Feature", "properties": { "fid": 86, "id": "272492", "Номера": [ 26.2, 26.5 ], "вес": 0.0883541226 }, "geometry": { "type": "MultiPolygon", "coordinates": [ [ [ [ 127.519537687231065, 50.259114904221192 ], [ 127.519088529588984, 50.259114904221192 ], [ 127.519088529588984, 50.259296703299135 ], [ 127.519088529588984, 50.259399615369318 ], [ 127.519537687231065, 50.259347259388967 ], [ 127.519537687231065, 50.259250550258756 ], [ 127.519537687231065, 50.259114904221192 ] ] ] ] } },
{ "type": "Feature", "properties": { "fid": 87, "id": "272493", "Номера": [ 26.2, 26.5 ], "вес": 0.0883541226 }, "geometry": { "type": "MultiPolygon", "coordinates": [ [ [ [ 127.518656760623301, 50.25854059281189 ], [ 127.519088529588984, 50.25854059281189 ], [ 127.519088529588984, 50.258253434510792 ], [ 127.518639371946932, 50.258253434510792 ], [ 127.518639371946932, 50.25846679191487 ], [ 127.518639371946932, 50.25854059281189 ], [ 127.518656760623301, 50.25854059281189 ] ] ] ] } },
{ "type": "Feature", "properties": { "fid": 88, "id": "272494", "Номера": [ 26.2, 26.5 ], "вес": 0.0883541226 }, "geometry": { "type": "MultiPolygon", "coordinates": [ [ [ [ 127.519537687231065, 50.25854059281189 ], [ 127.519537687231065, 50.258253434510792 ], [ 127.519088529588984, 50.258253434510792 ], [ 127.519088529588984, 50.25854059281189 ], [ 127.519537687231065, 50.25854059281189 ] ] ] ] } },
{ "type": "Feature", "properties": { "fid": 89, "id": "272495", "Номера": [ 26.2, 26.5 ], "вес": 0.0883541226 }, "geometry": { "type": "MultiPolygon", "coordinates": [ [ [ [ 127.518639371946932, 50.258827749382014 ], [ 127.518724419578461, 50.258827749382014 ], [ 127.519088529588984, 50.258827749382014 ], [ 127.519088529588984, 50.25854059281189 ], [ 127.518656760623301, 50.25854059281189 ], [ 127.518639371946932, 50.25854059281189 ], [ 127.518639371946932, 50.258827749382014 ] ] ] ] } },
{ "type": "Feature", "properties": { "fid": 90, "id": "272496", "Номера": [ 26.2, 26.5 ], "вес": 0.0883541226 }, "geometry": { "type": "MultiPolygon", "coordinates": [ [ [ [ 127.519537687231065, 50.258827749382014 ], [ 127.519537687231065, 50.25854059281189 ], [ 127.519088529588984, 50.25854059281189 ], [ 127.519088529588984, 50.258827749382014 ], [ 127.519537687231065, 50.258827749382014 ] ] ] ] } },
{ "type": "Feature", "properties": { "fid": 91, "id": "272497", "Номера": [ 26.2, 26.5 ], "вес": 0.0883541226 }, "geometry": { "type": "MultiPolygon", "coordinates": [ [ [ [ 127.519088529588984, 50.25796627447874 ], [ 127.519088529588984, 50.257679112715735 ], [ 127.518639371946932, 50.257679112715735 ], [ 127.518639371946932, 50.25796627447874 ], [ 127.519088529588984, 50.25796627447874 ] ] ] ] } },
{ "type": "Feature", "properties": { "fid": 92, "id": "272498", "Номера": [ 26.2, 26.5 ], "вес": 0.0883541226 }, "geometry": { "type": "MultiPolygon", "coordinates": [ [ [ [ 127.519537687231065, 50.25796627447874 ], [ 127.519537687231065, 50.257679112715735 ], [ 127.519088529588984, 50.257679112715735 ], [ 127.519088529588984, 50.25796627447874 ], [ 127.519537687231065, 50.25796627447874 ] ] ] ] } },
{ "type": "Feature", "properties": { "fid": 93, "id": "272499", "Номера": [ 26.2, 26.5 ], "вес": 0.0883541226 }, "geometry": { "type": "MultiPolygon", "coordinates": [ [ [ [ 127.518639371946932, 50.258253434510792 ], [ 127.519088529588984, 50.258253434510792 ], [ 127.519088529588984, 50.25796627447874 ], [ 127.518639371946932, 50.25796627447874 ], [ 127.518639371946932, 50.258253434510792 ] ] ] ] } },
{ "type": "Feature", "properties": { "fid": 94, "id": "272500", "Номера": [ 26.2, 26.5 ], "вес": 0.0883541226 }, "geometry": { "type": "MultiPolygon", "coordinates": [ [ [ [ 127.519537687231065, 50.258253434510792 ], [ 127.519537687231065, 50.25796627447874 ], [ 127.519088529588984, 50.25796627447874 ], [ 127.519088529588984, 50.258253434510792 ], [ 127.519537687231065, 50.258253434510792 ] ] ] ] } },
{ "type": "Feature", "properties": { "fid": 95, "id": "272501", "Номера": [ 26.2, 26.6, 26.5 ], "вес": 0.1339978858 }, "geometry": { "type": "MultiPolygon", "coordinates": [ [ [ [ 127.519088529588984, 50.257391949221741 ], [ 127.519088529588984, 50.257104783996773 ], [ 127.518639371946932, 50.257104783996773 ], [ 127.518639371946932, 50.257391949221741 ], [ 127.519088529588984, 50.257391949221741 ] ] ] ] } },
{ "type": "Feature", "properties": { "fid": 96, "id": "272502", "Номера": [ 26.2, 26.6, 26.5 ], "вес": 0.1339978858 }, "geometry": { "type": "MultiPolygon", "coordinates": [ [ [ [ 127.519260481924647, 50.257391949221741 ], [ 127.519537687231065, 50.257391949221741 ], [ 127.519537687231065, 50.257104783996773 ], [ 127.519250822620506, 50.257104783996773 ], [ 127.519088529588984, 50.257104783996773 ], [ 127.519088529588984, 50.257391949221741 ], [ 127.519260481924647, 50.257391949221741 ] ] ] ] } },
{ "type": "Feature", "properties": { "fid": 97, "id": "272503", "Номера": [ 26.2, 26.6, 26.5 ], "вес": 0.1339978858 }, "geometry": { "type": "MultiPolygon", "coordinates": [ [ [ [ 127.518639371946932, 50.25755589171375 ], [ 127.518639371946932, 50.257679112715735 ], [ 127.519088529588984, 50.257679112715735 ], [ 127.519088529588984, 50.257501151180755 ], [ 127.519088529588984, 50.257391949221741 ], [ 127.518639371946932, 50.257391949221741 ], [ 127.518639371946932, 50.25755589171375 ] ] ] ] } },
{ "type": "Feature", "properties": { "fid": 98, "id": "272504", "Номера": [ 26.2, 26.5 ], "вес": 0.0883541226 }, "geometry": { "type": "MultiPolygon", "coordinates": [ [ [ [ 127.519537687231065, 50.257679112715735 ], [ 127.519537687231065, 50.257391949221741 ], [ 127.519088529588984, 50.257391949221741 ], [ 127.519088529588984, 50.257679112715735 ], [ 127.519537687231065, 50.257679112715735 ] ] ] ] } },
{ "type": "Feature", "properties": { "fid": 99, "id": "272505", "Номера": [ 26.2, 26.6 ], "вес": 0.0893319239 }, "geometry": { "type": "MultiPolygon", "coordinates": [ [ [ [ 127.519088529588984, 50.256817617040838 ], [ 127.519088529588984, 50.256698209059557 ], [ 127.519088529588984, 50.256530448353921 ], [ 127.518639371946932, 50.256530448353921 ], [ 127.518639371946932, 50.256725508437746 ], [ 127.518639371946932, 50.256817617040838 ], [ 127.519088529588984, 50.256817617040838 ] ] ] ] } },
{ "type": "Feature", "properties": { "fid": 100, "id": "272506", "Номера": [ 26.2, 26.6 ], "вес": 0.0893319239 }, "geometry": { "type": "MultiPolygon", "coordinates": [ [ [ [ 127.51924116331638, 50.256817617040838 ], [ 127.519537687231065, 50.256817617040838 ], [ 127.519537687231065, 50.256777762872261 ], [ 127.519537687231065, 50.256670909665743 ], [ 127.519537687231065, 50.256530448353921 ], [ 127.519088529588984, 50.256530448353921 ], [ 127.519088529588984, 50.256698209059557 ], [ 127.519088529588984, 50.256817617040838 ], [ 127.51924116331638, 50.256817617040838 ] ] ] ] } },
{ "type": "Feature", "properties": { "fid": 101, "id": "272507", "Номера": [ 26.2, 26.6, 26.5 ], "вес": 0.1339978858 }, "geometry": { "type": "MultiPolygon", "coordinates": [ [ [ [ 127.518639371946932, 50.257104783996773 ], [ 127.519088529588984, 50.257104783996773 ], [ 127.519088529588984, 50.256817617040838 ], [ 127.518639371946932, 50.256817617040838 ], [ 127.518639371946932, 50.257104783996773 ] ] ] ] } },
{ "type": "Feature", "properties": { "fid": 102, "id": "272508", "Номера": [ 26.2, 26.6, 26.5 ], "вес": 0.1339978858 }, "geometry": { "type": "MultiPolygon", "coordinates": [ [ [ [ 127.519250822620506, 50.257104783996773 ], [ 127.519537687231065, 50.257104783996773 ], [ 127.519537687231065, 50.256817617040838 ], [ 127.51924116331638, 50.256817617040838 ], [ 127.519088529588984, 50.256817617040838 ], [ 127.519088529588984, 50.257104783996773 ], [ 127.519250822620506, 50.257104783996773 ] ] ] ] } },
{ "type": "Feature", "properties": { "fid": 103, "id": "272510", "Номера": [ 26.6 ], "вес": 0.0447637421 }, "geometry": { "type": "MultiPolygon", "coordinates": [ [ [ [ 127.519088529588984, 50.256243277936022 ], [ 127.519537687231065, 50.256243277936022 ], [ 127.519537687231065, 50.256091949602137 ], [ 127.519088529588984, 50.25613007696878 ], [ 127.519088529588984, 50.256243277936022 ] ] ] ] } },
{ "type": "Feature", "properties": { "fid": 104, "id": "272511", "Номера": [ 26.6 ], "вес": 0.0447637421 }, "geometry": { "type": "MultiPolygon", "coordinates": [ [ [ [ 127.518639371946932, 50.256243277936022 ], [ 127.518639371946932, 50.256530448353921 ], [ 127.519088529588984, 50.256530448353921 ], [ 127.519088529588984, 50.256243277936022 ], [ 127.518639371946932, 50.256243277936022 ] ] ] ] } },
{ "type": "Feature", "properties": { "fid": 105, "id": "272512", "Номера": [ 26.6 ], "вес": 0.0447637421 }, "geometry": { "type": "MultiPolygon", "coordinates": [ [ [ [ 127.519088529588984, 50.256530448353921 ], [ 127.519537687231065, 50.256530448353921 ], [ 127.519537687231065, 50.256243277936022 ], [ 127.519088529588984, 50.256243277936022 ], [ 127.519088529588984, 50.256530448353921 ] ] ] ] } },
{ "type": "Feature", "properties": { "fid": 106, "id": "272869", "Номера": [ 26.2, 26.5 ], "вес": 0.0883541226 }, "geometry": { "type": "MultiPolygon", "coordinates": [ [ [ [ 127.519986844873102, 50.259114904221192 ], [ 127.519986844873102, 50.258827749382014 ], [ 127.519537687231065, 50.258827749382014 ], [ 127.519537687231065, 50.259114904221192 ], [ 127.519986844873102, 50.259114904221192 ] ] ] ] } },
{ "type": "Feature", "properties": { "fid": 107, "id": "272870", "Номера": [ 26.2, 26.5 ], "вес": 0.0883541226 }, "geometry": { "type": "MultiPolygon", "coordinates": [ [ [ [ 127.520436002515183, 50.259114904221192 ], [ 127.520436002515183, 50.258827749382014 ], [ 127.519986844873102, 50.258827749382014 ], [ 127.519986844873102, 50.259114904221192 ], [ 127.520436002515183, 50.259114904221192 ] ] ] ] } },
{ "type": "Feature", "properties": { "fid": 108, "id": "272871", "Номера": [ 26.2, 26.5 ], "вес": 0.0883541226 }, "geometry": { "type": "MultiPolygon", "coordinates": [ [ [ [ 127.519537687231065, 50.259250550258756 ], [ 127.519537687231065, 50.259347259388967 ], [ 127.519986844873102, 50.259294903351091 ], [ 127.519986844873102, 50.259204397173662 ], [ 127.519986844873102, 50.259114904221192 ], [ 127.519537687231065, 50.259114904221192 ], [ 127.519537687231065, 50.259250550258756 ] ] ] ] } },
{ "type": "Feature", "properties": { "fid": 109, "id": "272872", "Номера": [ 26.5 ], "вес": 0.0446659619 }, "geometry": { "type": "MultiPolygon", "coordinates": [ [ [ [ 127.519986844873102, 50.259294903351091 ], [ 127.520436002515183, 50.259242547255653 ], [ 127.520436002515183, 50.259114904221192 ], [ 127.519986844873102, 50.259114904221192 ], [ 127.519986844873102, 50.259294903351091 ] ] ] ] } },
{ "type": "Feature", "properties": { "fid": 110, "id": "272873", "Номера": [ 26.2, 26.5 ], "вес": 0.0883541226 }, "geometry": { "type": "MultiPolygon", "coordinates": [ [ [ [ 127.519986844873102, 50.25854059281189 ], [ 127.519986844873102, 50.258253434510792 ], [ 127.519537687231065, 50.258253434510792 ], [ 127.519537687231065, 50.25854059281189 ], [ 127.519986844873102, 50.25854059281189 ] ] ] ] } },
{ "type": "Feature", "properties": { "fid": 111, "id": "272874", "Номера": [ 26.2, 26.5 ], "вес": 0.0883541226 }, "geometry": { "type": "MultiPolygon", "coordinates": [ [ [ [ 127.520436002515183, 50.25854059281189 ], [ 127.520436002515183, 50.258253434510792 ], [ 127.519986844873102, 50.258253434510792 ], [ 127.519986844873102, 50.25854059281189 ], [ 127.520436002515183, 50.25854059281189 ] ] ] ] } },
{ "type": "Feature", "properties": { "fid": 112, "id": "272875", "Номера": [ 26.2, 26.5 ], "вес": 0.0883541226 }, "geometry": { "type": "MultiPolygon", "coordinates": [ [ [ [ 127.519537687231065, 50.258827749382014 ], [ 127.519986844873102, 50.258827749382014 ], [ 127.519986844873102, 50.25854059281189 ], [ 127.519537687231065, 50.25854059281189 ], [ 127.519537687231065, 50.258827749382014 ] ] ] ] } },
{ "type": "Feature", "properties": { "fid": 113, "id": "272876", "Номера": [ 26.2, 26.5 ], "вес": 0.0883541226 }, "geometry": { "type": "MultiPolygon", "coordinates": [ [ [ [ 127.520436002515183, 50.258827749382014 ], [ 127.520436002515183, 50.25854059281189 ], [ 127.519986844873102, 50.25854059281189 ], [ 127.519986844873102, 50.258827749382014 ], [ 127.520436002515183, 50.258827749382014 ] ] ] ] } },
{ "type": "Feature", "properties": { "fid": 114, "id": "272877", "Номера": [ 26.2, 26.5 ], "вес": 0.0883541226 }, "geometry": { "type": "MultiPolygon", "coordinates": [ [ [ [ 127.519986844873102, 50.25796627447874 ], [ 127.519986844873102, 50.257679112715735 ], [ 127.519537687231065, 50.257679112715735 ], [ 127.519537687231065, 50.25796627447874 ], [ 127.519986844873102, 50.25796627447874 ] ] ] ] } },
{ "type": "Feature", "properties": { "fid": 115, "id": "272878", "Номера": [ 26.2, 26.5 ], "вес": 0.0883541226 }, "geometry": { "type": "MultiPolygon", "coordinates": [ [ [ [ 127.520436002515183, 50.25796627447874 ], [ 127.520436002515183, 50.257679112715735 ], [ 127.519986844873102, 50.257679112715735 ], [ 127.519986844873102, 50.25796627447874 ], [ 127.520436002515183, 50.25796627447874 ] ] ] ] } },
{ "type": "Feature", "properties": { "fid": 116, "id": "272879", "Номера": [ 26.2, 26.5 ], "вес": 0.0883541226 }, "geometry": { "type": "MultiPolygon", "coordinates": [ [ [ [ 127.519537687231065, 50.258253434510792 ], [ 127.519986844873102, 50.258253434510792 ], [ 127.519986844873102, 50.25796627447874 ], [ 127.519537687231065, 50.25796627447874 ], [ 127.519537687231065, 50.258253434510792 ] ] ] ] } },
{ "type": "Feature", "properties": { "fid": 117, "id": "272880", "Номера": [ 26.2, 26.5 ], "вес": 0.0883541226 }, "geometry": { "type": "MultiPolygon", "coordinates": [ [ [ [ 127.520436002515183, 50.258253434510792 ], [ 127.520436002515183, 50.25796627447874 ], [ 127.519986844873102, 50.25796627447874 ], [ 127.519986844873102, 50.258253434510792 ], [ 127.520436002515183, 50.258253434510792 ] ] ] ] } },
{ "type": "Feature", "properties": { "fid": 118, "id": "272881", "Номера": [ 26.2, 26.5 ], "вес": 0.0883541226 }, "geometry": { "type": "MultiPolygon", "coordinates": [ [ [ [ 127.519986844873102, 50.257391949221741 ], [ 127.519986844873102, 50.257104783996773 ], [ 127.519537687231065, 50.257104783996773 ], [ 127.519537687231065, 50.257391949221741 ], [ 127.519986844873102, 50.257391949221741 ] ] ] ] } },
{ "type": "Feature", "properties": { "fid": 119, "id": "272882", "Номера": [ 26.2, 26.5 ], "вес": 0.0883541226 }, "geometry": { "type": "MultiPolygon", "coordinates": [ [ [ [ 127.520436002515183, 50.257391949221741 ], [ 127.520436002515183, 50.257104783996773 ], [ 127.519986844873102, 50.257104783996773 ], [ 127.519986844873102, 50.257391949221741 ], [ 127.520436002515183, 50.257391949221741 ] ] ] ] } },
{ "type": "Feature", "properties": { "fid": 120, "id": "272883", "Номера": [ 26.2, 26.5 ], "вес": 0.0883541226 }, "geometry": { "type": "MultiPolygon", "coordinates": [ [ [ [ 127.519537687231065, 50.257679112715735 ], [ 127.519986844873102, 50.257679112715735 ], [ 127.519986844873102, 50.257391949221741 ], [ 127.519537687231065, 50.257391949221741 ], [ 127.519537687231065, 50.257679112715735 ] ] ] ] } },
{ "type": "Feature", "properties": { "fid": 121, "id": "272884", "Номера": [ 26.2, 26.5 ], "вес": 0.0883541226 }, "geometry": { "type": "MultiPolygon", "coordinates": [ [ [ [ 127.520436002515183, 50.257679112715735 ], [ 127.520436002515183, 50.257391949221741 ], [ 127.519986844873102, 50.257391949221741 ], [ 127.519986844873102, 50.257679112715735 ], [ 127.520436002515183, 50.257679112715735 ] ] ] ] } },
{ "type": "Feature", "properties": { "fid": 122, "id": "272885", "Номера": [ 26.2, 26.6 ], "вес": 0.0893319239 }, "geometry": { "type": "MultiPolygon", "coordinates": [ [ [ [ 127.519986844873102, 50.256643610256276 ], [ 127.519986844873102, 50.256530448353921 ], [ 127.519537687231065, 50.256530448353921 ], [ 127.519537687231065, 50.256670909665743 ], [ 127.519537687231065, 50.256777762872261 ], [ 127.519537687231065, 50.256817617040838 ], [ 127.519986844873102, 50.256817617040838 ], [ 127.519986844873102, 50.25676004555924 ], [ 127.519986844873102, 50.256643610256276 ] ] ] ] } },
{ "type": "Feature", "properties": { "fid": 123, "id": "272886", "Номера": [ 26.2, 26.6 ], "вес": 0.0893319239 }, "geometry": { "type": "MultiPolygon", "coordinates": [ [ [ [ 127.520436002515183, 50.256616310831163 ], [ 127.520436002515183, 50.256530448353921 ], [ 127.519986844873102, 50.256530448353921 ], [ 127.519986844873102, 50.256643610256276 ], [ 127.519986844873102, 50.25676004555924 ], [ 127.519986844873102, 50.256817617040838 ], [ 127.520436002515183, 50.256817617040838 ], [ 127.520436002515183, 50.256742328239653 ], [ 127.520436002515183, 50.256616310831163 ] ] ] ] } },
{ "type": "Feature", "properties": { "fid": 124, "id": "272887", "Номера": [ 26.2, 26.5 ], "вес": 0.0883541226 }, "geometry": { "type": "MultiPolygon", "coordinates": [ [ [ [ 127.519537687231065, 50.257104783996773 ], [ 127.519986844873102, 50.257104783996773 ], [ 127.519986844873102, 50.256817617040838 ], [ 127.519537687231065, 50.256817617040838 ], [ 127.519537687231065, 50.257104783996773 ] ] ] ] } },
{ "type": "Feature", "properties": { "fid": 125, "id": "272888", "Номера": [ 26.2, 26.5 ], "вес": 0.0883541226 }, "geometry": { "type": "MultiPolygon", "coordinates": [ [ [ [ 127.520436002515183, 50.257104783996773 ], [ 127.520436002515183, 50.256817617040838 ], [ 127.519986844873102, 50.256817617040838 ], [ 127.519986844873102, 50.257104783996773 ], [ 127.520436002515183, 50.257104783996773 ] ] ] ] } },
{ "type": "Feature", "properties": { "fid": 126, "id": "272889", "Номера": [ 26.6 ], "вес": 0.0447637421 }, "geometry": { "type": "MultiPolygon", "coordinates": [ [ [ [ 127.519537687231065, 50.256243277936022 ], [ 127.519986844873102, 50.256243277936022 ], [ 127.519986844873102, 50.256053822204983 ], [ 127.519537687231065, 50.256091949602137 ], [ 127.519537687231065, 50.256243277936022 ] ] ] ] } },
{ "type": "Feature", "properties": { "fid": 127, "id": "272890", "Номера": [ 26.6 ], "вес": 0.0447637421 }, "geometry": { "type": "MultiPolygon", "coordinates": [ [ [ [ 127.519986844873102, 50.256243277936022 ], [ 127.520436002515183, 50.256243277936022 ], [ 127.520436002515183, 50.256015694777318 ], [ 127.519986844873102, 50.256053822204983 ], [ 127.519986844873102, 50.256243277936022 ] ] ] ] } },
{ "type": "Feature", "properties": { "fid": 128, "id": "272891", "Номера": [ 26.6 ], "вес": 0.0447637421 }, "geometry": { "type": "MultiPolygon", "coordinates": [ [ [ [ 127.519537687231065, 50.256243277936022 ], [ 127.519537687231065, 50.256530448353921 ], [ 127.519986844873102, 50.256530448353921 ], [ 127.519986844873102, 50.256243277936022 ], [ 127.519537687231065, 50.256243277936022 ] ] ] ] } },
{ "type": "Feature", "properties": { "fid": 129, "id": "272892", "Номера": [ 26.6 ], "вес": 0.0447637421 }, "geometry": { "type": "MultiPolygon", "coordinates": [ [ [ [ 127.519986844873102, 50.256530448353921 ], [ 127.520436002515183, 50.256530448353921 ], [ 127.520436002515183, 50.256243277936022 ], [ 127.519986844873102, 50.256243277936022 ], [ 127.519986844873102, 50.256530448353921 ] ] ] ] } },
{ "type": "Feature", "properties": { "fid": 130, "id": "273257", "Номера": [ 26.2, 26.5 ], "вес": 0.0883541226 }, "geometry": { "type": "MultiPolygon", "coordinates": [ [ [ [ 127.520857780937348, 50.259114904221192 ], [ 127.520885160157235, 50.259114904221192 ], [ 127.520885160157235, 50.259112090869323 ], [ 127.520885160157235, 50.258827749382014 ], [ 127.520436002515183, 50.258827749382014 ], [ 127.520436002515183, 50.259114904221192 ], [ 127.520857780937348, 50.259114904221192 ] ] ] ] } },
{ "type": "Feature", "properties": { "fid": 131, "id": "273258", "Номера": [ 26.2, 26.5 ], "вес": 0.0883541226 }, "geometry": { "type": "MultiPolygon", "coordinates": [ [ [ [ 127.521334317799287, 50.258827749382014 ], [ 127.520885160157235, 50.258827749382014 ], [ 127.520885160157235, 50.259112090869323 ], [ 127.520885160157235, 50.259114904221192 ], [ 127.521334317799287, 50.259114904221192 ], [ 127.521334317799287, 50.259065937650078 ], [ 127.521334317799287, 50.258827749382014 ] ] ] ] } },
{ "type": "Feature", "properties": { "fid": 132, "id": "273259", "Номера": [ 26.5 ], "вес": 0.0446659619 }, "geometry": { "type": "MultiPolygon", "coordinates": [ [ [ [ 127.520436002515183, 50.259114904221192 ], [ 127.520436002515183, 50.259242547255653 ], [ 127.520885160157235, 50.259190191102697 ], [ 127.520885160157235, 50.259114904221192 ], [ 127.520436002515183, 50.259114904221192 ] ] ] ] } },
{ "type": "Feature", "properties": { "fid": 133, "id": "273261", "Номера": [ 26.2, 26.5 ], "вес": 0.0883541226 }, "geometry": { "type": "MultiPolygon", "coordinates": [ [ [ [ 127.520885160157235, 50.25854059281189 ], [ 127.520885160157235, 50.258253434510792 ], [ 127.520436002515183, 50.258253434510792 ], [ 127.520436002515183, 50.25854059281189 ], [ 127.520885160157235, 50.25854059281189 ] ] ] ] } },
{ "type": "Feature", "properties": { "fid": 134, "id": "273262", "Номера": [ 26.2, 26.5 ], "вес": 0.0883541226 }, "geometry": { "type": "MultiPolygon", "coordinates": [ [ [ [ 127.521334317799287, 50.25854059281189 ], [ 127.521334317799287, 50.258253434510792 ], [ 127.520885160157235, 50.258253434510792 ], [ 127.520885160157235, 50.25854059281189 ], [ 127.521334317799287, 50.25854059281189 ] ] ] ] } },
{ "type": "Feature", "properties": { "fid": 135, "id": "273263", "Номера": [ 26.2, 26.5 ], "вес": 0.0883541226 }, "geometry": { "type": "MultiPolygon", "coordinates": [ [ [ [ 127.520436002515183, 50.258827749382014 ], [ 127.520885160157235, 50.258827749382014 ], [ 127.520885160157235, 50.25854059281189 ], [ 127.520436002515183, 50.25854059281189 ], [ 127.520436002515183, 50.258827749382014 ] ] ] ] } },
{ "type": "Feature", "properties": { "fid": 136, "id": "273264", "Номера": [ 26.2, 26.5 ], "вес": 0.0883541226 }, "geometry": { "type": "MultiPolygon", "coordinates": [ [ [ [ 127.521334317799287, 50.258827749382014 ], [ 127.521334317799287, 50.25854059281189 ], [ 127.520885160157235, 50.25854059281189 ], [ 127.520885160157235, 50.258827749382014 ], [ 127.521334317799287, 50.258827749382014 ] ] ] ] } },
{ "type": "Feature", "properties": { "fid": 137, "id": "273265", "Номера": [ 26.2, 26.5 ], "вес": 0.0883541226 }, "geometry": { "type": "MultiPolygon", "coordinates": [ [ [ [ 127.520885160157235, 50.25796627447874 ], [ 127.520885160157235, 50.257679112715735 ], [ 127.520436002515183, 50.257679112715735 ], [ 127.520436002515183, 50.25796627447874 ], [ 127.520885160157235, 50.25796627447874 ] ] ] ] } },
{ "type": "Feature", "properties": { "fid": 138, "id": "273266", "Номера": [ 26.2, 26.5 ], "вес": 0.0883541226 }, "geometry": { "type": "MultiPolygon", "coordinates": [ [ [ [ 127.521334317799287, 50.25796627447874 ], [ 127.521334317799287, 50.257679112715735 ], [ 127.520885160157235, 50.257679112715735 ], [ 127.520885160157235, 50.25796627447874 ], [ 127.521334317799287, 50.25796627447874 ] ] ] ] } },
{ "type": "Feature", "properties": { "fid": 139, "id": "273267", "Номера": [ 26.2, 26.5 ], "вес": 0.0883541226 }, "geometry": { "type": "MultiPolygon", "coordinates": [ [ [ [ 127.520436002515183, 50.258253434510792 ], [ 127.520885160157235, 50.258253434510792 ], [ 127.520885160157235, 50.25796627447874 ], [ 127.520436002515183, 50.25796627447874 ], [ 127.520436002515183, 50.258253434510792 ] ] ] ] } },
{ "type": "Feature", "properties": { "fid": 140, "id": "273268", "Номера": [ 26.2, 26.5 ], "вес": 0.0883541226 }, "geometry": { "type": "MultiPolygon", "coordinates": [ [ [ [ 127.521334317799287, 50.258253434510792 ], [ 127.521334317799287, 50.25796627447874 ], [ 127.520885160157235, 50.25796627447874 ], [ 127.520885160157235, 50.258253434510792 ], [ 127.521334317799287, 50.258253434510792 ] ] ] ] } },
{ "type": "Feature", "properties": { "fid": 141, "id": "273269", "Номера": [ 26.2, 26.5 ], "вес": 0.0883541226 }, "geometry": { "type": "MultiPolygon", "coordinates": [ [ [ [ 127.520885160157235, 50.257391949221741 ], [ 127.520885160157235, 50.257104783996773 ], [ 127.520436002515183, 50.257104783996773 ], [ 127.520436002515183, 50.257391949221741 ], [ 127.520885160157235, 50.257391949221741 ] ] ] ] } },
{ "type": "Feature", "properties": { "fid": 142, "id": "273270", "Номера": [ 26.2, 26.5 ], "вес": 0.0883541226 }, "geometry": { "type": "MultiPolygon", "coordinates": [ [ [ [ 127.521334317799287, 50.257391949221741 ], [ 127.521334317799287, 50.257104783996773 ], [ 127.520885160157235, 50.257104783996773 ], [ 127.520885160157235, 50.257391949221741 ], [ 127.521334317799287, 50.257391949221741 ] ] ] ] } },
{ "type": "Feature", "properties": { "fid": 143, "id": "273271", "Номера": [ 26.2, 26.5 ], "вес": 0.0883541226 }, "geometry": { "type": "MultiPolygon", "coordinates": [ [ [ [ 127.520436002515183, 50.257679112715735 ], [ 127.520885160157235, 50.257679112715735 ], [ 127.520885160157235, 50.257391949221741 ], [ 127.520436002515183, 50.257391949221741 ], [ 127.520436002515183, 50.257679112715735 ] ] ] ] } },
{ "type": "Feature", "properties": { "fid": 144, "id": "273272", "Номера": [ 26.2, 26.5 ], "вес": 0.0883541226 }, "geometry": { "type": "MultiPolygon", "coordinates": [ [ [ [ 127.521334317799287, 50.257679112715735 ], [ 127.521334317799287, 50.257391949221741 ], [ 127.520885160157235, 50.257391949221741 ], [ 127.520885160157235, 50.257679112715735 ], [ 127.521334317799287, 50.257679112715735 ] ] ] ] } },
{ "type": "Feature", "properties": { "fid": 145, "id": "273273", "Номера": [ 26.2, 26.6, 26.5 ], "вес": 0.1339978858 }, "geometry": { "type": "MultiPolygon", "coordinates": [ [ [ [ 127.520885160157235, 50.256688054189084 ], [ 127.520885160157235, 50.256589011390417 ], [ 127.520885160157235, 50.256530448353921 ], [ 127.520436002515183, 50.256530448353921 ], [ 127.520436002515183, 50.256616310831163 ], [ 127.520436002515183, 50.256713911109422 ], [ 127.520436002515183, 50.256742328239653 ], [ 127.520436002515183, 50.256817617040838 ], [ 127.520885160157235, 50.256817617040838 ], [ 127.520885160157235, 50.256724610913452 ], [ 127.520885160157235, 50.256688054189084 ] ] ] ] } },
{ "type": "Feature", "properties": { "fid": 146, "id": "273274", "Номера": [ 26.2, 26.6, 26.5 ], "вес": 0.1339978858 }, "geometry": { "type": "MultiPolygon", "coordinates": [ [ [ [ 127.521334317799287, 50.256662197254691 ], [ 127.521334317799287, 50.256561711934026 ], [ 127.521334317799287, 50.256530448353921 ], [ 127.520885160157235, 50.256530448353921 ], [ 127.520885160157235, 50.256589011390417 ], [ 127.520885160157235, 50.256688054189084 ], [ 127.520885160157235, 50.256724610913452 ], [ 127.520885160157235, 50.256817617040838 ], [ 127.521334317799287, 50.256817617040838 ], [ 127.521334317799287, 50.256706893580677 ], [ 127.521334317799287, 50.256662197254691 ] ] ] ] } },
{ "type": "Feature", "properties": { "fid": 147, "id": "273275", "Номера": [ 26.2, 26.5 ], "вес": 0.0883541226 }, "geometry": { "type": "MultiPolygon", "coordinates": [ [ [ [ 127.520436002515183, 50.257104783996773 ], [ 127.520885160157235, 50.257104783996773 ], [ 127.520885160157235, 50.256817617040838 ], [ 127.520436002515183, 50.256817617040838 ], [ 127.520436002515183, 50.257104783996773 ] ] ] ] } },
{ "type": "Feature", "properties": { "fid": 148, "id": "273276", "Номера": [ 26.2, 26.5 ], "вес": 0.0883541226 }, "geometry": { "type": "MultiPolygon", "coordinates": [ [ [ [ 127.521334317799287, 50.257104783996773 ], [ 127.521334317799287, 50.256817617040838 ], [ 127.520885160157235, 50.256817617040838 ], [ 127.520885160157235, 50.257104783996773 ], [ 127.521334317799287, 50.257104783996773 ] ] ] ] } },
{ "type": "Feature", "properties": { "fid": 149, "id": "273277", "Номера": [ 26.6 ], "вес": 0.0447637421 }, "geometry": { "type": "MultiPolygon", "coordinates": [ [ [ [ 127.520436002515183, 50.256243277936022 ], [ 127.520885160157235, 50.256243277936022 ], [ 127.520885160157235, 50.255977567319128 ], [ 127.520436002515183, 50.256015694777318 ], [ 127.520436002515183, 50.256243277936022 ] ] ] ] } },
{ "type": "Feature", "properties": { "fid": 150, "id": "273278", "Номера": [ 26.6 ], "вес": 0.0447637421 }, "geometry": { "type": "MultiPolygon", "coordinates": [ [ [ [ 127.520885160157235, 50.256243277936022 ], [ 127.521334317799287, 50.256243277936022 ], [ 127.521334317799287, 50.255956105787142 ], [ 127.521137985956202, 50.255956105787142 ], [ 127.520885160157235, 50.255977567319128 ], [ 127.520885160157235, 50.256243277936022 ] ] ] ] } },
{ "type": "Feature", "properties": { "fid": 151, "id": "273279", "Номера": [ 26.6 ], "вес": 0.0447637421 }, "geometry": { "type": "MultiPolygon", "coordinates": [ [ [ [ 127.520436002515183, 50.256243277936022 ], [ 127.520436002515183, 50.256530448353921 ], [ 127.520885160157235, 50.256530448353921 ], [ 127.520885160157235, 50.256243277936022 ], [ 127.520436002515183, 50.256243277936022 ] ] ] ] } },
{ "type": "Feature", "properties": { "fid": 152, "id": "273280", "Номера": [ 26.6 ], "вес": 0.0447637421 }, "geometry": { "type": "MultiPolygon", "coordinates": [ [ [ [ 127.520885160157235, 50.256530448353921 ], [ 127.521334317799287, 50.256530448353921 ], [ 127.521334317799287, 50.256243277936022 ], [ 127.520885160157235, 50.256243277936022 ], [ 127.520885160157235, 50.256530448353921 ] ] ] ] } },
{ "type": "Feature", "properties": { "fid": 153, "id": "273645", "Номера": [ 26.2, 26.5 ], "вес": 0.0883541226 }, "geometry": { "type": "MultiPolygon", "coordinates": [ [ [ [ 127.521783475441353, 50.258827749382014 ], [ 127.521334317799287, 50.258827749382014 ], [ 127.521334317799287, 50.259065937650078 ], [ 127.521334317799287, 50.259114904221192 ], [ 127.521531037116262, 50.259114904221192 ], [ 127.521783475441353, 50.259085478624115 ], [ 127.521783475441353, 50.259019784386126 ], [ 127.521783475441353, 50.258827749382014 ] ] ] ] } },
{ "type": "Feature", "properties": { "fid": 154, "id": "273646", "Номера": [ 26.2, 26.5 ], "вес": 0.0883541226 }, "geometry": { "type": "MultiPolygon", "coordinates": [ [ [ [ 127.522232633083405, 50.258827749382014 ], [ 127.521783475441353, 50.258827749382014 ], [ 127.521783475441353, 50.259019784386126 ], [ 127.521783475441353, 50.259085478624115 ], [ 127.522232633083405, 50.259033122298511 ], [ 127.522232633083405, 50.258973631077446 ], [ 127.522232633083405, 50.258827749382014 ] ] ] ] } },
{ "type": "Feature", "properties": { "fid": 155, "id": "273649", "Номера": [ 26.2, 26.5 ], "вес": 0.0883541226 }, "geometry": { "type": "MultiPolygon", "coordinates": [ [ [ [ 127.521783475441353, 50.25854059281189 ], [ 127.521783475441353, 50.258253434510792 ], [ 127.521334317799287, 50.258253434510792 ], [ 127.521334317799287, 50.25854059281189 ], [ 127.521783475441353, 50.25854059281189 ] ] ] ] } },
{ "type": "Feature", "properties": { "fid": 156, "id": "273650", "Номера": [ 26.2, 26.5 ], "вес": 0.0883541226 }, "geometry": { "type": "MultiPolygon", "coordinates": [ [ [ [ 127.522232633083405, 50.25854059281189 ], [ 127.522232633083405, 50.258253434510792 ], [ 127.521783475441353, 50.258253434510792 ], [ 127.521783475441353, 50.25854059281189 ], [ 127.522232633083405, 50.25854059281189 ] ] ] ] } },
{ "type": "Feature", "properties": { "fid": 157, "id": "273651", "Номера": [ 26.2, 26.5 ], "вес": 0.0883541226 }, "geometry": { "type": "MultiPolygon", "coordinates": [ [ [ [ 127.521334317799287, 50.258827749382014 ], [ 127.521783475441353, 50.258827749382014 ], [ 127.521783475441353, 50.25854059281189 ], [ 127.521334317799287, 50.25854059281189 ], [ 127.521334317799287, 50.258827749382014 ] ] ] ] } },
{ "type": "Feature", "properties": { "fid": 158, "id": "273652", "Номера": [ 26.2, 26.5 ], "вес": 0.0883541226 }, "geometry": { "type": "MultiPolygon", "coordinates": [ [ [ [ 127.522232633083405, 50.258827749382014 ], [ 127.522232633083405, 50.25854059281189 ], [ 127.521783475441353, 50.25854059281189 ], [ 127.521783475441353, 50.258827749382014 ], [ 127.522232633083405, 50.258827749382014 ] ] ] ] } },
{ "type": "Feature", "properties": { "fid": 159, "id": "273653", "Номера": [ 26.2, 26.5 ], "вес": 0.0883541226 }, "geometry": { "type": "MultiPolygon", "coordinates": [ [ [ [ 127.521783475441353, 50.25796627447874 ], [ 127.521783475441353, 50.257679112715735 ], [ 127.521334317799287, 50.257679112715735 ], [ 127.521334317799287, 50.25796627447874 ], [ 127.521783475441353, 50.25796627447874 ] ] ] ] } },
{ "type": "Feature", "properties": { "fid": 160, "id": "273654", "Номера": [ 26.2, 26.5 ], "вес": 0.0883541226 }, "geometry": { "type": "MultiPolygon", "coordinates": [ [ [ [ 127.522232633083405, 50.25796627447874 ], [ 127.522232633083405, 50.257679112715735 ], [ 127.521783475441353, 50.257679112715735 ], [ 127.521783475441353, 50.25796627447874 ], [ 127.522232633083405, 50.25796627447874 ] ] ] ] } },
{ "type": "Feature", "properties": { "fid": 161, "id": "273655", "Номера": [ 26.2, 26.5 ], "вес": 0.0883541226 }, "geometry": { "type": "MultiPolygon", "coordinates": [ [ [ [ 127.521334317799287, 50.258253434510792 ], [ 127.521783475441353, 50.258253434510792 ], [ 127.521783475441353, 50.25796627447874 ], [ 127.521334317799287, 50.25796627447874 ], [ 127.521334317799287, 50.258253434510792 ] ] ] ] } },
{ "type": "Feature", "properties": { "fid": 162, "id": "273656", "Номера": [ 26.2, 26.5 ], "вес": 0.0883541226 }, "geometry": { "type": "MultiPolygon", "coordinates": [ [ [ [ 127.522232633083405, 50.258253434510792 ], [ 127.522232633083405, 50.25796627447874 ], [ 127.521783475441353, 50.25796627447874 ], [ 127.521783475441353, 50.258253434510792 ], [ 127.522232633083405, 50.258253434510792 ] ] ] ] } },
{ "type": "Feature", "properties": { "fid": 163, "id": "273657", "Номера": [ 26.2, 26.5 ], "вес": 0.0883541226 }, "geometry": { "type": "MultiPolygon", "coordinates": [ [ [ [ 127.521783475441353, 50.257391949221741 ], [ 127.521783475441353, 50.257104783996773 ], [ 127.521334317799287, 50.257104783996773 ], [ 127.521334317799287, 50.257391949221741 ], [ 127.521783475441353, 50.257391949221741 ] ] ] ] } },
{ "type": "Feature", "properties": { "fid": 164, "id": "273658", "Номера": [ 26.2, 26.5 ], "вес": 0.0883541226 }, "geometry": { "type": "MultiPolygon", "coordinates": [ [ [ [ 127.522232633083405, 50.257391949221741 ], [ 127.522232633083405, 50.257104783996773 ], [ 127.521783475441353, 50.257104783996773 ], [ 127.521783475441353, 50.257391949221741 ], [ 127.522232633083405, 50.257391949221741 ] ] ] ] } },
{ "type": "Feature", "properties": { "fid": 165, "id": "273659", "Номера": [ 26.2, 26.5 ], "вес": 0.0883541226 }, "geometry": { "type": "MultiPolygon", "coordinates": [ [ [ [ 127.521334317799287, 50.257679112715735 ], [ 127.521783475441353, 50.257679112715735 ], [ 127.521783475441353, 50.257391949221741 ], [ 127.521334317799287, 50.257391949221741 ], [ 127.521334317799287, 50.257679112715735 ] ] ] ] } },
{ "type": "Feature", "properties": { "fid": 166, "id": "273660", "Номера": [ 26.2, 26.5 ], "вес": 0.0883541226 }, "geometry": { "type": "MultiPolygon", "coordinates": [ [ [ [ 127.522232633083405, 50.257679112715735 ], [ 127.522232633083405, 50.257391949221741 ], [ 127.521783475441353, 50.257391949221741 ], [ 127.521783475441353, 50.257679112715735 ], [ 127.522232633083405, 50.257679112715735 ] ] ] ] } },
{ "type": "Feature", "properties": { "fid": 167, "id": "273661", "Номера": [ 26.2, 26.6, 26.5 ], "вес": 0.1339978858 }, "geometry": { "type": "MultiPolygon", "coordinates": [ [ [ [ 127.521783475441353, 50.256636340306287 ], [ 127.521783475441353, 50.256534412461981 ], [ 127.521783475441353, 50.256530448353921 ], [ 127.521334317799287, 50.256530448353921 ], [ 127.521334317799287, 50.256561711934026 ], [ 127.521334317799287, 50.256662197254691 ], [ 127.521334317799287, 50.256706893580677 ], [ 127.521334317799287, 50.256817617040838 ], [ 127.521783475441353, 50.256817617040838 ], [ 127.521783475441353, 50.256689176241309 ], [ 127.521783475441353, 50.256636340306287 ] ] ] ] } },
{ "type": "Feature", "properties": { "fid": 168, "id": "273662", "Номера": [ 26.2, 26.6, 26.5 ], "вес": 0.1339978858 }, "geometry": { "type": "MultiPolygon", "coordinates": [ [ [ [ 127.522232633083405, 50.256610483343835 ], [ 127.522232633083405, 50.256530448353921 ], [ 127.52184869680687, 50.256530448353921 ], [ 127.521783475441353, 50.256530448353921 ], [ 127.521783475441353, 50.256534412461981 ], [ 127.521783475441353, 50.256636340306287 ], [ 127.521783475441353, 50.256689176241309 ], [ 127.521783475441353, 50.256817617040838 ], [ 127.522232633083405, 50.256817617040838 ], [ 127.522232633083405, 50.256671458895362 ], [ 127.522232633083405, 50.256610483343835 ] ] ] ] } },
{ "type": "Feature", "properties": { "fid": 169, "id": "273663", "Номера": [ 26.2, 26.5 ], "вес": 0.0883541226 }, "geometry": { "type": "MultiPolygon", "coordinates": [ [ [ [ 127.521334317799287, 50.257104783996773 ], [ 127.521783475441353, 50.257104783996773 ], [ 127.521783475441353, 50.256817617040838 ], [ 127.521334317799287, 50.256817617040838 ], [ 127.521334317799287, 50.257104783996773 ] ] ] ] } },
{ "type": "Feature", "properties": { "fid": 170, "id": "273664", "Номера": [ 26.2, 26.5 ], "вес": 0.0883541226 }, "geometry": { "type": "MultiPolygon", "coordinates": [ [ [ [ 127.522232633083405, 50.257104783996773 ], [ 127.522232633083405, 50.256817617040838 ], [ 127.521783475441353, 50.256817617040838 ], [ 127.521783475441353, 50.257104783996773 ], [ 127.522232633083405, 50.257104783996773 ] ] ] ] } },
{ "type": "Feature", "properties": { "fid": 171, "id": "273665", "Номера": [ 26.6 ], "вес": 0.0447637421 }, "geometry": { "type": "MultiPolygon", "coordinates": [ [ [ [ 127.521334317799287, 50.256243277936022 ], [ 127.521783475441353, 50.256243277936022 ], [ 127.521783475441353, 50.255956105787142 ], [ 127.521334317799287, 50.255956105787142 ], [ 127.521334317799287, 50.256243277936022 ] ] ] ] } },
{ "type": "Feature", "properties": { "fid": 172, "id": "273666", "Номера": [ 26.6 ], "вес": 0.0447637421 }, "geometry": { "type": "MultiPolygon", "coordinates": [ [ [ [ 127.521783475441353, 50.256243277936022 ], [ 127.522232633083405, 50.256243277936022 ], [ 127.522232633083405, 50.255956105787142 ], [ 127.521783475441353, 50.255956105787142 ], [ 127.521783475441353, 50.256243277936022 ] ] ] ] } },
{ "type": "Feature", "properties": { "fid": 173, "id": "273667", "Номера": [ 26.6 ], "вес": 0.0447637421 }, "geometry": { "type": "MultiPolygon", "coordinates": [ [ [ [ 127.521334317799287, 50.256243277936022 ], [ 127.521334317799287, 50.256530448353921 ], [ 127.521783475441353, 50.256530448353921 ], [ 127.521783475441353, 50.256243277936022 ], [ 127.521334317799287, 50.256243277936022 ] ] ] ] } },
{ "type": "Feature", "properties": { "fid": 174, "id": "273668", "Номера": [ 26.6 ], "вес": 0.0447637421 }, "geometry": { "type": "MultiPolygon", "coordinates": [ [ [ [ 127.521783475441353, 50.256530448353921 ], [ 127.522232633083405, 50.256530448353921 ], [ 127.522232633083405, 50.256243277936022 ], [ 127.521783475441353, 50.256243277936022 ], [ 127.521783475441353, 50.256530448353921 ] ] ] ] } },
{ "type": "Feature", "properties": { "fid": 175, "id": "274057", "Номера": [ 26.2, 26.5 ], "вес": 0.0883541226 }, "geometry": { "type": "MultiPolygon", "coordinates": [ [ [ [ 127.522681790725485, 50.258827749382014 ], [ 127.522232633083405, 50.258827749382014 ], [ 127.522232633083405, 50.258973631077446 ], [ 127.522232633083405, 50.259033122298511 ], [ 127.522681790725485, 50.258980765915368 ], [ 127.522681790725485, 50.258927477724065 ], [ 127.522681790725485, 50.258827749382014 ] ] ] ] } },
{ "type": "Feature", "properties": { "fid": 176, "id": "274058", "Номера": [ 26.5 ], "вес": 0.0446659619 }, "geometry": { "type": "MultiPolygon", "coordinates": [ [ [ [ 127.522681790725485, 50.258980765915368 ], [ 127.523130948367537, 50.258928409474677 ], [ 127.523130948367537, 50.258827749382014 ], [ 127.522681790725485, 50.258827749382014 ], [ 127.522681790725485, 50.258980765915368 ] ] ] ] } },
{ "type": "Feature", "properties": { "fid": 177, "id": "274061", "Номера": [ 26.2, 26.5 ], "вес": 0.0883541226 }, "geometry": { "type": "MultiPolygon", "coordinates": [ [ [ [ 127.522681790725485, 50.25854059281189 ], [ 127.522681790725485, 50.258253434510792 ], [ 127.522232633083405, 50.258253434510792 ], [ 127.522232633083405, 50.25854059281189 ], [ 127.522681790725485, 50.25854059281189 ] ] ] ] } },
{ "type": "Feature", "properties": { "fid": 178, "id": "274062", "Номера": [ 26.2, 26.5 ], "вес": 0.0883541226 }, "geometry": { "type": "MultiPolygon", "coordinates": [ [ [ [ 127.523130948367537, 50.25854059281189 ], [ 127.523130948367537, 50.258253434510792 ], [ 127.522681790725485, 50.258253434510792 ], [ 127.522681790725485, 50.25854059281189 ], [ 127.523130948367537, 50.25854059281189 ] ] ] ] } },
{ "type": "Feature", "properties": { "fid": 179, "id": "274063", "Номера": [ 26.2, 26.5 ], "вес": 0.0883541226 }, "geometry": { "type": "MultiPolygon", "coordinates": [ [ [ [ 127.522232633083405, 50.258827749382014 ], [ 127.522681790725485, 50.258827749382014 ], [ 127.522681790725485, 50.25854059281189 ], [ 127.522232633083405, 50.25854059281189 ], [ 127.522232633083405, 50.258827749382014 ] ] ] ] } },
{ "type": "Feature", "properties": { "fid": 180, "id": "274064", "Номера": [ 26.2, 26.5 ], "вес": 0.0883541226 }, "geometry": { "type": "MultiPolygon", "coordinates": [ [ [ [ 127.523130948367537, 50.258827749382014 ], [ 127.523130948367537, 50.25854059281189 ], [ 127.522681790725485, 50.25854059281189 ], [ 127.522681790725485, 50.258827749382014 ], [ 127.523130948367537, 50.258827749382014 ] ] ] ] } },
{ "type": "Feature", "properties": { "fid": 181, "id": "274065", "Номера": [ 26.2, 26.5 ], "вес": 0.0883541226 }, "geometry": { "type": "MultiPolygon", "coordinates": [ [ [ [ 127.522681790725485, 50.25796627447874 ], [ 127.522681790725485, 50.257679112715735 ], [ 127.522232633083405, 50.257679112715735 ], [ 127.522232633083405, 50.25796627447874 ], [ 127.522681790725485, 50.25796627447874 ] ] ] ] } },
{ "type": "Feature", "properties": { "fid": 182, "id": "274066", "Номера": [ 26.2, 26.5 ], "вес": 0.0883541226 }, "geometry": { "type": "MultiPolygon", "coordinates": [ [ [ [ 127.523130948367537, 50.25796627447874 ], [ 127.523130948367537, 50.257679112715735 ], [ 127.522681790725485, 50.257679112715735 ], [ 127.522681790725485, 50.25796627447874 ], [ 127.523130948367537, 50.25796627447874 ] ] ] ] } },
{ "type": "Feature", "properties": { "fid": 183, "id": "274067", "Номера": [ 26.2, 26.5 ], "вес": 0.0883541226 }, "geometry": { "type": "MultiPolygon", "coordinates": [ [ [ [ 127.522232633083405, 50.258253434510792 ], [ 127.522681790725485, 50.258253434510792 ], [ 127.522681790725485, 50.25796627447874 ], [ 127.522232633083405, 50.25796627447874 ], [ 127.522232633083405, 50.258253434510792 ] ] ] ] } },
{ "type": "Feature", "properties": { "fid": 184, "id": "274068", "Номера": [ 26.2, 26.5 ], "вес": 0.0883541226 }, "geometry": { "type": "MultiPolygon", "coordinates": [ [ [ [ 127.523130948367537, 50.258253434510792 ], [ 127.523130948367537, 50.25796627447874 ], [ 127.522681790725485, 50.25796627447874 ], [ 127.522681790725485, 50.258253434510792 ], [ 127.523130948367537, 50.258253434510792 ] ] ] ] } },
{ "type": "Feature", "properties": { "fid": 185, "id": "274069", "Номера": [ 26.2, 26.5 ], "вес": 0.0883541226 }, "geometry": { "type": "MultiPolygon", "coordinates": [ [ [ [ 127.522681790725485, 50.257391949221741 ], [ 127.522681790725485, 50.257104783996773 ], [ 127.522232633083405, 50.257104783996773 ], [ 127.522232633083405, 50.257391949221741 ], [ 127.522681790725485, 50.257391949221741 ] ] ] ] } },
{ "type": "Feature", "properties": { "fid": 186, "id": "274070", "Номера": [ 26.2, 26.5 ], "вес": 0.0883541226 }, "geometry": { "type": "MultiPolygon", "coordinates": [ [ [ [ 127.523130948367537, 50.257391949221741 ], [ 127.523130948367537, 50.257104783996773 ], [ 127.522681790725485, 50.257104783996773 ], [ 127.522681790725485, 50.257391949221741 ], [ 127.523130948367537, 50.257391949221741 ] ] ] ] } },
{ "type": "Feature", "properties": { "fid": 187, "id": "274071", "Номера": [ 26.2, 26.5 ], "вес": 0.0883541226 }, "geometry": { "type": "MultiPolygon", "coordinates": [ [ [ [ 127.522232633083405, 50.257679112715735 ], [ 127.522681790725485, 50.257679112715735 ], [ 127.522681790725485, 50.257391949221741 ], [ 127.522232633083405, 50.257391949221741 ], [ 127.522232633083405, 50.257679112715735 ] ] ] ] } },
{ "type": "Feature", "properties": { "fid": 188, "id": "274072", "Номера": [ 26.2, 26.5 ], "вес": 0.0883541226 }, "geometry": { "type": "MultiPolygon", "coordinates": [ [ [ [ 127.523130948367537, 50.257679112715735 ], [ 127.523130948367537, 50.257391949221741 ], [ 127.522681790725485, 50.257391949221741 ], [ 127.522681790725485, 50.257679112715735 ], [ 127.523130948367537, 50.257679112715735 ] ] ] ] } },
{ "type": "Feature", "properties": { "fid": 189, "id": "274073", "Номера": [ 26.2, 26.6, 26.5 ], "вес": 0.1339978858 }, "geometry": { "type": "MultiPolygon", "coordinates": [ [ [ [ 127.522681790725485, 50.256584626367349 ], [ 127.522681790725485, 50.256530448353921 ], [ 127.522232633083405, 50.256530448353921 ], [ 127.522232633083405, 50.256610483343835 ], [ 127.522232633083405, 50.256671458895362 ], [ 127.522232633083405, 50.256817617040838 ], [ 127.522681790725485, 50.256817617040838 ], [ 127.522681790725485, 50.256653741542806 ], [ 127.522681790725485, 50.256584626367349 ] ] ] ] } },
{ "type": "Feature", "properties": { "fid": 190, "id": "274074", "Номера": [ 26.2, 26.6, 26.5 ], "вес": 0.1339978858 }, "geometry": { "type": "MultiPolygon", "coordinates": [ [ [ [ 127.523130948367537, 50.256558769376831 ], [ 127.523130948367537, 50.256530448353921 ], [ 127.522681790725485, 50.256530448353921 ], [ 127.522681790725485, 50.256584626367349 ], [ 127.522681790725485, 50.256653741542806 ], [ 127.522681790725485, 50.256817617040838 ], [ 127.523130948367537, 50.256817617040838 ], [ 127.523130948367537, 50.256636024183685 ], [ 127.523130948367537, 50.256558769376831 ] ] ] ] } },
{ "type": "Feature", "properties": { "fid": 191, "id": "274075", "Номера": [ 26.2, 26.5 ], "вес": 0.0883541226 }, "geometry": { "type": "MultiPolygon", "coordinates": [ [ [ [ 127.522232633083405, 50.257104783996773 ], [ 127.522681790725485, 50.257104783996773 ], [ 127.522681790725485, 50.256817617040838 ], [ 127.522232633083405, 50.256817617040838 ], [ 127.522232633083405, 50.257104783996773 ] ] ] ] } },
{ "type": "Feature", "properties": { "fid": 192, "id": "274076", "Номера": [ 26.2, 26.5 ], "вес": 0.0883541226 }, "geometry": { "type": "MultiPolygon", "coordinates": [ [ [ [ 127.523130948367537, 50.257104783996773 ], [ 127.523130948367537, 50.256817617040838 ], [ 127.522681790725485, 50.256817617040838 ], [ 127.522681790725485, 50.257104783996773 ], [ 127.523130948367537, 50.257104783996773 ] ] ] ] } },
{ "type": "Feature", "properties": { "fid": 193, "id": "274077", "Номера": [ 26.6 ], "вес": 0.0456437632 }, "geometry": { "type": "MultiPolygon", "coordinates": [ [ [ [ 127.522232633083405, 50.256243277936022 ], [ 127.522681790725485, 50.256243277936022 ], [ 127.522681790725485, 50.255956105787142 ], [ 127.522232633083405, 50.255956105787142 ], [ 127.522232633083405, 50.256243277936022 ] ] ] ] } },
{ "type": "Feature", "properties": { "fid": 194, "id": "274078", "Номера": [ 26.6 ], "вес": 0.0456437632 }, "geometry": { "type": "MultiPolygon", "coordinates": [ [ [ [ 127.522681790725485, 50.256243277936022 ], [ 127.523130948367537, 50.256243277936022 ], [ 127.523130948367537, 50.255956105787142 ], [ 127.522681790725485, 50.255956105787142 ], [ 127.522681790725485, 50.256243277936022 ] ] ] ] } },
{ "type": "Feature", "properties": { "fid": 195, "id": "274079", "Номера": [ 26.6 ], "вес": 0.0456437632 }, "geometry": { "type": "MultiPolygon", "coordinates": [ [ [ [ 127.522232633083405, 50.256243277936022 ], [ 127.522232633083405, 50.256530448353921 ], [ 127.522681790725485, 50.256530448353921 ], [ 127.522681790725485, 50.256243277936022 ], [ 127.522232633083405, 50.256243277936022 ] ] ] ] } },
{ "type": "Feature", "properties": { "fid": 196, "id": "274080", "Номера": [ 26.6 ], "вес": 0.0456437632 }, "geometry": { "type": "MultiPolygon", "coordinates": [ [ [ [ 127.522681790725485, 50.256530448353921 ], [ 127.523130948367537, 50.256530448353921 ], [ 127.523130948367537, 50.256243277936022 ], [ 127.522681790725485, 50.256243277936022 ], [ 127.522681790725485, 50.256530448353921 ] ] ] ] } },
{ "type": "Feature", "properties": { "fid": 197, "id": "274083", "Номера": [ 26.6 ], "вес": 0.0447637421 }, "geometry": { "type": "MultiPolygon", "coordinates": [ [ [ [ 127.522232633083405, 50.255956105787142 ], [ 127.522681790725485, 50.255956105787142 ], [ 127.522681790725485, 50.255825057181283 ], [ 127.522232633083405, 50.255863184761509 ], [ 127.522232633083405, 50.255956105787142 ] ] ] ] } },
{ "type": "Feature", "properties": { "fid": 198, "id": "274084", "Номера": [ 26.6 ], "вес": 0.0447637421 }, "geometry": { "type": "MultiPolygon", "coordinates": [ [ [ [ 127.522681790725485, 50.255956105787142 ], [ 127.523130948367537, 50.255956105787142 ], [ 127.523130948367537, 50.255873815822909 ], [ 127.522828578737915, 50.255812596801746 ], [ 127.522681790725485, 50.255825057181283 ], [ 127.522681790725485, 50.255956105787142 ] ] ] ] } },
{ "type": "Feature", "properties": { "fid": 199, "id": "274501", "Номера": [ 26.2, 26.5 ], "вес": 0.0883541226 }, "geometry": { "type": "MultiPolygon", "coordinates": [ [ [ [ 127.523580106009575, 50.25854059281189 ], [ 127.523580106009575, 50.258253434510792 ], [ 127.523130948367537, 50.258253434510792 ], [ 127.523130948367537, 50.25854059281189 ], [ 127.523580106009575, 50.25854059281189 ] ] ] ] } },
{ "type": "Feature", "properties": { "fid": 200, "id": "274502", "Номера": [ 26.2, 26.5 ], "вес": 0.0883541226 }, "geometry": { "type": "MultiPolygon", "coordinates": [ [ [ [ 127.524029263651656, 50.25854059281189 ], [ 127.524029263651656, 50.258466665223615 ], [ 127.524029263651656, 50.258253434510792 ], [ 127.523986117861398, 50.258253434510792 ], [ 127.523580106009575, 50.258253434510792 ], [ 127.523580106009575, 50.25854059281189 ], [ 127.524029263651656, 50.25854059281189 ] ] ] ] } },
{ "type": "Feature", "properties": { "fid": 201, "id": "274503", "Номера": [ 26.2, 26.5 ], "вес": 0.0883541226 }, "geometry": { "type": "MultiPolygon", "coordinates": [ [ [ [ 127.523130948367537, 50.258827749382014 ], [ 127.523580106009575, 50.258827749382014 ], [ 127.523580106009575, 50.25854059281189 ], [ 127.523130948367537, 50.25854059281189 ], [ 127.523130948367537, 50.258827749382014 ] ] ] ] } },
{ "type": "Feature", "properties": { "fid": 202, "id": "274504", "Номера": [ 26.2, 26.5 ], "вес": 0.0883541226 }, "geometry": { "type": "MultiPolygon", "coordinates": [ [ [ [ 127.523652330785595, 50.258827749382014 ], [ 127.523994494030006, 50.258827749382014 ], [ 127.524029263651656, 50.258823696420684 ], [ 127.524029263651656, 50.258789017395607 ], [ 127.524029263651656, 50.25854059281189 ], [ 127.523580106009575, 50.25854059281189 ], [ 127.523580106009575, 50.258827749382014 ], [ 127.523652330785595, 50.258827749382014 ] ] ] ] } },
{ "type": "Feature", "properties": { "fid": 203, "id": "274505", "Номера": [ 26.2, 26.5 ], "вес": 0.0883541226 }, "geometry": { "type": "MultiPolygon", "coordinates": [ [ [ [ 127.523580106009575, 50.25796627447874 ], [ 127.523580106009575, 50.257679112715735 ], [ 127.523130948367537, 50.257679112715735 ], [ 127.523130948367537, 50.25796627447874 ], [ 127.523580106009575, 50.25796627447874 ] ] ] ] } },
{ "type": "Feature", "properties": { "fid": 204, "id": "274506", "Номера": [ 26.2, 26.5 ], "вес": 0.0883541226 }, "geometry": { "type": "MultiPolygon", "coordinates": [ [ [ [ 127.523928013279374, 50.25796627447874 ], [ 127.524029263651656, 50.25796627447874 ], [ 127.524029263651656, 50.257679112715735 ], [ 127.523869908697336, 50.257679112715735 ], [ 127.523580106009575, 50.257679112715735 ], [ 127.523580106009575, 50.25796627447874 ], [ 127.523928013279374, 50.25796627447874 ] ] ] ] } },
{ "type": "Feature", "properties": { "fid": 205, "id": "274507", "Номера": [ 26.2, 26.5 ], "вес": 0.0883541226 }, "geometry": { "type": "MultiPolygon", "coordinates": [ [ [ [ 127.523130948367537, 50.258253434510792 ], [ 127.523580106009575, 50.258253434510792 ], [ 127.523580106009575, 50.25796627447874 ], [ 127.523130948367537, 50.25796627447874 ], [ 127.523130948367537, 50.258253434510792 ] ] ] ] } },
{ "type": "Feature", "properties": { "fid": 206, "id": "274508", "Номера": [ 26.2, 26.5 ], "вес": 0.0883541226 }, "geometry": { "type": "MultiPolygon", "coordinates": [ [ [ [ 127.523986117861398, 50.258253434510792 ], [ 127.524029263651656, 50.258253434510792 ], [ 127.524029263651656, 50.25796627447874 ], [ 127.523928013279374, 50.25796627447874 ], [ 127.523580106009575, 50.25796627447874 ], [ 127.523580106009575, 50.258253434510792 ], [ 127.523986117861398, 50.258253434510792 ] ] ] ] } },
{ "type": "Feature", "properties": { "fid": 207, "id": "274509", "Номера": [ 26.2, 26.5 ], "вес": 0.0883541226 }, "geometry": { "type": "MultiPolygon", "coordinates": [ [ [ [ 127.523580106009575, 50.257391949221741 ], [ 127.523580106009575, 50.257104783996773 ], [ 127.523130948367537, 50.257104783996773 ], [ 127.523130948367537, 50.257391949221741 ], [ 127.523580106009575, 50.257391949221741 ] ] ] ] } },
{ "type": "Feature", "properties": { "fid": 208, "id": "274510", "Номера": [ 26.2, 26.5 ], "вес": 0.0883541226 }, "geometry": { "type": "MultiPolygon", "coordinates": [ [ [ [ 127.523811804115297, 50.257391949221741 ], [ 127.524029263651656, 50.257391949221741 ], [ 127.524029263651656, 50.257104783996773 ], [ 127.523753699533273, 50.257104783996773 ], [ 127.523580106009575, 50.257104783996773 ], [ 127.523580106009575, 50.257391949221741 ], [ 127.523811804115297, 50.257391949221741 ] ] ] ] } },
{ "type": "Feature", "properties": { "fid": 209, "id": "274511", "Номера": [ 26.2, 26.5 ], "вес": 0.0883541226 }, "geometry": { "type": "MultiPolygon", "coordinates": [ [ [ [ 127.523130948367537, 50.257679112715735 ], [ 127.523580106009575, 50.257679112715735 ], [ 127.523580106009575, 50.257391949221741 ], [ 127.523130948367537, 50.257391949221741 ], [ 127.523130948367537, 50.257679112715735 ] ] ] ] } },
{ "type": "Feature", "properties": { "fid": 210, "id": "274512", "Номера": [ 26.2, 26.5 ], "вес": 0.0883541226 }, "geometry": { "type": "MultiPolygon", "coordinates": [ [ [ [ 127.523869908697336, 50.257679112715735 ], [ 127.524029263651656, 50.257679112715735 ], [ 127.524029263651656, 50.257391949221741 ], [ 127.523811804115297, 50.257391949221741 ], [ 127.523580106009575, 50.257391949221741 ], [ 127.523580106009575, 50.257679112715735 ], [ 127.523869908697336, 50.257679112715735 ] ] ] ] } },
{ "type": "Feature", "properties": { "fid": 211, "id": "274513", "Номера": [ 26.2, 26.6, 26.5 ], "вес": 0.1339978858 }, "geometry": { "type": "MultiPolygon", "coordinates": [ [ [ [ 127.523580106009575, 50.256532912372279 ], [ 127.523580106009575, 50.256530448353921 ], [ 127.523130948367537, 50.256530448353921 ], [ 127.523130948367537, 50.256558769376831 ], [ 127.523130948367537, 50.256636024183685 ], [ 127.523130948367537, 50.256817617040838 ], [ 127.523580106009575, 50.256817617040838 ], [ 127.523580106009575, 50.256618306817955 ], [ 127.523580106009575, 50.256532912372279 ] ] ] ] } },
{ "type": "Feature", "properties": { "fid": 212, "id": "274514", "Номера": [ 26.2 ], "вес": 0.0436881607 }, "geometry": { "type": "MultiPolygon", "coordinates": [ [ [ [ 127.523580106009575, 50.256817617040838 ], [ 127.524029263651656, 50.256817617040838 ], [ 127.524029263651656, 50.256530448353921 ], [ 127.523580106009575, 50.256530448353921 ], [ 127.523580106009575, 50.256817617040838 ] ] ] ] } },
{ "type": "Feature", "properties": { "fid": 213, "id": "274515", "Номера": [ 26.2, 26.5 ], "вес": 0.0883541226 }, "geometry": { "type": "MultiPolygon", "coordinates": [ [ [ [ 127.523130948367537, 50.257104783996773 ], [ 127.523580106009575, 50.257104783996773 ], [ 127.523580106009575, 50.256817617040838 ], [ 127.523130948367537, 50.256817617040838 ], [ 127.523130948367537, 50.257104783996773 ] ] ] ] } },
{ "type": "Feature", "properties": { "fid": 214, "id": "274516", "Номера": [ 26.2 ], "вес": 0.0436881607 }, "geometry": { "type": "MultiPolygon", "coordinates": [ [ [ [ 127.523580106009575, 50.257104783996773 ], [ 127.524029263651656, 50.257104783996773 ], [ 127.524029263651656, 50.256817617040838 ], [ 127.523580106009575, 50.256817617040838 ], [ 127.523580106009575, 50.257104783996773 ] ] ] ] } },
{ "type": "Feature", "properties": { "fid": 215, "id": "274517", "Номера": [ 26.6 ], "вес": 0.0456437632 }, "geometry": { "type": "MultiPolygon", "coordinates": [ [ [ [ 127.523130948367537, 50.256243277936022 ], [ 127.523580106009575, 50.256243277936022 ], [ 127.523580106009575, 50.256123938167704 ], [ 127.523524066376851, 50.255956105787142 ], [ 127.523130948367537, 50.255956105787142 ], [ 127.523130948367537, 50.256243277936022 ] ] ] ] } },
{ "type": "Feature", "properties": { "fid": 216, "id": "274519", "Номера": [ 26.6 ], "вес": 0.0456437632 }, "geometry": { "type": "MultiPolygon", "coordinates": [ [ [ [ 127.523130948367537, 50.256243277936022 ], [ 127.523130948367537, 50.256530448353921 ], [ 127.523580106009575, 50.256530448353921 ], [ 127.523580106009575, 50.256243277936022 ], [ 127.523130948367537, 50.256243277936022 ] ] ] ] } },
{ "type": "Feature", "properties": { "fid": 217, "id": "274520", "Номера": [ 26.2 ], "вес": 0.0436881607 }, "geometry": { "type": "MultiPolygon", "coordinates": [ [ [ [ 127.523580106009575, 50.256530448353921 ], [ 127.524029263651656, 50.256530448353921 ], [ 127.524029263651656, 50.256432429979327 ], [ 127.523707951220658, 50.256417444058577 ], [ 127.523580106009575, 50.256425214417405 ], [ 127.523580106009575, 50.256530448353921 ] ] ] ] } },
{ "type": "Feature", "properties": { "fid": 218, "id": "274941", "Номера": [ 26.2 ], "вес": 0.0436881607 }, "geometry": { "type": "MultiPolygon", "coordinates": [ [ [ [ 127.524029263651656, 50.25854059281189 ], [ 127.524478421293708, 50.25854059281189 ], [ 127.524478421293708, 50.258253434510792 ], [ 127.524029263651656, 50.258253434510792 ], [ 127.524029263651656, 50.25854059281189 ] ] ] ] } },
{ "type": "Feature", "properties": { "fid": 219, "id": "274942", "Номера": [ 26.2 ], "вес": 0.0436881607 }, "geometry": { "type": "MultiPolygon", "coordinates": [ [ [ [ 127.524478421293708, 50.25854059281189 ], [ 127.524927578935788, 50.25854059281189 ], [ 127.524927578935788, 50.258253434510792 ], [ 127.524478421293708, 50.258253434510792 ], [ 127.524478421293708, 50.25854059281189 ] ] ] ] } },
{ "type": "Feature", "properties": { "fid": 220, "id": "274943", "Номера": [ 26.2 ], "вес": 0.0436881607 }, "geometry": { "type": "MultiPolygon", "coordinates": [ [ [ [ 127.524029263651656, 50.25854059281189 ], [ 127.524029263651656, 50.258789017395607 ], [ 127.524478421293708, 50.258742863863347 ], [ 127.524478421293708, 50.25854059281189 ], [ 127.524029263651656, 50.25854059281189 ] ] ] ] } },
{ "type": "Feature", "properties": { "fid": 221, "id": "274944", "Номера": [ 26.2 ], "вес": 0.0436881607 }, "geometry": { "type": "MultiPolygon", "coordinates": [ [ [ [ 127.524478421293708, 50.258742863863347 ], [ 127.524927578935788, 50.25869671028638 ], [ 127.524927578935788, 50.25854059281189 ], [ 127.524478421293708, 50.25854059281189 ], [ 127.524478421293708, 50.258742863863347 ] ] ] ] } },
{ "type": "Feature", "properties": { "fid": 222, "id": "274945", "Номера": [ 26.2 ], "вес": 0.0436881607 }, "geometry": { "type": "MultiPolygon", "coordinates": [ [ [ [ 127.524029263651656, 50.25796627447874 ], [ 127.524478421293708, 50.25796627447874 ], [ 127.524478421293708, 50.257679112715735 ], [ 127.524029263651656, 50.257679112715735 ], [ 127.524029263651656, 50.25796627447874 ] ] ] ] } },
{ "type": "Feature", "properties": { "fid": 223, "id": "274946", "Номера": [ 26.2 ], "вес": 0.0436881607 }, "geometry": { "type": "MultiPolygon", "coordinates": [ [ [ [ 127.524478421293708, 50.25796627447874 ], [ 127.524927578935788, 50.25796627447874 ], [ 127.524927578935788, 50.257679112715735 ], [ 127.524478421293708, 50.257679112715735 ], [ 127.524478421293708, 50.25796627447874 ] ] ] ] } },
{ "type": "Feature", "properties": { "fid": 224, "id": "274947", "Номера": [ 26.2 ], "вес": 0.0436881607 }, "geometry": { "type": "MultiPolygon", "coordinates": [ [ [ [ 127.524029263651656, 50.25796627447874 ], [ 127.524029263651656, 50.258253434510792 ], [ 127.524478421293708, 50.258253434510792 ], [ 127.524478421293708, 50.25796627447874 ], [ 127.524029263651656, 50.25796627447874 ] ] ] ] } },
{ "type": "Feature", "properties": { "fid": 225, "id": "274948", "Номера": [ 26.2 ], "вес": 0.0436881607 }, "geometry": { "type": "MultiPolygon", "coordinates": [ [ [ [ 127.524478421293708, 50.258253434510792 ], [ 127.524927578935788, 50.258253434510792 ], [ 127.524927578935788, 50.25796627447874 ], [ 127.524478421293708, 50.25796627447874 ], [ 127.524478421293708, 50.258253434510792 ] ] ] ] } },
{ "type": "Feature", "properties": { "fid": 226, "id": "274949", "Номера": [ 26.2 ], "вес": 0.0436881607 }, "geometry": { "type": "MultiPolygon", "coordinates": [ [ [ [ 127.524029263651656, 50.257391949221741 ], [ 127.524478421293708, 50.257391949221741 ], [ 127.524478421293708, 50.257104783996773 ], [ 127.524029263651656, 50.257104783996773 ], [ 127.524029263651656, 50.257391949221741 ] ] ] ] } },
{ "type": "Feature", "properties": { "fid": 227, "id": "274950", "Номера": [ 26.2 ], "вес": 0.0436881607 }, "geometry": { "type": "MultiPolygon", "coordinates": [ [ [ [ 127.524478421293708, 50.257391949221741 ], [ 127.524927578935788, 50.257391949221741 ], [ 127.524927578935788, 50.257104783996773 ], [ 127.524478421293708, 50.257104783996773 ], [ 127.524478421293708, 50.257391949221741 ] ] ] ] } },
{ "type": "Feature", "properties": { "fid": 228, "id": "274951", "Номера": [ 26.2 ], "вес": 0.0436881607 }, "geometry": { "type": "MultiPolygon", "coordinates": [ [ [ [ 127.524029263651656, 50.257391949221741 ], [ 127.524029263651656, 50.257679112715735 ], [ 127.524478421293708, 50.257679112715735 ], [ 127.524478421293708, 50.257391949221741 ], [ 127.524029263651656, 50.257391949221741 ] ] ] ] } },
{ "type": "Feature", "properties": { "fid": 229, "id": "274952", "Номера": [ 26.2 ], "вес": 0.0436881607 }, "geometry": { "type": "MultiPolygon", "coordinates": [ [ [ [ 127.524478421293708, 50.257679112715735 ], [ 127.524927578935788, 50.257679112715735 ], [ 127.524927578935788, 50.257391949221741 ], [ 127.524478421293708, 50.257391949221741 ], [ 127.524478421293708, 50.257679112715735 ] ] ] ] } },
{ "type": "Feature", "properties": { "fid": 230, "id": "274953", "Номера": [ 26.2 ], "вес": 0.0436881607 }, "geometry": { "type": "MultiPolygon", "coordinates": [ [ [ [ 127.524029263651656, 50.256817617040838 ], [ 127.524478421293708, 50.256817617040838 ], [ 127.524478421293708, 50.256530448353921 ], [ 127.524029263651656, 50.256530448353921 ], [ 127.524029263651656, 50.256817617040838 ] ] ] ] } },
{ "type": "Feature", "properties": { "fid": 231, "id": "274954", "Номера": [ 26.2 ], "вес": 0.0436881607 }, "geometry": { "type": "MultiPolygon", "coordinates": [ [ [ [ 127.524478421293708, 50.256817617040838 ], [ 127.524927578935788, 50.256817617040838 ], [ 127.524927578935788, 50.256530448353921 ], [ 127.524478421293708, 50.256530448353921 ], [ 127.524478421293708, 50.256817617040838 ] ] ] ] } },
{ "type": "Feature", "properties": { "fid": 232, "id": "274955", "Номера": [ 26.2 ], "вес": 0.0436881607 }, "geometry": { "type": "MultiPolygon", "coordinates": [ [ [ [ 127.524029263651656, 50.256817617040838 ], [ 127.524029263651656, 50.257104783996773 ], [ 127.524478421293708, 50.257104783996773 ], [ 127.524478421293708, 50.256817617040838 ], [ 127.524029263651656, 50.256817617040838 ] ] ] ] } },
{ "type": "Feature", "properties": { "fid": 233, "id": "274956", "Номера": [ 26.2 ], "вес": 0.0436881607 }, "geometry": { "type": "MultiPolygon", "coordinates": [ [ [ [ 127.524478421293708, 50.257104783996773 ], [ 127.524927578935788, 50.257104783996773 ], [ 127.524927578935788, 50.256817617040838 ], [ 127.524478421293708, 50.256817617040838 ], [ 127.524478421293708, 50.257104783996773 ] ] ] ] } },
{ "type": "Feature", "properties": { "fid": 234, "id": "275146", "Номера": [ 26.7 ], "вес": 0.0454090909 }, "geometry": { "type": "MultiPolygon", "coordinates": [ [ [ [ 127.525376736577826, 50.292382645722689 ], [ 127.525381356375647, 50.292407634665338 ], [ 127.525386164668589, 50.292413120152496 ], [ 127.525825894219878, 50.292413120152496 ], [ 127.525825894219878, 50.292126166082433 ], [ 127.525376736577826, 50.292126166082433 ], [ 127.525376736577826, 50.292382645722689 ] ] ] ] } },
{ "type": "Feature", "properties": { "fid": 235, "id": "275148", "Номера": [ 26.7 ], "вес": 0.0454090909 }, "geometry": { "type": "MultiPolygon", "coordinates": [ [ [ [ 127.525825894219878, 50.292700072491989 ], [ 127.525825894219878, 50.292413120152496 ], [ 127.525386164668589, 50.292413120152496 ], [ 127.525637692948138, 50.292700072491989 ], [ 127.525825894219878, 50.292700072491989 ] ] ] ] } },
{ "type": "Feature", "properties": { "fid": 236, "id": "275150", "Номера": [ 26.7 ], "вес": 0.0454090909 }, "geometry": { "type": "MultiPolygon", "coordinates": [ [ [ [ 127.525376736577826, 50.291839210281786 ], [ 127.525825894219878, 50.291839210281786 ], [ 127.525825894219878, 50.291552252750535 ], [ 127.525376736577826, 50.291552252750535 ], [ 127.525376736577826, 50.291839210281786 ] ] ] ] } },
{ "type": "Feature", "properties": { "fid": 237, "id": "275152", "Номера": [ 26.7 ], "вес": 0.0454090909 }, "geometry": { "type": "MultiPolygon", "coordinates": [ [ [ [ 127.525376736577826, 50.292126166082433 ], [ 127.525825894219878, 50.292126166082433 ], [ 127.525825894219878, 50.291839210281786 ], [ 127.525376736577826, 50.291839210281786 ], [ 127.525376736577826, 50.292126166082433 ] ] ] ] } },
{ "type": "Feature", "properties": { "fid": 238, "id": "275153", "Номера": [ 26.7 ], "вес": 0.0454090909 }, "geometry": { "type": "MultiPolygon", "coordinates": [ [ [ [ 127.525376736577826, 50.291265293488713 ], [ 127.525376736577826, 50.290978332496294 ], [ 127.525173751522203, 50.290978332496294 ], [ 127.525182918004703, 50.291265293488713 ], [ 127.525376736577826, 50.291265293488713 ] ] ] ] } },
{ "type": "Feature", "properties": { "fid": 239, "id": "275154", "Номера": [ 26.7 ], "вес": 0.0454090909 }, "geometry": { "type": "MultiPolygon", "coordinates": [ [ [ [ 127.525376736577826, 50.291265293488713 ], [ 127.525825894219878, 50.291265293488713 ], [ 127.525825894219878, 50.290978332496294 ], [ 127.525376736577826, 50.290978332496294 ], [ 127.525376736577826, 50.291265293488713 ] ] ] ] } },
{ "type": "Feature", "properties": { "fid": 240, "id": "275155", "Номера": [ 26.7 ], "вес": 0.0454090909 }, "geometry": { "type": "MultiPolygon", "coordinates": [ [ [ [ 127.525182918004703, 50.291265293488713 ], [ 127.525185580820278, 50.29134865384205 ], [ 127.525223220152554, 50.291552252750535 ], [ 127.525376736577826, 50.291552252750535 ], [ 127.525376736577826, 50.291265293488713 ], [ 127.525182918004703, 50.291265293488713 ] ] ] ] } },
{ "type": "Feature", "properties": { "fid": 241, "id": "275156", "Номера": [ 26.7 ], "вес": 0.0454090909 }, "geometry": { "type": "MultiPolygon", "coordinates": [ [ [ [ 127.525376736577826, 50.291552252750535 ], [ 127.525825894219878, 50.291552252750535 ], [ 127.525825894219878, 50.291265293488713 ], [ 127.525376736577826, 50.291265293488713 ], [ 127.525376736577826, 50.291552252750535 ] ] ] ] } },
{ "type": "Feature", "properties": { "fid": 242, "id": "275160", "Номера": [ 26.7 ], "вес": 0.0454090909 }, "geometry": { "type": "MultiPolygon", "coordinates": [ [ [ [ 127.525376736577826, 50.290978332496294 ], [ 127.525825894219878, 50.290978332496294 ], [ 127.525825894219878, 50.290851637173212 ], [ 127.525376736577826, 50.290912426724034 ], [ 127.525376736577826, 50.290978332496294 ] ] ] ] } },
{ "type": "Feature", "properties": { "fid": 243, "id": "275357", "Номера": [ 26.2 ], "вес": 0.0436881607 }, "geometry": { "type": "MultiPolygon", "coordinates": [ [ [ [ 127.524927578935788, 50.25854059281189 ], [ 127.525376736577826, 50.25854059281189 ], [ 127.525376736577826, 50.258253434510792 ], [ 127.524927578935788, 50.258253434510792 ], [ 127.524927578935788, 50.25854059281189 ] ] ] ] } },
{ "type": "Feature", "properties": { "fid": 244, "id": "275358", "Номера": [ 26.2 ], "вес": 0.0436881607 }, "geometry": { "type": "MultiPolygon", "coordinates": [ [ [ [ 127.525376736577826, 50.25854059281189 ], [ 127.525825894219878, 50.25854059281189 ], [ 127.525825894219878, 50.258253434510792 ], [ 127.525376736577826, 50.258253434510792 ], [ 127.525376736577826, 50.25854059281189 ] ] ] ] } },
{ "type": "Feature", "properties": { "fid": 245, "id": "275359", "Номера": [ 26.2 ], "вес": 0.0436881607 }, "geometry": { "type": "MultiPolygon", "coordinates": [ [ [ [ 127.524927578935788, 50.25854059281189 ], [ 127.524927578935788, 50.25869671028638 ], [ 127.525376736577826, 50.258650556664712 ], [ 127.525376736577826, 50.25854059281189 ], [ 127.524927578935788, 50.25854059281189 ] ] ] ] } },
{ "type": "Feature", "properties": { "fid": 246, "id": "275361", "Номера": [ 26.2 ], "вес": 0.0436881607 }, "geometry": { "type": "MultiPolygon", "coordinates": [ [ [ [ 127.524927578935788, 50.25796627447874 ], [ 127.525376736577826, 50.25796627447874 ], [ 127.525376736577826, 50.257679112715735 ], [ 127.524927578935788, 50.257679112715735 ], [ 127.524927578935788, 50.25796627447874 ] ] ] ] } },
{ "type": "Feature", "properties": { "fid": 247, "id": "275362", "Номера": [ 26.2 ], "вес": 0.0436881607 }, "geometry": { "type": "MultiPolygon", "coordinates": [ [ [ [ 127.525376736577826, 50.25796627447874 ], [ 127.525825894219878, 50.25796627447874 ], [ 127.525825894219878, 50.257679112715735 ], [ 127.525376736577826, 50.257679112715735 ], [ 127.525376736577826, 50.25796627447874 ] ] ] ] } },
{ "type": "Feature", "properties": { "fid": 248, "id": "275363", "Номера": [ 26.2 ], "вес": 0.0436881607 }, "geometry": { "type": "MultiPolygon", "coordinates": [ [ [ [ 127.524927578935788, 50.25796627447874 ], [ 127.524927578935788, 50.258253434510792 ], [ 127.525376736577826, 50.258253434510792 ], [ 127.525376736577826, 50.25796627447874 ], [ 127.524927578935788, 50.25796627447874 ] ] ] ] } },
{ "type": "Feature", "properties": { "fid": 249, "id": "275364", "Номера": [ 26.2 ], "вес": 0.0436881607 }, "geometry": { "type": "MultiPolygon", "coordinates": [ [ [ [ 127.525376736577826, 50.258253434510792 ], [ 127.525825894219878, 50.258253434510792 ], [ 127.525825894219878, 50.25796627447874 ], [ 127.525376736577826, 50.25796627447874 ], [ 127.525376736577826, 50.258253434510792 ] ] ] ] } },
{ "type": "Feature", "properties": { "fid": 250, "id": "275365", "Номера": [ 26.2 ], "вес": 0.0436881607 }, "geometry": { "type": "MultiPolygon", "coordinates": [ [ [ [ 127.524927578935788, 50.257391949221741 ], [ 127.525376736577826, 50.257391949221741 ], [ 127.525376736577826, 50.257104783996773 ], [ 127.524927578935788, 50.257104783996773 ], [ 127.524927578935788, 50.257391949221741 ] ] ] ] } },
{ "type": "Feature", "properties": { "fid": 251, "id": "275366", "Номера": [ 26.2 ], "вес": 0.0436881607 }, "geometry": { "type": "MultiPolygon", "coordinates": [ [ [ [ 127.525376736577826, 50.257391949221741 ], [ 127.525825894219878, 50.257391949221741 ], [ 127.525825894219878, 50.257104783996773 ], [ 127.525376736577826, 50.257104783996773 ], [ 127.525376736577826, 50.257391949221741 ] ] ] ] } },
{ "type": "Feature", "properties": { "fid": 252, "id": "275367", "Номера": [ 26.2 ], "вес": 0.0436881607 }, "geometry": { "type": "MultiPolygon", "coordinates": [ [ [ [ 127.524927578935788, 50.257391949221741 ], [ 127.524927578935788, 50.257679112715735 ], [ 127.525376736577826, 50.257679112715735 ], [ 127.525376736577826, 50.257391949221741 ], [ 127.524927578935788, 50.257391949221741 ] ] ] ] } },
{ "type": "Feature", "properties": { "fid": 253, "id": "275368", "Номера": [ 26.2 ], "вес": 0.0436881607 }, "geometry": { "type": "MultiPolygon", "coordinates": [ [ [ [ 127.525376736577826, 50.257679112715735 ], [ 127.525825894219878, 50.257679112715735 ], [ 127.525825894219878, 50.257391949221741 ], [ 127.525376736577826, 50.257391949221741 ], [ 127.525376736577826, 50.257679112715735 ] ] ] ] } },
{ "type": "Feature", "properties": { "fid": 254, "id": "275369", "Номера": [ 26.2 ], "вес": 0.0436881607 }, "geometry": { "type": "MultiPolygon", "coordinates": [ [ [ [ 127.524927578935788, 50.256817617040838 ], [ 127.525376736577826, 50.256817617040838 ], [ 127.525376736577826, 50.256530448353921 ], [ 127.524927578935788, 50.256530448353921 ], [ 127.524927578935788, 50.256817617040838 ] ] ] ] } },
{ "type": "Feature", "properties": { "fid": 255, "id": "275370", "Номера": [ 26.2 ], "вес": 0.0436881607 }, "geometry": { "type": "MultiPolygon", "coordinates": [ [ [ [ 127.525376736577826, 50.256817617040838 ], [ 127.525825894219878, 50.256817617040838 ], [ 127.525825894219878, 50.256530448353921 ], [ 127.525376736577826, 50.256530448353921 ], [ 127.525376736577826, 50.256817617040838 ] ] ] ] } },
{ "type": "Feature", "properties": { "fid": 256, "id": "275371", "Номера": [ 26.2 ], "вес": 0.0436881607 }, "geometry": { "type": "MultiPolygon", "coordinates": [ [ [ [ 127.524927578935788, 50.256817617040838 ], [ 127.524927578935788, 50.257104783996773 ], [ 127.525376736577826, 50.257104783996773 ], [ 127.525376736577826, 50.256817617040838 ], [ 127.524927578935788, 50.256817617040838 ] ] ] ] } },
{ "type": "Feature", "properties": { "fid": 257, "id": "275372", "Номера": [ 26.2 ], "вес": 0.0436881607 }, "geometry": { "type": "MultiPolygon", "coordinates": [ [ [ [ 127.525376736577826, 50.257104783996773 ], [ 127.525825894219878, 50.257104783996773 ], [ 127.525825894219878, 50.256817617040838 ], [ 127.525376736577826, 50.256817617040838 ], [ 127.525376736577826, 50.257104783996773 ] ] ] ] } },
{ "type": "Feature", "properties": { "fid": 258, "id": "275534", "Номера": [ 26.7 ], "вес": 0.0454090909 }, "geometry": { "type": "MultiPolygon", "coordinates": [ [ [ [ 127.526275051861958, 50.296430295424159 ], [ 127.52672420950401, 50.296430295424159 ], [ 127.52672420950401, 50.296143365581912 ], [ 127.526275051861958, 50.296143365581912 ], [ 127.526275051861958, 50.296430295424159 ] ] ] ] } },
{ "type": "Feature", "properties": { "fid": 259, "id": "275536", "Номера": [ 26.7 ], "вес": 0.0454090909 }, "geometry": { "type": "MultiPolygon", "coordinates": [ [ [ [ 127.526275051861958, 50.296456288922911 ], [ 127.526680198484655, 50.296717223535893 ], [ 127.52672420950401, 50.296717223535893 ], [ 127.52672420950401, 50.296430295424159 ], [ 127.526275051861958, 50.296430295424159 ], [ 127.526275051861958, 50.296456288922911 ] ] ] ] } },
{ "type": "Feature", "properties": { "fid": 260, "id": "275538", "Номера": [ 26.7 ], "вес": 0.0454090909 }, "geometry": { "type": "MultiPolygon", "coordinates": [ [ [ [ 127.52672420950401, 50.29585643400911 ], [ 127.52672420950401, 50.295569500705774 ], [ 127.526474253276859, 50.295569500705774 ], [ 127.526516854596849, 50.295767866577371 ], [ 127.526458273742961, 50.29585643400911 ], [ 127.52672420950401, 50.29585643400911 ] ] ] ] } },
{ "type": "Feature", "properties": { "fid": 261, "id": "275540", "Номера": [ 26.7 ], "вес": 0.0454090909 }, "geometry": { "type": "MultiPolygon", "coordinates": [ [ [ [ 127.526275051861958, 50.296143365581912 ], [ 127.52672420950401, 50.296143365581912 ], [ 127.52672420950401, 50.29585643400911 ], [ 127.526458273742961, 50.29585643400911 ], [ 127.526275051861958, 50.296133443100224 ], [ 127.526275051861958, 50.296143365581912 ] ] ] ] } },
{ "type": "Feature", "properties": { "fid": 262, "id": "275542", "Номера": [ 26.7 ], "вес": 0.0454090909 }, "geometry": { "type": "MultiPolygon", "coordinates": [ [ [ [ 127.52672420950401, 50.29528256567189 ], [ 127.52672420950401, 50.294995628907465 ], [ 127.526351008801896, 50.294995628907465 ], [ 127.526412631039364, 50.29528256567189 ], [ 127.52672420950401, 50.29528256567189 ] ] ] ] } },
{ "type": "Feature", "properties": { "fid": 263, "id": "275544", "Номера": [ 26.7 ], "вес": 0.0454090909 }, "geometry": { "type": "MultiPolygon", "coordinates": [ [ [ [ 127.52672420950401, 50.295569500705774 ], [ 127.52672420950401, 50.29528256567189 ], [ 127.526412631039364, 50.29528256567189 ], [ 127.526474253276859, 50.295569500705774 ], [ 127.52672420950401, 50.295569500705774 ] ] ] ] } },
{ "type": "Feature", "properties": { "fid": 264, "id": "275546", "Номера": [ 26.7 ], "вес": 0.0454090909 }, "geometry": { "type": "MultiPolygon", "coordinates": [ [ [ [ 127.526275051861958, 50.294641941890987 ], [ 127.526289386564429, 50.294708690412492 ], [ 127.52672420950401, 50.294708690412492 ], [ 127.52672420950401, 50.294421750186963 ], [ 127.526275051861958, 50.294421750186963 ], [ 127.526275051861958, 50.294641941890987 ] ] ] ] } },
{ "type": "Feature", "properties": { "fid": 265, "id": "275548", "Номера": [ 26.7 ], "вес": 0.0454090909 }, "geometry": { "type": "MultiPolygon", "coordinates": [ [ [ [ 127.52672420950401, 50.294995628907465 ], [ 127.52672420950401, 50.294708690412492 ], [ 127.526289386564429, 50.294708690412492 ], [ 127.526351008801896, 50.294995628907465 ], [ 127.52672420950401, 50.294995628907465 ] ] ] ] } },
{ "type": "Feature", "properties": { "fid": 266, "id": "275550", "Номера": [ 26.7 ], "вес": 0.0454090909 }, "geometry": { "type": "MultiPolygon", "coordinates": [ [ [ [ 127.526275051861958, 50.294134808230879 ], [ 127.52672420950401, 50.294134808230879 ], [ 127.52672420950401, 50.293847864544226 ], [ 127.526275051861958, 50.293847864544226 ], [ 127.526275051861958, 50.294134808230879 ] ] ] ] } },
{ "type": "Feature", "properties": { "fid": 267, "id": "275552", "Номера": [ 26.7 ], "вес": 0.0454090909 }, "geometry": { "type": "MultiPolygon", "coordinates": [ [ [ [ 127.526275051861958, 50.294421750186963 ], [ 127.52672420950401, 50.294421750186963 ], [ 127.52672420950401, 50.294134808230879 ], [ 127.526275051861958, 50.294134808230879 ], [ 127.526275051861958, 50.294421750186963 ] ] ] ] } },
{ "type": "Feature", "properties": { "fid": 268, "id": "275553", "Номера": [ 26.7 ], "вес": 0.0454090909 }, "geometry": { "type": "MultiPolygon", "coordinates": [ [ [ [ 127.526275051861958, 50.293560919127032 ], [ 127.526275051861958, 50.293273971979254 ], [ 127.525981275377049, 50.293273971979254 ], [ 127.526042897614516, 50.293560919127032 ], [ 127.526275051861958, 50.293560919127032 ] ] ] ] } },
{ "type": "Feature", "properties": { "fid": 269, "id": "275554", "Номера": [ 26.7 ], "вес": 0.0454090909 }, "geometry": { "type": "MultiPolygon", "coordinates": [ [ [ [ 127.526275051861958, 50.293560919127032 ], [ 127.52672420950401, 50.293560919127032 ], [ 127.52672420950401, 50.293273971979254 ], [ 127.526275051861958, 50.293273971979254 ], [ 127.526275051861958, 50.293560919127032 ] ] ] ] } },
{ "type": "Feature", "properties": { "fid": 270, "id": "275555", "Номера": [ 26.7 ], "вес": 0.0454090909 }, "geometry": { "type": "MultiPolygon", "coordinates": [ [ [ [ 127.526042897614516, 50.293560919127032 ], [ 127.526104519851984, 50.293847864544226 ], [ 127.526275051861958, 50.293847864544226 ], [ 127.526275051861958, 50.293560919127032 ], [ 127.526042897614516, 50.293560919127032 ] ] ] ] } },
{ "type": "Feature", "properties": { "fid": 271, "id": "275556", "Номера": [ 26.7 ], "вес": 0.0454090909 }, "geometry": { "type": "MultiPolygon", "coordinates": [ [ [ [ 127.526275051861958, 50.293847864544226 ], [ 127.52672420950401, 50.293847864544226 ], [ 127.52672420950401, 50.293560919127032 ], [ 127.526275051861958, 50.293560919127032 ], [ 127.526275051861958, 50.293847864544226 ] ] ] ] } },
{ "type": "Feature", "properties": { "fid": 272, "id": "275557", "Номера": [ 26.7 ], "вес": 0.0454090909 }, "geometry": { "type": "MultiPolygon", "coordinates": [ [ [ [ 127.525825894219878, 50.292914778013873 ], [ 127.525889221227686, 50.292987023100906 ], [ 127.526275051861958, 50.292987023100906 ], [ 127.526275051861958, 50.292700072491989 ], [ 127.525825894219878, 50.292700072491989 ], [ 127.525825894219878, 50.292914778013873 ] ] ] ] } },
{ "type": "Feature", "properties": { "fid": 273, "id": "275558", "Номера": [ 26.7 ], "вес": 0.0454090909 }, "geometry": { "type": "MultiPolygon", "coordinates": [ [ [ [ 127.526275051861958, 50.292987023100906 ], [ 127.52672420950401, 50.292987023100906 ], [ 127.52672420950401, 50.292700072491989 ], [ 127.526275051861958, 50.292700072491989 ], [ 127.526275051861958, 50.292987023100906 ] ] ] ] } },
{ "type": "Feature", "properties": { "fid": 274, "id": "275559", "Номера": [ 26.7 ], "вес": 0.0454090909 }, "geometry": { "type": "MultiPolygon", "coordinates": [ [ [ [ 127.525889221227686, 50.292987023100906 ], [ 127.525929527930714, 50.293033005972219 ], [ 127.525981275377049, 50.293273971979254 ], [ 127.526275051861958, 50.293273971979254 ], [ 127.526275051861958, 50.292987023100906 ], [ 127.525889221227686, 50.292987023100906 ] ] ] ] } },
{ "type": "Feature", "properties": { "fid": 275, "id": "275560", "Номера": [ 26.7 ], "вес": 0.0454090909 }, "geometry": { "type": "MultiPolygon", "coordinates": [ [ [ [ 127.526275051861958, 50.293273971979254 ], [ 127.52672420950401, 50.293273971979254 ], [ 127.52672420950401, 50.292987023100906 ], [ 127.526275051861958, 50.292987023100906 ], [ 127.526275051861958, 50.293273971979254 ] ] ] ] } },
{ "type": "Feature", "properties": { "fid": 276, "id": "275561", "Номера": [ 26.7 ], "вес": 0.0454090909 }, "geometry": { "type": "MultiPolygon", "coordinates": [ [ [ [ 127.525825894219878, 50.292413120152496 ], [ 127.526275051861958, 50.292413120152496 ], [ 127.526275051861958, 50.292126166082433 ], [ 127.525825894219878, 50.292126166082433 ], [ 127.525825894219878, 50.292413120152496 ] ] ] ] } },
{ "type": "Feature", "properties": { "fid": 277, "id": "275562", "Номера": [ 26.7 ], "вес": 0.0454090909 }, "geometry": { "type": "MultiPolygon", "coordinates": [ [ [ [ 127.526275051861958, 50.292413120152496 ], [ 127.52672420950401, 50.292413120152496 ], [ 127.52672420950401, 50.292126166082433 ], [ 127.526275051861958, 50.292126166082433 ], [ 127.526275051861958, 50.292413120152496 ] ] ] ] } },
{ "type": "Feature", "properties": { "fid": 278, "id": "275563", "Номера": [ 26.7 ], "вес": 0.0454090909 }, "geometry": { "type": "MultiPolygon", "coordinates": [ [ [ [ 127.525825894219878, 50.292413120152496 ], [ 127.525825894219878, 50.292700072491989 ], [ 127.526275051861958, 50.292700072491989 ], [ 127.526275051861958, 50.292413120152496 ], [ 127.525825894219878, 50.292413120152496 ] ] ] ] } },
{ "type": "Feature", "properties": { "fid": 279, "id": "275564", "Номера": [ 26.7 ], "вес": 0.0454090909 }, "geometry": { "type": "MultiPolygon", "coordinates": [ [ [ [ 127.526275051861958, 50.292700072491989 ], [ 127.52672420950401, 50.292700072491989 ], [ 127.52672420950401, 50.292413120152496 ], [ 127.526275051861958, 50.292413120152496 ], [ 127.526275051861958, 50.292700072491989 ] ] ] ] } },
{ "type": "Feature", "properties": { "fid": 280, "id": "275565", "Номера": [ 26.7 ], "вес": 0.0454090909 }, "geometry": { "type": "MultiPolygon", "coordinates": [ [ [ [ 127.525825894219878, 50.291839210281786 ], [ 127.526275051861958, 50.291839210281786 ], [ 127.526275051861958, 50.291552252750535 ], [ 127.525825894219878, 50.291552252750535 ], [ 127.525825894219878, 50.291839210281786 ] ] ] ] } },
{ "type": "Feature", "properties": { "fid": 281, "id": "275566", "Номера": [ 26.7 ], "вес": 0.0454090909 }, "geometry": { "type": "MultiPolygon", "coordinates": [ [ [ [ 127.526275051861958, 50.291839210281786 ], [ 127.52672420950401, 50.291839210281786 ], [ 127.52672420950401, 50.291552252750535 ], [ 127.526275051861958, 50.291552252750535 ], [ 127.526275051861958, 50.291839210281786 ] ] ] ] } },
{ "type": "Feature", "properties": { "fid": 282, "id": "275567", "Номера": [ 26.7 ], "вес": 0.0454090909 }, "geometry": { "type": "MultiPolygon", "coordinates": [ [ [ [ 127.525825894219878, 50.291839210281786 ], [ 127.525825894219878, 50.292126166082433 ], [ 127.526275051861958, 50.292126166082433 ], [ 127.526275051861958, 50.291839210281786 ], [ 127.525825894219878, 50.291839210281786 ] ] ] ] } },
{ "type": "Feature", "properties": { "fid": 283, "id": "275568", "Номера": [ 26.7 ], "вес": 0.0454090909 }, "geometry": { "type": "MultiPolygon", "coordinates": [ [ [ [ 127.526275051861958, 50.292126166082433 ], [ 127.52672420950401, 50.292126166082433 ], [ 127.52672420950401, 50.291839210281786 ], [ 127.526275051861958, 50.291839210281786 ], [ 127.526275051861958, 50.292126166082433 ] ] ] ] } },
{ "type": "Feature", "properties": { "fid": 284, "id": "275569", "Номера": [ 26.7 ], "вес": 0.0454090909 }, "geometry": { "type": "MultiPolygon", "coordinates": [ [ [ [ 127.525825894219878, 50.291265293488713 ], [ 127.526275051861958, 50.291265293488713 ], [ 127.526275051861958, 50.290978332496294 ], [ 127.525825894219878, 50.290978332496294 ], [ 127.525825894219878, 50.291265293488713 ] ] ] ] } },
{ "type": "Feature", "properties": { "fid": 285, "id": "275570", "Номера": [ 26.7 ], "вес": 0.0454090909 }, "geometry": { "type": "MultiPolygon", "coordinates": [ [ [ [ 127.526275051861958, 50.291265293488713 ], [ 127.52672420950401, 50.291265293488713 ], [ 127.52672420950401, 50.290978332496294 ], [ 127.526275051861958, 50.290978332496294 ], [ 127.526275051861958, 50.291265293488713 ] ] ] ] } },
{ "type": "Feature", "properties": { "fid": 286, "id": "275571", "Номера": [ 26.7 ], "вес": 0.0454090909 }, "geometry": { "type": "MultiPolygon", "coordinates": [ [ [ [ 127.525825894219878, 50.291265293488713 ], [ 127.525825894219878, 50.291552252750535 ], [ 127.526275051861958, 50.291552252750535 ], [ 127.526275051861958, 50.291265293488713 ], [ 127.525825894219878, 50.291265293488713 ] ] ] ] } },
{ "type": "Feature", "properties": { "fid": 287, "id": "275572", "Номера": [ 26.7 ], "вес": 0.0454090909 }, "geometry": { "type": "MultiPolygon", "coordinates": [ [ [ [ 127.526275051861958, 50.291552252750535 ], [ 127.52672420950401, 50.291552252750535 ], [ 127.52672420950401, 50.291265293488713 ], [ 127.526275051861958, 50.291265293488713 ], [ 127.526275051861958, 50.291552252750535 ] ] ] ] } },
{ "type": "Feature", "properties": { "fid": 288, "id": "275575", "Номера": [ 26.7 ], "вес": 0.0454090909 }, "geometry": { "type": "MultiPolygon", "coordinates": [ [ [ [ 127.525825894219878, 50.290978332496294 ], [ 127.526275051861958, 50.290978332496294 ], [ 127.526275051861958, 50.290790847544713 ], [ 127.525825894219878, 50.290851637173212 ], [ 127.525825894219878, 50.290978332496294 ] ] ] ] } },
{ "type": "Feature", "properties": { "fid": 289, "id": "275576", "Номера": [ 26.7 ], "вес": 0.0454090909 }, "geometry": { "type": "MultiPolygon", "coordinates": [ [ [ [ 127.526275051861958, 50.290978332496294 ], [ 127.52672420950401, 50.290978332496294 ], [ 127.52672420950401, 50.290730057838559 ], [ 127.526275051861958, 50.290790847544713 ], [ 127.526275051861958, 50.290978332496294 ] ] ] ] } },
{ "type": "Feature", "properties": { "fid": 290, "id": "275789", "Номера": [ 26.2 ], "вес": 0.0436881607 }, "geometry": { "type": "MultiPolygon", "coordinates": [ [ [ [ 127.525825894219878, 50.25854059281189 ], [ 127.526275051861958, 50.25854059281189 ], [ 127.526275051861958, 50.258253434510792 ], [ 127.525825894219878, 50.258253434510792 ], [ 127.525825894219878, 50.25854059281189 ] ] ] ] } },
{ "type": "Feature", "properties": { "fid": 291, "id": "275790", "Номера": [ 26.2 ], "вес": 0.0436881607 }, "geometry": { "type": "MultiPolygon", "coordinates": [ [ [ [ 127.526275051861958, 50.25854059281189 ], [ 127.526446880633884, 50.25854059281189 ], [ 127.52672420950401, 50.258512095531351 ], [ 127.52672420950401, 50.258253434510792 ], [ 127.526275051861958, 50.258253434510792 ], [ 127.526275051861958, 50.25854059281189 ] ] ] ] } },
{ "type": "Feature", "properties": { "fid": 292, "id": "275793", "Номера": [ 26.2 ], "вес": 0.0436881607 }, "geometry": { "type": "MultiPolygon", "coordinates": [ [ [ [ 127.525825894219878, 50.25796627447874 ], [ 127.526275051861958, 50.25796627447874 ], [ 127.526275051861958, 50.257679112715735 ], [ 127.525825894219878, 50.257679112715735 ], [ 127.525825894219878, 50.25796627447874 ] ] ] ] } },
{ "type": "Feature", "properties": { "fid": 293, "id": "275794", "Номера": [ 26.2 ], "вес": 0.0436881607 }, "geometry": { "type": "MultiPolygon", "coordinates": [ [ [ [ 127.526275051861958, 50.25796627447874 ], [ 127.52672420950401, 50.25796627447874 ], [ 127.52672420950401, 50.257679112715735 ], [ 127.526275051861958, 50.257679112715735 ], [ 127.526275051861958, 50.25796627447874 ] ] ] ] } },
{ "type": "Feature", "properties": { "fid": 294, "id": "275795", "Номера": [ 26.2 ], "вес": 0.0436881607 }, "geometry": { "type": "MultiPolygon", "coordinates": [ [ [ [ 127.525825894219878, 50.25796627447874 ], [ 127.525825894219878, 50.258253434510792 ], [ 127.526275051861958, 50.258253434510792 ], [ 127.526275051861958, 50.25796627447874 ], [ 127.525825894219878, 50.25796627447874 ] ] ] ] } },
{ "type": "Feature", "properties": { "fid": 295, "id": "275796", "Номера": [ 26.2 ], "вес": 0.0436881607 }, "geometry": { "type": "MultiPolygon", "coordinates": [ [ [ [ 127.526275051861958, 50.258253434510792 ], [ 127.52672420950401, 50.258253434510792 ], [ 127.52672420950401, 50.25796627447874 ], [ 127.526275051861958, 50.25796627447874 ], [ 127.526275051861958, 50.258253434510792 ] ] ] ] } },
{ "type": "Feature", "properties": { "fid": 296, "id": "275797", "Номера": [ 26.2 ], "вес": 0.0436881607 }, "geometry": { "type": "MultiPolygon", "coordinates": [ [ [ [ 127.525825894219878, 50.257391949221741 ], [ 127.526275051861958, 50.257391949221741 ], [ 127.526275051861958, 50.257104783996773 ], [ 127.525825894219878, 50.257104783996773 ], [ 127.525825894219878, 50.257391949221741 ] ] ] ] } },
{ "type": "Feature", "properties": { "fid": 297, "id": "275798", "Номера": [ 26.2 ], "вес": 0.0436881607 }, "geometry": { "type": "MultiPolygon", "coordinates": [ [ [ [ 127.526275051861958, 50.257391949221741 ], [ 127.52672420950401, 50.257391949221741 ], [ 127.52672420950401, 50.257104783996773 ], [ 127.526275051861958, 50.257104783996773 ], [ 127.526275051861958, 50.257391949221741 ] ] ] ] } },
{ "type": "Feature", "properties": { "fid": 298, "id": "275799", "Номера": [ 26.2 ], "вес": 0.0436881607 }, "geometry": { "type": "MultiPolygon", "coordinates": [ [ [ [ 127.525825894219878, 50.257391949221741 ], [ 127.525825894219878, 50.257679112715735 ], [ 127.526275051861958, 50.257679112715735 ], [ 127.526275051861958, 50.257391949221741 ], [ 127.525825894219878, 50.257391949221741 ] ] ] ] } },
{ "type": "Feature", "properties": { "fid": 299, "id": "275800", "Номера": [ 26.2 ], "вес": 0.0436881607 }, "geometry": { "type": "MultiPolygon", "coordinates": [ [ [ [ 127.526275051861958, 50.257679112715735 ], [ 127.52672420950401, 50.257679112715735 ], [ 127.52672420950401, 50.257391949221741 ], [ 127.526275051861958, 50.257391949221741 ], [ 127.526275051861958, 50.257679112715735 ] ] ] ] } },
{ "type": "Feature", "properties": { "fid": 300, "id": "275801", "Номера": [ 26.2 ], "вес": 0.0436881607 }, "geometry": { "type": "MultiPolygon", "coordinates": [ [ [ [ 127.525825894219878, 50.256817617040838 ], [ 127.526275051861958, 50.256817617040838 ], [ 127.526275051861958, 50.256537172773569 ], [ 127.526130873563133, 50.256530448353921 ], [ 127.525825894219878, 50.256530448353921 ], [ 127.525825894219878, 50.256817617040838 ] ] ] ] } },
{ "type": "Feature", "properties": { "fid": 301, "id": "275802", "Номера": [ 26.2 ], "вес": 0.0436881607 }, "geometry": { "type": "MultiPolygon", "coordinates": [ [ [ [ 127.526275051861958, 50.256817617040838 ], [ 127.52672420950401, 50.256817617040838 ], [ 127.52672420950401, 50.256558121304778 ], [ 127.526275051861958, 50.256537172773569 ], [ 127.526275051861958, 50.256817617040838 ] ] ] ] } },
{ "type": "Feature", "properties": { "fid": 302, "id": "275803", "Номера": [ 26.2 ], "вес": 0.0436881607 }, "geometry": { "type": "MultiPolygon", "coordinates": [ [ [ [ 127.525825894219878, 50.256817617040838 ], [ 127.525825894219878, 50.257104783996773 ], [ 127.526275051861958, 50.257104783996773 ], [ 127.526275051861958, 50.256817617040838 ], [ 127.525825894219878, 50.256817617040838 ] ] ] ] } },
{ "type": "Feature", "properties": { "fid": 303, "id": "275804", "Номера": [ 26.2 ], "вес": 0.0436881607 }, "geometry": { "type": "MultiPolygon", "coordinates": [ [ [ [ 127.526275051861958, 50.257104783996773 ], [ 127.52672420950401, 50.257104783996773 ], [ 127.52672420950401, 50.256817617040838 ], [ 127.526275051861958, 50.256817617040838 ], [ 127.526275051861958, 50.257104783996773 ] ] ] ] } },
{ "type": "Feature", "properties": { "fid": 304, "id": "275961", "Номера": [ 26.7 ], "вес": 0.0454090909 }, "geometry": { "type": "MultiPolygon", "coordinates": [ [ [ [ 127.52672420950401, 50.296745568739183 ], [ 127.527125704438575, 50.297004149917086 ], [ 127.527173367146077, 50.297004149917086 ], [ 127.527173367146077, 50.296717223535893 ], [ 127.52672420950401, 50.296717223535893 ], [ 127.52672420950401, 50.296745568739183 ] ] ] ] } },
{ "type": "Feature", "properties": { "fid": 305, "id": "275962", "Номера": [ 26.7 ], "вес": 0.0454090909 }, "geometry": { "type": "MultiPolygon", "coordinates": [ [ [ [ 127.527173367146077, 50.297004149917086 ], [ 127.527622524788129, 50.297004149917086 ], [ 127.527622524788129, 50.296717223535893 ], [ 127.527173367146077, 50.296717223535893 ], [ 127.527173367146077, 50.297004149917086 ] ] ] ] } },
{ "type": "Feature", "properties": { "fid": 306, "id": "275964", "Номера": [ 26.7 ], "вес": 0.0454090909 }, "geometry": { "type": "MultiPolygon", "coordinates": [ [ [ [ 127.527173367146077, 50.297034846796464 ], [ 127.527571210392466, 50.297291074567759 ], [ 127.527622524788129, 50.297291074567759 ], [ 127.527622524788129, 50.297004149917086 ], [ 127.527173367146077, 50.297004149917086 ], [ 127.527173367146077, 50.297034846796464 ] ] ] ] } },
{ "type": "Feature", "properties": { "fid": 307, "id": "275965", "Номера": [ 26.7 ], "вес": 0.0454090909 }, "geometry": { "type": "MultiPolygon", "coordinates": [ [ [ [ 127.52672420950401, 50.296430295424159 ], [ 127.527173367146077, 50.296430295424159 ], [ 127.527173367146077, 50.296143365581912 ], [ 127.52672420950401, 50.296143365581912 ], [ 127.52672420950401, 50.296430295424159 ] ] ] ] } },
{ "type": "Feature", "properties": { "fid": 308, "id": "275966", "Номера": [ 26.7 ], "вес": 0.0454090909 }, "geometry": { "type": "MultiPolygon", "coordinates": [ [ [ [ 127.527173367146077, 50.296430295424159 ], [ 127.527622524788129, 50.296430295424159 ], [ 127.527622524788129, 50.296143365581912 ], [ 127.527173367146077, 50.296143365581912 ], [ 127.527173367146077, 50.296430295424159 ] ] ] ] } },
{ "type": "Feature", "properties": { "fid": 309, "id": "275967", "Номера": [ 26.7 ], "вес": 0.0454090909 }, "geometry": { "type": "MultiPolygon", "coordinates": [ [ [ [ 127.52672420950401, 50.296430295424159 ], [ 127.52672420950401, 50.296717223535893 ], [ 127.527173367146077, 50.296717223535893 ], [ 127.527173367146077, 50.296430295424159 ], [ 127.52672420950401, 50.296430295424159 ] ] ] ] } },
{ "type": "Feature", "properties": { "fid": 310, "id": "275968", "Номера": [ 26.7 ], "вес": 0.0454090909 }, "geometry": { "type": "MultiPolygon", "coordinates": [ [ [ [ 127.527173367146077, 50.296717223535893 ], [ 127.527622524788129, 50.296717223535893 ], [ 127.527622524788129, 50.296430295424159 ], [ 127.527173367146077, 50.296430295424159 ], [ 127.527173367146077, 50.296717223535893 ] ] ] ] } },
{ "type": "Feature", "properties": { "fid": 311, "id": "275969", "Номера": [ 26.7 ], "вес": 0.0454090909 }, "geometry": { "type": "MultiPolygon", "coordinates": [ [ [ [ 127.52672420950401, 50.29585643400911 ], [ 127.527173367146077, 50.29585643400911 ], [ 127.527173367146077, 50.295569500705774 ], [ 127.52672420950401, 50.295569500705774 ], [ 127.52672420950401, 50.29585643400911 ] ] ] ] } },
{ "type": "Feature", "properties": { "fid": 312, "id": "275970", "Номера": [ 26.7 ], "вес": 0.0454090909 }, "geometry": { "type": "MultiPolygon", "coordinates": [ [ [ [ 127.527173367146077, 50.29585643400911 ], [ 127.527622524788129, 50.29585643400911 ], [ 127.527622524788129, 50.295569500705774 ], [ 127.527173367146077, 50.295569500705774 ], [ 127.527173367146077, 50.29585643400911 ] ] ] ] } },
{ "type": "Feature", "properties": { "fid": 313, "id": "275971", "Номера": [ 26.7 ], "вес": 0.0454090909 }, "geometry": { "type": "MultiPolygon", "coordinates": [ [ [ [ 127.52672420950401, 50.29585643400911 ], [ 127.52672420950401, 50.296143365581912 ], [ 127.527173367146077, 50.296143365581912 ], [ 127.527173367146077, 50.29585643400911 ], [ 127.52672420950401, 50.29585643400911 ] ] ] ] } },
{ "type": "Feature", "properties": { "fid": 314, "id": "275972", "Номера": [ 26.7 ], "вес": 0.0454090909 }, "geometry": { "type": "MultiPolygon", "coordinates": [ [ [ [ 127.527173367146077, 50.296143365581912 ], [ 127.527622524788129, 50.296143365581912 ], [ 127.527622524788129, 50.29585643400911 ], [ 127.527173367146077, 50.29585643400911 ], [ 127.527173367146077, 50.296143365581912 ] ] ] ] } },
{ "type": "Feature", "properties": { "fid": 315, "id": "275973", "Номера": [ 26.7 ], "вес": 0.0454090909 }, "geometry": { "type": "MultiPolygon", "coordinates": [ [ [ [ 127.52672420950401, 50.29528256567189 ], [ 127.527173367146077, 50.29528256567189 ], [ 127.527173367146077, 50.294995628907465 ], [ 127.52672420950401, 50.294995628907465 ], [ 127.52672420950401, 50.29528256567189 ] ] ] ] } },
{ "type": "Feature", "properties": { "fid": 316, "id": "275974", "Номера": [ 26.7 ], "вес": 0.0454090909 }, "geometry": { "type": "MultiPolygon", "coordinates": [ [ [ [ 127.527173367146077, 50.29528256567189 ], [ 127.527622524788129, 50.29528256567189 ], [ 127.527622524788129, 50.294995628907465 ], [ 127.527173367146077, 50.294995628907465 ], [ 127.527173367146077, 50.29528256567189 ] ] ] ] } },
{ "type": "Feature", "properties": { "fid": 317, "id": "275975", "Номера": [ 26.7 ], "вес": 0.0454090909 }, "geometry": { "type": "MultiPolygon", "coordinates": [ [ [ [ 127.52672420950401, 50.29528256567189 ], [ 127.52672420950401, 50.295569500705774 ], [ 127.527173367146077, 50.295569500705774 ], [ 127.527173367146077, 50.29528256567189 ], [ 127.52672420950401, 50.29528256567189 ] ] ] ] } },
{ "type": "Feature", "properties": { "fid": 318, "id": "275976", "Номера": [ 26.7 ], "вес": 0.0454090909 }, "geometry": { "type": "MultiPolygon", "coordinates": [ [ [ [ 127.527173367146077, 50.295569500705774 ], [ 127.527622524788129, 50.295569500705774 ], [ 127.527622524788129, 50.29528256567189 ], [ 127.527173367146077, 50.29528256567189 ], [ 127.527173367146077, 50.295569500705774 ] ] ] ] } },
{ "type": "Feature", "properties": { "fid": 319, "id": "275977", "Номера": [ 26.7 ], "вес": 0.0454090909 }, "geometry": { "type": "MultiPolygon", "coordinates": [ [ [ [ 127.52672420950401, 50.294708690412492 ], [ 127.527173367146077, 50.294708690412492 ], [ 127.527173367146077, 50.294421750186963 ], [ 127.52672420950401, 50.294421750186963 ], [ 127.52672420950401, 50.294708690412492 ] ] ] ] } },
{ "type": "Feature", "properties": { "fid": 320, "id": "275978", "Номера": [ 26.7 ], "вес": 0.0454090909 }, "geometry": { "type": "MultiPolygon", "coordinates": [ [ [ [ 127.527173367146077, 50.294708690412492 ], [ 127.527622524788129, 50.294708690412492 ], [ 127.527622524788129, 50.294421750186963 ], [ 127.527173367146077, 50.294421750186963 ], [ 127.527173367146077, 50.294708690412492 ] ] ] ] } },
{ "type": "Feature", "properties": { "fid": 321, "id": "275979", "Номера": [ 26.7 ], "вес": 0.0454090909 }, "geometry": { "type": "MultiPolygon", "coordinates": [ [ [ [ 127.52672420950401, 50.294708690412492 ], [ 127.52672420950401, 50.294995628907465 ], [ 127.527173367146077, 50.294995628907465 ], [ 127.527173367146077, 50.294708690412492 ], [ 127.52672420950401, 50.294708690412492 ] ] ] ] } },
{ "type": "Feature", "properties": { "fid": 322, "id": "275980", "Номера": [ 26.7 ], "вес": 0.0454090909 }, "geometry": { "type": "MultiPolygon", "coordinates": [ [ [ [ 127.527173367146077, 50.294995628907465 ], [ 127.527622524788129, 50.294995628907465 ], [ 127.527622524788129, 50.294708690412492 ], [ 127.527173367146077, 50.294708690412492 ], [ 127.527173367146077, 50.294995628907465 ] ] ] ] } },
{ "type": "Feature", "properties": { "fid": 323, "id": "275981", "Номера": [ 26.7 ], "вес": 0.0454090909 }, "geometry": { "type": "MultiPolygon", "coordinates": [ [ [ [ 127.52672420950401, 50.294134808230879 ], [ 127.527173367146077, 50.294134808230879 ], [ 127.527173367146077, 50.293847864544226 ], [ 127.52672420950401, 50.293847864544226 ], [ 127.52672420950401, 50.294134808230879 ] ] ] ] } },
{ "type": "Feature", "properties": { "fid": 324, "id": "275982", "Номера": [ 26.7 ], "вес": 0.0454090909 }, "geometry": { "type": "MultiPolygon", "coordinates": [ [ [ [ 127.527173367146077, 50.294134808230879 ], [ 127.527622524788129, 50.294134808230879 ], [ 127.527622524788129, 50.293847864544226 ], [ 127.527173367146077, 50.293847864544226 ], [ 127.527173367146077, 50.294134808230879 ] ] ] ] } },
{ "type": "Feature", "properties": { "fid": 325, "id": "275983", "Номера": [ 26.7 ], "вес": 0.0454090909 }, "geometry": { "type": "MultiPolygon", "coordinates": [ [ [ [ 127.52672420950401, 50.294134808230879 ], [ 127.52672420950401, 50.294421750186963 ], [ 127.527173367146077, 50.294421750186963 ], [ 127.527173367146077, 50.294134808230879 ], [ 127.52672420950401, 50.294134808230879 ] ] ] ] } },
{ "type": "Feature", "properties": { "fid": 326, "id": "275984", "Номера": [ 26.7 ], "вес": 0.0454090909 }, "geometry": { "type": "MultiPolygon", "coordinates": [ [ [ [ 127.527173367146077, 50.294421750186963 ], [ 127.527622524788129, 50.294421750186963 ], [ 127.527622524788129, 50.294134808230879 ], [ 127.527173367146077, 50.294134808230879 ], [ 127.527173367146077, 50.294421750186963 ] ] ] ] } },
{ "type": "Feature", "properties": { "fid": 327, "id": "275985", "Номера": [ 26.7 ], "вес": 0.0454090909 }, "geometry": { "type": "MultiPolygon", "coordinates": [ [ [ [ 127.52672420950401, 50.293560919127032 ], [ 127.527173367146077, 50.293560919127032 ], [ 127.527173367146077, 50.293273971979254 ], [ 127.52672420950401, 50.293273971979254 ], [ 127.52672420950401, 50.293560919127032 ] ] ] ] } },
{ "type": "Feature", "properties": { "fid": 328, "id": "275986", "Номера": [ 26.7 ], "вес": 0.0454090909 }, "geometry": { "type": "MultiPolygon", "coordinates": [ [ [ [ 127.527173367146077, 50.293560919127032 ], [ 127.527622524788129, 50.293560919127032 ], [ 127.527622524788129, 50.293273971979254 ], [ 127.527173367146077, 50.293273971979254 ], [ 127.527173367146077, 50.293560919127032 ] ] ] ] } },
{ "type": "Feature", "properties": { "fid": 329, "id": "275987", "Номера": [ 26.7 ], "вес": 0.0454090909 }, "geometry": { "type": "MultiPolygon", "coordinates": [ [ [ [ 127.52672420950401, 50.293560919127032 ], [ 127.52672420950401, 50.293847864544226 ], [ 127.527173367146077, 50.293847864544226 ], [ 127.527173367146077, 50.293560919127032 ], [ 127.52672420950401, 50.293560919127032 ] ] ] ] } },
{ "type": "Feature", "properties": { "fid": 330, "id": "275988", "Номера": [ 26.7 ], "вес": 0.0454090909 }, "geometry": { "type": "MultiPolygon", "coordinates": [ [ [ [ 127.527173367146077, 50.293847864544226 ], [ 127.527622524788129, 50.293847864544226 ], [ 127.527622524788129, 50.293560919127032 ], [ 127.527173367146077, 50.293560919127032 ], [ 127.527173367146077, 50.293847864544226 ] ] ] ] } },
{ "type": "Feature", "properties": { "fid": 331, "id": "275989", "Номера": [ 26.7 ], "вес": 0.0454090909 }, "geometry": { "type": "MultiPolygon", "coordinates": [ [ [ [ 127.52672420950401, 50.292987023100906 ], [ 127.527173367146077, 50.292987023100906 ], [ 127.527173367146077, 50.292700072491989 ], [ 127.52672420950401, 50.292700072491989 ], [ 127.52672420950401, 50.292987023100906 ] ] ] ] } },
{ "type": "Feature", "properties": { "fid": 332, "id": "275990", "Номера": [ 26.7 ], "вес": 0.0454090909 }, "geometry": { "type": "MultiPolygon", "coordinates": [ [ [ [ 127.527173367146077, 50.292987023100906 ], [ 127.527622524788129, 50.292987023100906 ], [ 127.527622524788129, 50.292700072491989 ], [ 127.527173367146077, 50.292700072491989 ], [ 127.527173367146077, 50.292987023100906 ] ] ] ] } },
{ "type": "Feature", "properties": { "fid": 333, "id": "275991", "Номера": [ 26.7 ], "вес": 0.0454090909 }, "geometry": { "type": "MultiPolygon", "coordinates": [ [ [ [ 127.52672420950401, 50.292987023100906 ], [ 127.52672420950401, 50.293273971979254 ], [ 127.527173367146077, 50.293273971979254 ], [ 127.527173367146077, 50.292987023100906 ], [ 127.52672420950401, 50.292987023100906 ] ] ] ] } },
{ "type": "Feature", "properties": { "fid": 334, "id": "275992", "Номера": [ 26.7 ], "вес": 0.0454090909 }, "geometry": { "type": "MultiPolygon", "coordinates": [ [ [ [ 127.527173367146077, 50.293273971979254 ], [ 127.527622524788129, 50.293273971979254 ], [ 127.527622524788129, 50.292987023100906 ], [ 127.527173367146077, 50.292987023100906 ], [ 127.527173367146077, 50.293273971979254 ] ] ] ] } },
{ "type": "Feature", "properties": { "fid": 335, "id": "275993", "Номера": [ 26.7 ], "вес": 0.0454090909 }, "geometry": { "type": "MultiPolygon", "coordinates": [ [ [ [ 127.52672420950401, 50.292413120152496 ], [ 127.527173367146077, 50.292413120152496 ], [ 127.527173367146077, 50.292126166082433 ], [ 127.52672420950401, 50.292126166082433 ], [ 127.52672420950401, 50.292413120152496 ] ] ] ] } },
{ "type": "Feature", "properties": { "fid": 336, "id": "275994", "Номера": [ 26.7 ], "вес": 0.0454090909 }, "geometry": { "type": "MultiPolygon", "coordinates": [ [ [ [ 127.527173367146077, 50.292413120152496 ], [ 127.527622524788129, 50.292413120152496 ], [ 127.527622524788129, 50.292126166082433 ], [ 127.527173367146077, 50.292126166082433 ], [ 127.527173367146077, 50.292413120152496 ] ] ] ] } },
{ "type": "Feature", "properties": { "fid": 337, "id": "275995", "Номера": [ 26.7 ], "вес": 0.0454090909 }, "geometry": { "type": "MultiPolygon", "coordinates": [ [ [ [ 127.52672420950401, 50.292413120152496 ], [ 127.52672420950401, 50.292700072491989 ], [ 127.527173367146077, 50.292700072491989 ], [ 127.527173367146077, 50.292413120152496 ], [ 127.52672420950401, 50.292413120152496 ] ] ] ] } },
{ "type": "Feature", "properties": { "fid": 338, "id": "275996", "Номера": [ 26.7 ], "вес": 0.0454090909 }, "geometry": { "type": "MultiPolygon", "coordinates": [ [ [ [ 127.527173367146077, 50.292700072491989 ], [ 127.527622524788129, 50.292700072491989 ], [ 127.527622524788129, 50.292413120152496 ], [ 127.527173367146077, 50.292413120152496 ], [ 127.527173367146077, 50.292700072491989 ] ] ] ] } },
{ "type": "Feature", "properties": { "fid": 339, "id": "275997", "Номера": [ 26.7 ], "вес": 0.0454090909 }, "geometry": { "type": "MultiPolygon", "coordinates": [ [ [ [ 127.52672420950401, 50.291839210281786 ], [ 127.527173367146077, 50.291839210281786 ], [ 127.527173367146077, 50.291552252750535 ], [ 127.52672420950401, 50.291552252750535 ], [ 127.52672420950401, 50.291839210281786 ] ] ] ] } },
{ "type": "Feature", "properties": { "fid": 340, "id": "275998", "Номера": [ 26.7 ], "вес": 0.0454090909 }, "geometry": { "type": "MultiPolygon", "coordinates": [ [ [ [ 127.527173367146077, 50.291839210281786 ], [ 127.527622524788129, 50.291839210281786 ], [ 127.527622524788129, 50.291552252750535 ], [ 127.527173367146077, 50.291552252750535 ], [ 127.527173367146077, 50.291839210281786 ] ] ] ] } },
{ "type": "Feature", "properties": { "fid": 341, "id": "275999", "Номера": [ 26.7 ], "вес": 0.0454090909 }, "geometry": { "type": "MultiPolygon", "coordinates": [ [ [ [ 127.52672420950401, 50.291839210281786 ], [ 127.52672420950401, 50.292126166082433 ], [ 127.527173367146077, 50.292126166082433 ], [ 127.527173367146077, 50.291839210281786 ], [ 127.52672420950401, 50.291839210281786 ] ] ] ] } },
{ "type": "Feature", "properties": { "fid": 342, "id": "276000", "Номера": [ 26.7 ], "вес": 0.0454090909 }, "geometry": { "type": "MultiPolygon", "coordinates": [ [ [ [ 127.527173367146077, 50.292126166082433 ], [ 127.527622524788129, 50.292126166082433 ], [ 127.527622524788129, 50.291839210281786 ], [ 127.527173367146077, 50.291839210281786 ], [ 127.527173367146077, 50.292126166082433 ] ] ] ] } },
{ "type": "Feature", "properties": { "fid": 343, "id": "276001", "Номера": [ 26.7 ], "вес": 0.0454090909 }, "geometry": { "type": "MultiPolygon", "coordinates": [ [ [ [ 127.52672420950401, 50.291265293488713 ], [ 127.527173367146077, 50.291265293488713 ], [ 127.527173367146077, 50.290978332496294 ], [ 127.52672420950401, 50.290978332496294 ], [ 127.52672420950401, 50.291265293488713 ] ] ] ] } },
{ "type": "Feature", "properties": { "fid": 344, "id": "276002", "Номера": [ 26.7 ], "вес": 0.0454090909 }, "geometry": { "type": "MultiPolygon", "coordinates": [ [ [ [ 127.527173367146077, 50.291265293488713 ], [ 127.527622524788129, 50.291265293488713 ], [ 127.527622524788129, 50.290978332496294 ], [ 127.527173367146077, 50.290978332496294 ], [ 127.527173367146077, 50.291265293488713 ] ] ] ] } },
{ "type": "Feature", "properties": { "fid": 345, "id": "276003", "Номера": [ 26.7 ], "вес": 0.0454090909 }, "geometry": { "type": "MultiPolygon", "coordinates": [ [ [ [ 127.52672420950401, 50.291265293488713 ], [ 127.52672420950401, 50.291552252750535 ], [ 127.527173367146077, 50.291552252750535 ], [ 127.527173367146077, 50.291265293488713 ], [ 127.52672420950401, 50.291265293488713 ] ] ] ] } },
{ "type": "Feature", "properties": { "fid": 346, "id": "276004", "Номера": [ 26.7 ], "вес": 0.0454090909 }, "geometry": { "type": "MultiPolygon", "coordinates": [ [ [ [ 127.527173367146077, 50.291552252750535 ], [ 127.527622524788129, 50.291552252750535 ], [ 127.527622524788129, 50.291265293488713 ], [ 127.527173367146077, 50.291265293488713 ], [ 127.527173367146077, 50.291552252750535 ] ] ] ] } },
{ "type": "Feature", "properties": { "fid": 347, "id": "276007", "Номера": [ 26.7 ], "вес": 0.0454090909 }, "geometry": { "type": "MultiPolygon", "coordinates": [ [ [ [ 127.527010064184225, 50.290691369773285 ], [ 127.52672420950401, 50.290730057838559 ], [ 127.52672420950401, 50.290978332496294 ], [ 127.527173367146077, 50.290978332496294 ], [ 127.527173367146077, 50.290691369773285 ], [ 127.527010064184225, 50.290691369773285 ] ] ] ] } },
{ "type": "Feature", "properties": { "fid": 348, "id": "276008", "Номера": [ 26.7 ], "вес": 0.0454090909 }, "geometry": { "type": "MultiPolygon", "coordinates": [ [ [ [ 127.527173367146077, 50.290978332496294 ], [ 127.527622524788129, 50.290978332496294 ], [ 127.527622524788129, 50.290691369773285 ], [ 127.527173367146077, 50.290691369773285 ], [ 127.527173367146077, 50.290978332496294 ] ] ] ] } },
{ "type": "Feature", "properties": { "fid": 349, "id": "276209", "Номера": [ 26.2 ], "вес": 0.0436881607 }, "geometry": { "type": "MultiPolygon", "coordinates": [ [ [ [ 127.52672420950401, 50.258512095531351 ], [ 127.527173367146077, 50.258465941730805 ], [ 127.527173367146077, 50.258253434510792 ], [ 127.52672420950401, 50.258253434510792 ], [ 127.52672420950401, 50.258512095531351 ] ] ] ] } },
{ "type": "Feature", "properties": { "fid": 350, "id": "276210", "Номера": [ 26.2, 26.1 ], "вес": 0.0900359408 }, "geometry": { "type": "MultiPolygon", "coordinates": [ [ [ [ 127.527335382836881, 50.258449293578558 ], [ 127.527352571499051, 50.258508818114812 ], [ 127.527622524788129, 50.258480930437862 ], [ 127.527622524788129, 50.258419787885558 ], [ 127.527622524788129, 50.258253434510792 ], [ 127.527278825549132, 50.258253434510792 ], [ 127.527173367146077, 50.258253434510792 ], [ 127.527173367146077, 50.258465941730805 ], [ 127.527335382836881, 50.258449293578558 ] ] ] ] } },
{ "type": "Feature", "properties": { "fid": 351, "id": "276213", "Номера": [ 26.2 ], "вес": 0.0436881607 }, "geometry": { "type": "MultiPolygon", "coordinates": [ [ [ [ 127.52672420950401, 50.25796627447874 ], [ 127.527173367146077, 50.25796627447874 ], [ 127.527173367146077, 50.257679112715735 ], [ 127.52672420950401, 50.257679112715735 ], [ 127.52672420950401, 50.25796627447874 ] ] ] ] } },
{ "type": "Feature", "properties": { "fid": 352, "id": "276214", "Номера": [ 26.2, 26.1 ], "вес": 0.0900359408 }, "geometry": { "type": "MultiPolygon", "coordinates": [ [ [ [ 127.527195904138296, 50.25796627447874 ], [ 127.527622524788129, 50.25796627447874 ], [ 127.527622524788129, 50.257679112715735 ], [ 127.527173367146077, 50.257679112715735 ], [ 127.527173367146077, 50.257888227709522 ], [ 127.527173367146077, 50.25796627447874 ], [ 127.527195904138296, 50.25796627447874 ] ] ] ] } },
{ "type": "Feature", "properties": { "fid": 353, "id": "276215", "Номера": [ 26.2 ], "вес": 0.0436881607 }, "geometry": { "type": "MultiPolygon", "coordinates": [ [ [ [ 127.52672420950401, 50.25796627447874 ], [ 127.52672420950401, 50.258253434510792 ], [ 127.527173367146077, 50.258253434510792 ], [ 127.527173367146077, 50.25796627447874 ], [ 127.52672420950401, 50.25796627447874 ] ] ] ] } },
{ "type": "Feature", "properties": { "fid": 354, "id": "276216", "Номера": [ 26.2, 26.1 ], "вес": 0.0900359408 }, "geometry": { "type": "MultiPolygon", "coordinates": [ [ [ [ 127.527278825549132, 50.258253434510792 ], [ 127.527622524788129, 50.258253434510792 ], [ 127.527622524788129, 50.25796627447874 ], [ 127.527195904138296, 50.25796627447874 ], [ 127.527173367146077, 50.25796627447874 ], [ 127.527173367146077, 50.258253434510792 ], [ 127.527278825549132, 50.258253434510792 ] ] ] ] } },
{ "type": "Feature", "properties": { "fid": 355, "id": "276217", "Номера": [ 26.2, 26.1 ], "вес": 0.0900359408 }, "geometry": { "type": "MultiPolygon", "coordinates": [ [ [ [ 127.527030061316609, 50.257391949221741 ], [ 127.527173367146077, 50.257391949221741 ], [ 127.527173367146077, 50.257104783996773 ], [ 127.526947139905772, 50.257104783996773 ], [ 127.52672420950401, 50.257104783996773 ], [ 127.52672420950401, 50.257391949221741 ], [ 127.527030061316609, 50.257391949221741 ] ] ] ] } },
{ "type": "Feature", "properties": { "fid": 356, "id": "276218", "Номера": [ 26.2, 26.1 ], "вес": 0.0900359408 }, "geometry": { "type": "MultiPolygon", "coordinates": [ [ [ [ 127.527622524788129, 50.257391949221741 ], [ 127.527622524788129, 50.257104783996773 ], [ 127.527173367146077, 50.257104783996773 ], [ 127.527173367146077, 50.257391949221741 ], [ 127.527622524788129, 50.257391949221741 ] ] ] ] } },
{ "type": "Feature", "properties": { "fid": 357, "id": "276219", "Номера": [ 26.2 ], "вес": 0.0436881607 }, "geometry": { "type": "MultiPolygon", "coordinates": [ [ [ [ 127.52672420950401, 50.257391949221741 ], [ 127.52672420950401, 50.257679112715735 ], [ 127.527173367146077, 50.257679112715735 ], [ 127.527173367146077, 50.257391949221741 ], [ 127.52672420950401, 50.257391949221741 ] ] ] ] } },
{ "type": "Feature", "properties": { "fid": 358, "id": "276220", "Номера": [ 26.2, 26.1 ], "вес": 0.0900359408 }, "geometry": { "type": "MultiPolygon", "coordinates": [ [ [ [ 127.527622524788129, 50.257679112715735 ], [ 127.527622524788129, 50.257391949221741 ], [ 127.527173367146077, 50.257391949221741 ], [ 127.527173367146077, 50.257679112715735 ], [ 127.527622524788129, 50.257679112715735 ] ] ] ] } },
{ "type": "Feature", "properties": { "fid": 359, "id": "276221", "Номера": [ 26.2, 26.1 ], "вес": 0.0900359408 }, "geometry": { "type": "MultiPolygon", "coordinates": [ [ [ [ 127.527173367146077, 50.256548383364759 ], [ 127.527173367146077, 50.256530448353921 ], [ 127.526781297084085, 50.256530448353921 ], [ 127.526790176165179, 50.256561197962469 ], [ 127.52672420950401, 50.256558121304778 ], [ 127.52672420950401, 50.256817617040838 ], [ 127.526864218494921, 50.256817617040838 ], [ 127.527173367146077, 50.256817617040838 ], [ 127.527173367146077, 50.256548383364759 ] ] ] ] } },
{ "type": "Feature", "properties": { "fid": 360, "id": "276222", "Номера": [ 26.2, 26.1 ], "вес": 0.0900359408 }, "geometry": { "type": "MultiPolygon", "coordinates": [ [ [ [ 127.527622524788129, 50.256817617040838 ], [ 127.527622524788129, 50.256530448353921 ], [ 127.527401378662063, 50.256530448353921 ], [ 127.527173367146077, 50.256530448353921 ], [ 127.527173367146077, 50.256548383364759 ], [ 127.527173367146077, 50.256817617040838 ], [ 127.527622524788129, 50.256817617040838 ] ] ] ] } },
{ "type": "Feature", "properties": { "fid": 361, "id": "276223", "Номера": [ 26.2, 26.1 ], "вес": 0.0900359408 }, "geometry": { "type": "MultiPolygon", "coordinates": [ [ [ [ 127.52672420950401, 50.257104783996773 ], [ 127.526947139905772, 50.257104783996773 ], [ 127.527173367146077, 50.257104783996773 ], [ 127.527173367146077, 50.256817617040838 ], [ 127.526864218494921, 50.256817617040838 ], [ 127.52672420950401, 50.256817617040838 ], [ 127.52672420950401, 50.257104783996773 ] ] ] ] } },
{ "type": "Feature", "properties": { "fid": 362, "id": "276224", "Номера": [ 26.2, 26.1 ], "вес": 0.0900359408 }, "geometry": { "type": "MultiPolygon", "coordinates": [ [ [ [ 127.527622524788129, 50.257104783996773 ], [ 127.527622524788129, 50.256817617040838 ], [ 127.527173367146077, 50.256817617040838 ], [ 127.527173367146077, 50.257104783996773 ], [ 127.527622524788129, 50.257104783996773 ] ] ] ] } },
{ "type": "Feature", "properties": { "fid": 363, "id": "276228", "Номера": [ 26.1 ], "вес": 0.0463477801 }, "geometry": { "type": "MultiPolygon", "coordinates": [ [ [ [ 127.527173367146077, 50.256530448353921 ], [ 127.527622524788129, 50.256530448353921 ], [ 127.527622524788129, 50.256406148703789 ], [ 127.527173367146077, 50.256442147246517 ], [ 127.527173367146077, 50.256530448353921 ] ] ] ] } },
{ "type": "Feature", "properties": { "fid": 364, "id": "276378", "Номера": [ 26.7 ], "вес": 0.0454090909 }, "geometry": { "type": "MultiPolygon", "coordinates": [ [ [ [ 127.528071682430181, 50.298456737285868 ], [ 127.528160561980002, 50.298725671863309 ], [ 127.528520840072261, 50.298725671863309 ], [ 127.528520840072261, 50.29843875586522 ], [ 127.528071682430181, 50.29843875586522 ], [ 127.528071682430181, 50.298456737285868 ] ] ] ] } },
{ "type": "Feature", "properties": { "fid": 365, "id": "276380", "Номера": [ 26.7 ], "вес": 0.0454090909 }, "geometry": { "type": "MultiPolygon", "coordinates": [ [ [ [ 127.528520840072261, 50.298725671863309 ], [ 127.528160561980002, 50.298725671863309 ], [ 127.528213576076837, 50.298886082884998 ], [ 127.528520840072261, 50.298874016800596 ], [ 127.528520840072261, 50.298725671863309 ] ] ] ] } },
{ "type": "Feature", "properties": { "fid": 366, "id": "276382", "Номера": [ 26.7 ], "вес": 0.0454090909 }, "geometry": { "type": "MultiPolygon", "coordinates": [ [ [ [ 127.528071682430181, 50.298151838136633 ], [ 127.528520840072261, 50.298151838136633 ], [ 127.528520840072261, 50.297864918677519 ], [ 127.528071682430181, 50.297864918677519 ], [ 127.528071682430181, 50.298151838136633 ] ] ] ] } },
{ "type": "Feature", "properties": { "fid": 367, "id": "276384", "Номера": [ 26.7 ], "вес": 0.0454090909 }, "geometry": { "type": "MultiPolygon", "coordinates": [ [ [ [ 127.528071682430181, 50.29843875586522 ], [ 127.528520840072261, 50.29843875586522 ], [ 127.528520840072261, 50.298151838136633 ], [ 127.528071682430181, 50.298151838136633 ], [ 127.528071682430181, 50.29843875586522 ] ] ] ] } },
{ "type": "Feature", "properties": { "fid": 368, "id": "276385", "Номера": [ 26.7 ], "вес": 0.0454090909 }, "geometry": { "type": "MultiPolygon", "coordinates": [ [ [ [ 127.527622524788129, 50.297324123094732 ], [ 127.527717611336513, 50.297385362581309 ], [ 127.52778127330447, 50.297577997487906 ], [ 127.528071682430181, 50.297577997487906 ], [ 127.528071682430181, 50.297291074567759 ], [ 127.527622524788129, 50.297291074567759 ], [ 127.527622524788129, 50.297324123094732 ] ] ] ] } },
{ "type": "Feature", "properties": { "fid": 369, "id": "276386", "Номера": [ 26.7 ], "вес": 0.0454090909 }, "geometry": { "type": "MultiPolygon", "coordinates": [ [ [ [ 127.528071682430181, 50.297577997487906 ], [ 127.528520840072261, 50.297577997487906 ], [ 127.528520840072261, 50.297291074567759 ], [ 127.528071682430181, 50.297291074567759 ], [ 127.528071682430181, 50.297577997487906 ] ] ] ] } },
{ "type": "Feature", "properties": { "fid": 370, "id": "276387", "Номера": [ 26.7 ], "вес": 0.0454090909 }, "geometry": { "type": "MultiPolygon", "coordinates": [ [ [ [ 127.52778127330447, 50.297577997487906 ], [ 127.527876095473331, 50.297864918677519 ], [ 127.528071682430181, 50.297864918677519 ], [ 127.528071682430181, 50.297577997487906 ], [ 127.52778127330447, 50.297577997487906 ] ] ] ] } },
{ "type": "Feature", "properties": { "fid": 371, "id": "276388", "Номера": [ 26.7 ], "вес": 0.0454090909 }, "geometry": { "type": "MultiPolygon", "coordinates": [ [ [ [ 127.528071682430181, 50.297864918677519 ], [ 127.528520840072261, 50.297864918677519 ], [ 127.528520840072261, 50.297577997487906 ], [ 127.528071682430181, 50.297577997487906 ], [ 127.528071682430181, 50.297864918677519 ] ] ] ] } },
{ "type": "Feature", "properties": { "fid": 372, "id": "276389", "Номера": [ 26.7 ], "вес": 0.0454090909 }, "geometry": { "type": "MultiPolygon", "coordinates": [ [ [ [ 127.527622524788129, 50.297004149917086 ], [ 127.528071682430181, 50.297004149917086 ], [ 127.528071682430181, 50.296717223535893 ], [ 127.527622524788129, 50.296717223535893 ], [ 127.527622524788129, 50.297004149917086 ] ] ] ] } },
{ "type": "Feature", "properties": { "fid": 373, "id": "276390", "Номера": [ 26.7 ], "вес": 0.0454090909 }, "geometry": { "type": "MultiPolygon", "coordinates": [ [ [ [ 127.528071682430181, 50.297004149917086 ], [ 127.528520840072261, 50.297004149917086 ], [ 127.528520840072261, 50.296717223535893 ], [ 127.528071682430181, 50.296717223535893 ], [ 127.528071682430181, 50.297004149917086 ] ] ] ] } },
{ "type": "Feature", "properties": { "fid": 374, "id": "276391", "Номера": [ 26.7 ], "вес": 0.0454090909 }, "geometry": { "type": "MultiPolygon", "coordinates": [ [ [ [ 127.527622524788129, 50.297004149917086 ], [ 127.527622524788129, 50.297291074567759 ], [ 127.528071682430181, 50.297291074567759 ], [ 127.528071682430181, 50.297004149917086 ], [ 127.527622524788129, 50.297004149917086 ] ] ] ] } },
{ "type": "Feature", "properties": { "fid": 375, "id": "276392", "Номера": [ 26.7 ], "вес": 0.0454090909 }, "geometry": { "type": "MultiPolygon", "coordinates": [ [ [ [ 127.528071682430181, 50.297291074567759 ], [ 127.528520840072261, 50.297291074567759 ], [ 127.528520840072261, 50.297004149917086 ], [ 127.528071682430181, 50.297004149917086 ], [ 127.528071682430181, 50.297291074567759 ] ] ] ] } },
{ "type": "Feature", "properties": { "fid": 376, "id": "276393", "Номера": [ 26.7 ], "вес": 0.0454090909 }, "geometry": { "type": "MultiPolygon", "coordinates": [ [ [ [ 127.527622524788129, 50.296430295424159 ], [ 127.528071682430181, 50.296430295424159 ], [ 127.528071682430181, 50.296143365581912 ], [ 127.527622524788129, 50.296143365581912 ], [ 127.527622524788129, 50.296430295424159 ] ] ] ] } },
{ "type": "Feature", "properties": { "fid": 377, "id": "276394", "Номера": [ 26.7 ], "вес": 0.0454090909 }, "geometry": { "type": "MultiPolygon", "coordinates": [ [ [ [ 127.528071682430181, 50.296430295424159 ], [ 127.528520840072261, 50.296430295424159 ], [ 127.528520840072261, 50.296143365581912 ], [ 127.528071682430181, 50.296143365581912 ], [ 127.528071682430181, 50.296430295424159 ] ] ] ] } },
{ "type": "Feature", "properties": { "fid": 378, "id": "276395", "Номера": [ 26.7 ], "вес": 0.0454090909 }, "geometry": { "type": "MultiPolygon", "coordinates": [ [ [ [ 127.527622524788129, 50.296430295424159 ], [ 127.527622524788129, 50.296717223535893 ], [ 127.528071682430181, 50.296717223535893 ], [ 127.528071682430181, 50.296430295424159 ], [ 127.527622524788129, 50.296430295424159 ] ] ] ] } },
{ "type": "Feature", "properties": { "fid": 379, "id": "276396", "Номера": [ 26.7 ], "вес": 0.0454090909 }, "geometry": { "type": "MultiPolygon", "coordinates": [ [ [ [ 127.528071682430181, 50.296717223535893 ], [ 127.528520840072261, 50.296717223535893 ], [ 127.528520840072261, 50.296430295424159 ], [ 127.528071682430181, 50.296430295424159 ], [ 127.528071682430181, 50.296717223535893 ] ] ] ] } },
{ "type": "Feature", "properties": { "fid": 380, "id": "276397", "Номера": [ 26.7 ], "вес": 0.0454090909 }, "geometry": { "type": "MultiPolygon", "coordinates": [ [ [ [ 127.527622524788129, 50.29585643400911 ], [ 127.528071682430181, 50.29585643400911 ], [ 127.528071682430181, 50.295569500705774 ], [ 127.527622524788129, 50.295569500705774 ], [ 127.527622524788129, 50.29585643400911 ] ] ] ] } },
{ "type": "Feature", "properties": { "fid": 381, "id": "276398", "Номера": [ 26.7 ], "вес": 0.0454090909 }, "geometry": { "type": "MultiPolygon", "coordinates": [ [ [ [ 127.528071682430181, 50.29585643400911 ], [ 127.528520840072261, 50.29585643400911 ], [ 127.528520840072261, 50.295569500705774 ], [ 127.528071682430181, 50.295569500705774 ], [ 127.528071682430181, 50.29585643400911 ] ] ] ] } },
{ "type": "Feature", "properties": { "fid": 382, "id": "276399", "Номера": [ 26.7 ], "вес": 0.0454090909 }, "geometry": { "type": "MultiPolygon", "coordinates": [ [ [ [ 127.527622524788129, 50.29585643400911 ], [ 127.527622524788129, 50.296143365581912 ], [ 127.528071682430181, 50.296143365581912 ], [ 127.528071682430181, 50.29585643400911 ], [ 127.527622524788129, 50.29585643400911 ] ] ] ] } },
{ "type": "Feature", "properties": { "fid": 383, "id": "276400", "Номера": [ 26.7 ], "вес": 0.0454090909 }, "geometry": { "type": "MultiPolygon", "coordinates": [ [ [ [ 127.528071682430181, 50.296143365581912 ], [ 127.528520840072261, 50.296143365581912 ], [ 127.528520840072261, 50.29585643400911 ], [ 127.528071682430181, 50.29585643400911 ], [ 127.528071682430181, 50.296143365581912 ] ] ] ] } },
{ "type": "Feature", "properties": { "fid": 384, "id": "276401", "Номера": [ 26.7 ], "вес": 0.0454090909 }, "geometry": { "type": "MultiPolygon", "coordinates": [ [ [ [ 127.527622524788129, 50.29528256567189 ], [ 127.528071682430181, 50.29528256567189 ], [ 127.528071682430181, 50.294995628907465 ], [ 127.527622524788129, 50.294995628907465 ], [ 127.527622524788129, 50.29528256567189 ] ] ] ] } },
{ "type": "Feature", "properties": { "fid": 385, "id": "276402", "Номера": [ 26.7 ], "вес": 0.0454090909 }, "geometry": { "type": "MultiPolygon", "coordinates": [ [ [ [ 127.528071682430181, 50.29528256567189 ], [ 127.528520840072261, 50.29528256567189 ], [ 127.528520840072261, 50.294995628907465 ], [ 127.528071682430181, 50.294995628907465 ], [ 127.528071682430181, 50.29528256567189 ] ] ] ] } },
{ "type": "Feature", "properties": { "fid": 386, "id": "276403", "Номера": [ 26.7 ], "вес": 0.0454090909 }, "geometry": { "type": "MultiPolygon", "coordinates": [ [ [ [ 127.527622524788129, 50.29528256567189 ], [ 127.527622524788129, 50.295569500705774 ], [ 127.528071682430181, 50.295569500705774 ], [ 127.528071682430181, 50.29528256567189 ], [ 127.527622524788129, 50.29528256567189 ] ] ] ] } },
{ "type": "Feature", "properties": { "fid": 387, "id": "276404", "Номера": [ 26.7 ], "вес": 0.0454090909 }, "geometry": { "type": "MultiPolygon", "coordinates": [ [ [ [ 127.528071682430181, 50.295569500705774 ], [ 127.528520840072261, 50.295569500705774 ], [ 127.528520840072261, 50.29528256567189 ], [ 127.528071682430181, 50.29528256567189 ], [ 127.528071682430181, 50.295569500705774 ] ] ] ] } },
{ "type": "Feature", "properties": { "fid": 388, "id": "276405", "Номера": [ 26.7 ], "вес": 0.0454090909 }, "geometry": { "type": "MultiPolygon", "coordinates": [ [ [ [ 127.527622524788129, 50.294708690412492 ], [ 127.528071682430181, 50.294708690412492 ], [ 127.528071682430181, 50.294421750186963 ], [ 127.527622524788129, 50.294421750186963 ], [ 127.527622524788129, 50.294708690412492 ] ] ] ] } },
{ "type": "Feature", "properties": { "fid": 389, "id": "276406", "Номера": [ 26.7 ], "вес": 0.0454090909 }, "geometry": { "type": "MultiPolygon", "coordinates": [ [ [ [ 127.528071682430181, 50.294708690412492 ], [ 127.528520840072261, 50.294708690412492 ], [ 127.528520840072261, 50.294421750186963 ], [ 127.528071682430181, 50.294421750186963 ], [ 127.528071682430181, 50.294708690412492 ] ] ] ] } },
{ "type": "Feature", "properties": { "fid": 390, "id": "276407", "Номера": [ 26.7 ], "вес": 0.0454090909 }, "geometry": { "type": "MultiPolygon", "coordinates": [ [ [ [ 127.527622524788129, 50.294708690412492 ], [ 127.527622524788129, 50.294995628907465 ], [ 127.528071682430181, 50.294995628907465 ], [ 127.528071682430181, 50.294708690412492 ], [ 127.527622524788129, 50.294708690412492 ] ] ] ] } },
{ "type": "Feature", "properties": { "fid": 391, "id": "276408", "Номера": [ 26.7 ], "вес": 0.0454090909 }, "geometry": { "type": "MultiPolygon", "coordinates": [ [ [ [ 127.528071682430181, 50.294995628907465 ], [ 127.528520840072261, 50.294995628907465 ], [ 127.528520840072261, 50.294708690412492 ], [ 127.528071682430181, 50.294708690412492 ], [ 127.528071682430181, 50.294995628907465 ] ] ] ] } },
{ "type": "Feature", "properties": { "fid": 392, "id": "276409", "Номера": [ 26.7 ], "вес": 0.0454090909 }, "geometry": { "type": "MultiPolygon", "coordinates": [ [ [ [ 127.527622524788129, 50.294134808230879 ], [ 127.528071682430181, 50.294134808230879 ], [ 127.528071682430181, 50.293847864544226 ], [ 127.527622524788129, 50.293847864544226 ], [ 127.527622524788129, 50.294134808230879 ] ] ] ] } },
{ "type": "Feature", "properties": { "fid": 393, "id": "276410", "Номера": [ 26.7 ], "вес": 0.0454090909 }, "geometry": { "type": "MultiPolygon", "coordinates": [ [ [ [ 127.528071682430181, 50.294134808230879 ], [ 127.528520840072261, 50.294134808230879 ], [ 127.528520840072261, 50.293847864544226 ], [ 127.528071682430181, 50.293847864544226 ], [ 127.528071682430181, 50.294134808230879 ] ] ] ] } },
{ "type": "Feature", "properties": { "fid": 394, "id": "276411", "Номера": [ 26.7 ], "вес": 0.0454090909 }, "geometry": { "type": "MultiPolygon", "coordinates": [ [ [ [ 127.527622524788129, 50.294134808230879 ], [ 127.527622524788129, 50.294421750186963 ], [ 127.528071682430181, 50.294421750186963 ], [ 127.528071682430181, 50.294134808230879 ], [ 127.527622524788129, 50.294134808230879 ] ] ] ] } },
{ "type": "Feature", "properties": { "fid": 395, "id": "276412", "Номера": [ 26.7 ], "вес": 0.0454090909 }, "geometry": { "type": "MultiPolygon", "coordinates": [ [ [ [ 127.528071682430181, 50.294421750186963 ], [ 127.528520840072261, 50.294421750186963 ], [ 127.528520840072261, 50.294134808230879 ], [ 127.528071682430181, 50.294134808230879 ], [ 127.528071682430181, 50.294421750186963 ] ] ] ] } },
{ "type": "Feature", "properties": { "fid": 396, "id": "276413", "Номера": [ 26.7 ], "вес": 0.0454090909 }, "geometry": { "type": "MultiPolygon", "coordinates": [ [ [ [ 127.527622524788129, 50.293560919127032 ], [ 127.528071682430181, 50.293560919127032 ], [ 127.528071682430181, 50.293273971979254 ], [ 127.527622524788129, 50.293273971979254 ], [ 127.527622524788129, 50.293560919127032 ] ] ] ] } },
{ "type": "Feature", "properties": { "fid": 397, "id": "276414", "Номера": [ 26.7 ], "вес": 0.0454090909 }, "geometry": { "type": "MultiPolygon", "coordinates": [ [ [ [ 127.528071682430181, 50.293560919127032 ], [ 127.528520840072261, 50.293560919127032 ], [ 127.528520840072261, 50.293273971979254 ], [ 127.528071682430181, 50.293273971979254 ], [ 127.528071682430181, 50.293560919127032 ] ] ] ] } },
{ "type": "Feature", "properties": { "fid": 398, "id": "276415", "Номера": [ 26.7 ], "вес": 0.0454090909 }, "geometry": { "type": "MultiPolygon", "coordinates": [ [ [ [ 127.527622524788129, 50.293560919127032 ], [ 127.527622524788129, 50.293847864544226 ], [ 127.528071682430181, 50.293847864544226 ], [ 127.528071682430181, 50.293560919127032 ], [ 127.527622524788129, 50.293560919127032 ] ] ] ] } },
{ "type": "Feature", "properties": { "fid": 399, "id": "276416", "Номера": [ 26.7 ], "вес": 0.0454090909 }, "geometry": { "type": "MultiPolygon", "coordinates": [ [ [ [ 127.528071682430181, 50.293847864544226 ], [ 127.528520840072261, 50.293847864544226 ], [ 127.528520840072261, 50.293560919127032 ], [ 127.528071682430181, 50.293560919127032 ], [ 127.528071682430181, 50.293847864544226 ] ] ] ] } },
{ "type": "Feature", "properties": { "fid": 400, "id": "276417", "Номера": [ 26.7 ], "вес": 0.0454090909 }, "geometry": { "type": "MultiPolygon", "coordinates": [ [ [ [ 127.527622524788129, 50.292987023100906 ], [ 127.528071682430181, 50.292987023100906 ], [ 127.528071682430181, 50.292700072491989 ], [ 127.527622524788129, 50.292700072491989 ], [ 127.527622524788129, 50.292987023100906 ] ] ] ] } },
{ "type": "Feature", "properties": { "fid": 401, "id": "276418", "Номера": [ 26.7 ], "вес": 0.0454090909 }, "geometry": { "type": "MultiPolygon", "coordinates": [ [ [ [ 127.528071682430181, 50.292987023100906 ], [ 127.528520840072261, 50.292987023100906 ], [ 127.528520840072261, 50.292700072491989 ], [ 127.528071682430181, 50.292700072491989 ], [ 127.528071682430181, 50.292987023100906 ] ] ] ] } },
{ "type": "Feature", "properties": { "fid": 402, "id": "276419", "Номера": [ 26.7 ], "вес": 0.0454090909 }, "geometry": { "type": "MultiPolygon", "coordinates": [ [ [ [ 127.527622524788129, 50.292987023100906 ], [ 127.527622524788129, 50.293273971979254 ], [ 127.528071682430181, 50.293273971979254 ], [ 127.528071682430181, 50.292987023100906 ], [ 127.527622524788129, 50.292987023100906 ] ] ] ] } },
{ "type": "Feature", "properties": { "fid": 403, "id": "276420", "Номера": [ 26.7 ], "вес": 0.0454090909 }, "geometry": { "type": "MultiPolygon", "coordinates": [ [ [ [ 127.528071682430181, 50.293273971979254 ], [ 127.528520840072261, 50.293273971979254 ], [ 127.528520840072261, 50.292987023100906 ], [ 127.528071682430181, 50.292987023100906 ], [ 127.528071682430181, 50.293273971979254 ] ] ] ] } },
{ "type": "Feature", "properties": { "fid": 404, "id": "276421", "Номера": [ 26.7 ], "вес": 0.0454090909 }, "geometry": { "type": "MultiPolygon", "coordinates": [ [ [ [ 127.527622524788129, 50.292413120152496 ], [ 127.528071682430181, 50.292413120152496 ], [ 127.528071682430181, 50.292126166082433 ], [ 127.527622524788129, 50.292126166082433 ], [ 127.527622524788129, 50.292413120152496 ] ] ] ] } },
{ "type": "Feature", "properties": { "fid": 405, "id": "276422", "Номера": [ 26.7 ], "вес": 0.0454090909 }, "geometry": { "type": "MultiPolygon", "coordinates": [ [ [ [ 127.528071682430181, 50.292413120152496 ], [ 127.528520840072261, 50.292413120152496 ], [ 127.528520840072261, 50.292126166082433 ], [ 127.528071682430181, 50.292126166082433 ], [ 127.528071682430181, 50.292413120152496 ] ] ] ] } },
{ "type": "Feature", "properties": { "fid": 406, "id": "276423", "Номера": [ 26.7 ], "вес": 0.0454090909 }, "geometry": { "type": "MultiPolygon", "coordinates": [ [ [ [ 127.527622524788129, 50.292413120152496 ], [ 127.527622524788129, 50.292700072491989 ], [ 127.528071682430181, 50.292700072491989 ], [ 127.528071682430181, 50.292413120152496 ], [ 127.527622524788129, 50.292413120152496 ] ] ] ] } },
{ "type": "Feature", "properties": { "fid": 407, "id": "276424", "Номера": [ 26.7 ], "вес": 0.0454090909 }, "geometry": { "type": "MultiPolygon", "coordinates": [ [ [ [ 127.528071682430181, 50.292700072491989 ], [ 127.528520840072261, 50.292700072491989 ], [ 127.528520840072261, 50.292413120152496 ], [ 127.528071682430181, 50.292413120152496 ], [ 127.528071682430181, 50.292700072491989 ] ] ] ] } },
{ "type": "Feature", "properties": { "fid": 408, "id": "276425", "Номера": [ 26.7 ], "вес": 0.0454090909 }, "geometry": { "type": "MultiPolygon", "coordinates": [ [ [ [ 127.527622524788129, 50.291839210281786 ], [ 127.528071682430181, 50.291839210281786 ], [ 127.528071682430181, 50.291552252750535 ], [ 127.527622524788129, 50.291552252750535 ], [ 127.527622524788129, 50.291839210281786 ] ] ] ] } },
{ "type": "Feature", "properties": { "fid": 409, "id": "276426", "Номера": [ 26.7 ], "вес": 0.0454090909 }, "geometry": { "type": "MultiPolygon", "coordinates": [ [ [ [ 127.528071682430181, 50.291839210281786 ], [ 127.528520840072261, 50.291839210281786 ], [ 127.528520840072261, 50.291552252750535 ], [ 127.528071682430181, 50.291552252750535 ], [ 127.528071682430181, 50.291839210281786 ] ] ] ] } },
{ "type": "Feature", "properties": { "fid": 410, "id": "276427", "Номера": [ 26.7 ], "вес": 0.0454090909 }, "geometry": { "type": "MultiPolygon", "coordinates": [ [ [ [ 127.527622524788129, 50.291839210281786 ], [ 127.527622524788129, 50.292126166082433 ], [ 127.528071682430181, 50.292126166082433 ], [ 127.528071682430181, 50.291839210281786 ], [ 127.527622524788129, 50.291839210281786 ] ] ] ] } },
{ "type": "Feature", "properties": { "fid": 411, "id": "276428", "Номера": [ 26.7 ], "вес": 0.0454090909 }, "geometry": { "type": "MultiPolygon", "coordinates": [ [ [ [ 127.528071682430181, 50.292126166082433 ], [ 127.528520840072261, 50.292126166082433 ], [ 127.528520840072261, 50.291839210281786 ], [ 127.528071682430181, 50.291839210281786 ], [ 127.528071682430181, 50.292126166082433 ] ] ] ] } },
{ "type": "Feature", "properties": { "fid": 412, "id": "276429", "Номера": [ 26.7 ], "вес": 0.0454090909 }, "geometry": { "type": "MultiPolygon", "coordinates": [ [ [ [ 127.527622524788129, 50.291265293488713 ], [ 127.528071682430181, 50.291265293488713 ], [ 127.528071682430181, 50.290978332496294 ], [ 127.527622524788129, 50.290978332496294 ], [ 127.527622524788129, 50.291265293488713 ] ] ] ] } },
{ "type": "Feature", "properties": { "fid": 413, "id": "276430", "Номера": [ 26.7 ], "вес": 0.0454090909 }, "geometry": { "type": "MultiPolygon", "coordinates": [ [ [ [ 127.528071682430181, 50.291265293488713 ], [ 127.528520840072261, 50.291265293488713 ], [ 127.528520840072261, 50.290978332496294 ], [ 127.528071682430181, 50.290978332496294 ], [ 127.528071682430181, 50.291265293488713 ] ] ] ] } },
{ "type": "Feature", "properties": { "fid": 414, "id": "276431", "Номера": [ 26.7 ], "вес": 0.0454090909 }, "geometry": { "type": "MultiPolygon", "coordinates": [ [ [ [ 127.527622524788129, 50.291265293488713 ], [ 127.527622524788129, 50.291552252750535 ], [ 127.528071682430181, 50.291552252750535 ], [ 127.528071682430181, 50.291265293488713 ], [ 127.527622524788129, 50.291265293488713 ] ] ] ] } },
{ "type": "Feature", "properties": { "fid": 415, "id": "276432", "Номера": [ 26.7 ], "вес": 0.0454090909 }, "geometry": { "type": "MultiPolygon", "coordinates": [ [ [ [ 127.528071682430181, 50.291552252750535 ], [ 127.528520840072261, 50.291552252750535 ], [ 127.528520840072261, 50.291265293488713 ], [ 127.528071682430181, 50.291265293488713 ], [ 127.528071682430181, 50.291552252750535 ] ] ] ] } },
{ "type": "Feature", "properties": { "fid": 416, "id": "276433", "Номера": [ 26.7 ], "вес": 0.0454090909 }, "geometry": { "type": "MultiPolygon", "coordinates": [ [ [ [ 127.527622524788129, 50.290691369773285 ], [ 127.528071682430181, 50.290691369773285 ], [ 127.528071682430181, 50.290547688254136 ], [ 127.527622524788129, 50.290608478193271 ], [ 127.527622524788129, 50.290691369773285 ] ] ] ] } },
{ "type": "Feature", "properties": { "fid": 417, "id": "276434", "Номера": [ 26.7 ], "вес": 0.0454090909 }, "geometry": { "type": "MultiPolygon", "coordinates": [ [ [ [ 127.528071682430181, 50.290691369773285 ], [ 127.528520840072261, 50.290691369773285 ], [ 127.528520840072261, 50.29048689823734 ], [ 127.528071682430181, 50.290547688254136 ], [ 127.528071682430181, 50.290691369773285 ] ] ] ] } },
{ "type": "Feature", "properties": { "fid": 418, "id": "276435", "Номера": [ 26.7 ], "вес": 0.0454090909 }, "geometry": { "type": "MultiPolygon", "coordinates": [ [ [ [ 127.527622524788129, 50.290691369773285 ], [ 127.527622524788129, 50.290978332496294 ], [ 127.528071682430181, 50.290978332496294 ], [ 127.528071682430181, 50.290691369773285 ], [ 127.527622524788129, 50.290691369773285 ] ] ] ] } },
{ "type": "Feature", "properties": { "fid": 419, "id": "276436", "Номера": [ 26.7 ], "вес": 0.0454090909 }, "geometry": { "type": "MultiPolygon", "coordinates": [ [ [ [ 127.528071682430181, 50.290978332496294 ], [ 127.528520840072261, 50.290978332496294 ], [ 127.528520840072261, 50.290691369773285 ], [ 127.528071682430181, 50.290691369773285 ], [ 127.528071682430181, 50.290978332496294 ] ] ] ] } },
{ "type": "Feature", "properties": { "fid": 420, "id": "276597", "Номера": [ 26.2, 26.1 ], "вес": 0.0900359408 }, "geometry": { "type": "MultiPolygon", "coordinates": [ [ [ [ 127.528071682430181, 50.258253434510792 ], [ 127.527622524788129, 50.258253434510792 ], [ 127.527622524788129, 50.258419787885558 ], [ 127.527622524788129, 50.258480930437862 ], [ 127.528071682430181, 50.258434529917864 ], [ 127.528071682430181, 50.258373633995575 ], [ 127.528071682430181, 50.258253434510792 ] ] ] ] } },
{ "type": "Feature", "properties": { "fid": 421, "id": "276598", "Номера": [ 26.2, 26.1 ], "вес": 0.0900359408 }, "geometry": { "type": "MultiPolygon", "coordinates": [ [ [ [ 127.528520840072261, 50.258253434510792 ], [ 127.528071682430181, 50.258253434510792 ], [ 127.528071682430181, 50.258373633995575 ], [ 127.528071682430181, 50.258434529917864 ], [ 127.528520840072261, 50.25838812935266 ], [ 127.528520840072261, 50.258327480060871 ], [ 127.528520840072261, 50.258253434510792 ] ] ] ] } },
{ "type": "Feature", "properties": { "fid": 422, "id": "276601", "Номера": [ 26.2, 26.1 ], "вес": 0.0900359408 }, "geometry": { "type": "MultiPolygon", "coordinates": [ [ [ [ 127.528071682430181, 50.25796627447874 ], [ 127.528071682430181, 50.257679112715735 ], [ 127.527622524788129, 50.257679112715735 ], [ 127.527622524788129, 50.25796627447874 ], [ 127.528071682430181, 50.25796627447874 ] ] ] ] } },
{ "type": "Feature", "properties": { "fid": 423, "id": "276602", "Номера": [ 26.2, 26.1 ], "вес": 0.0900359408 }, "geometry": { "type": "MultiPolygon", "coordinates": [ [ [ [ 127.528520840072261, 50.25796627447874 ], [ 127.528520840072261, 50.257679112715735 ], [ 127.528071682430181, 50.257679112715735 ], [ 127.528071682430181, 50.25796627447874 ], [ 127.528520840072261, 50.25796627447874 ] ] ] ] } },
{ "type": "Feature", "properties": { "fid": 424, "id": "276603", "Номера": [ 26.2, 26.1 ], "вес": 0.0900359408 }, "geometry": { "type": "MultiPolygon", "coordinates": [ [ [ [ 127.527622524788129, 50.258253434510792 ], [ 127.528071682430181, 50.258253434510792 ], [ 127.528071682430181, 50.25796627447874 ], [ 127.527622524788129, 50.25796627447874 ], [ 127.527622524788129, 50.258253434510792 ] ] ] ] } },
{ "type": "Feature", "properties": { "fid": 425, "id": "276604", "Номера": [ 26.2, 26.1 ], "вес": 0.0900359408 }, "geometry": { "type": "MultiPolygon", "coordinates": [ [ [ [ 127.528520840072261, 50.258253434510792 ], [ 127.528520840072261, 50.25796627447874 ], [ 127.528071682430181, 50.25796627447874 ], [ 127.528071682430181, 50.258253434510792 ], [ 127.528520840072261, 50.258253434510792 ] ] ] ] } },
{ "type": "Feature", "properties": { "fid": 426, "id": "276605", "Номера": [ 26.2, 26.1 ], "вес": 0.0900359408 }, "geometry": { "type": "MultiPolygon", "coordinates": [ [ [ [ 127.528071682430181, 50.257391949221741 ], [ 127.528071682430181, 50.257104783996773 ], [ 127.527622524788129, 50.257104783996773 ], [ 127.527622524788129, 50.257391949221741 ], [ 127.528071682430181, 50.257391949221741 ] ] ] ] } },
{ "type": "Feature", "properties": { "fid": 427, "id": "276606", "Номера": [ 26.2, 26.1 ], "вес": 0.0900359408 }, "geometry": { "type": "MultiPolygon", "coordinates": [ [ [ [ 127.528520840072261, 50.257391949221741 ], [ 127.528520840072261, 50.257104783996773 ], [ 127.528071682430181, 50.257104783996773 ], [ 127.528071682430181, 50.257391949221741 ], [ 127.528520840072261, 50.257391949221741 ] ] ] ] } },
{ "type": "Feature", "properties": { "fid": 428, "id": "276607", "Номера": [ 26.2, 26.1 ], "вес": 0.0900359408 }, "geometry": { "type": "MultiPolygon", "coordinates": [ [ [ [ 127.527622524788129, 50.257679112715735 ], [ 127.528071682430181, 50.257679112715735 ], [ 127.528071682430181, 50.257391949221741 ], [ 127.527622524788129, 50.257391949221741 ], [ 127.527622524788129, 50.257679112715735 ] ] ] ] } },
{ "type": "Feature", "properties": { "fid": 429, "id": "276608", "Номера": [ 26.2, 26.1 ], "вес": 0.0900359408 }, "geometry": { "type": "MultiPolygon", "coordinates": [ [ [ [ 127.528520840072261, 50.257679112715735 ], [ 127.528520840072261, 50.257391949221741 ], [ 127.528071682430181, 50.257391949221741 ], [ 127.528071682430181, 50.257679112715735 ], [ 127.528520840072261, 50.257679112715735 ] ] ] ] } },
{ "type": "Feature", "properties": { "fid": 430, "id": "276609", "Номера": [ 26.2, 26.1 ], "вес": 0.0900359408 }, "geometry": { "type": "MultiPolygon", "coordinates": [ [ [ [ 127.528071682430181, 50.256817617040838 ], [ 127.528071682430181, 50.256530448353921 ], [ 127.527622524788129, 50.256530448353921 ], [ 127.527622524788129, 50.256817617040838 ], [ 127.528071682430181, 50.256817617040838 ] ] ] ] } },
{ "type": "Feature", "properties": { "fid": 431, "id": "276610", "Номера": [ 26.2, 26.1 ], "вес": 0.0900359408 }, "geometry": { "type": "MultiPolygon", "coordinates": [ [ [ [ 127.528520840072261, 50.256817617040838 ], [ 127.528520840072261, 50.256530448353921 ], [ 127.528071682430181, 50.256530448353921 ], [ 127.528071682430181, 50.256817617040838 ], [ 127.528520840072261, 50.256817617040838 ] ] ] ] } },
{ "type": "Feature", "properties": { "fid": 432, "id": "276611", "Номера": [ 26.2, 26.1 ], "вес": 0.0900359408 }, "geometry": { "type": "MultiPolygon", "coordinates": [ [ [ [ 127.527622524788129, 50.257104783996773 ], [ 127.528071682430181, 50.257104783996773 ], [ 127.528071682430181, 50.256817617040838 ], [ 127.527622524788129, 50.256817617040838 ], [ 127.527622524788129, 50.257104783996773 ] ] ] ] } },
{ "type": "Feature", "properties": { "fid": 433, "id": "276612", "Номера": [ 26.2, 26.1 ], "вес": 0.0900359408 }, "geometry": { "type": "MultiPolygon", "coordinates": [ [ [ [ 127.528520840072261, 50.257104783996773 ], [ 127.528520840072261, 50.256817617040838 ], [ 127.528071682430181, 50.256817617040838 ], [ 127.528071682430181, 50.257104783996773 ], [ 127.528520840072261, 50.257104783996773 ] ] ] ] } },
{ "type": "Feature", "properties": { "fid": 434, "id": "276615", "Номера": [ 26.1 ], "вес": 0.0463477801 }, "geometry": { "type": "MultiPolygon", "coordinates": [ [ [ [ 127.527622524788129, 50.256530448353921 ], [ 127.528071682430181, 50.256530448353921 ], [ 127.528071682430181, 50.256370150133861 ], [ 127.527622524788129, 50.256406148703789 ], [ 127.527622524788129, 50.256530448353921 ] ] ] ] } },
{ "type": "Feature", "properties": { "fid": 435, "id": "276616", "Номера": [ 26.1 ], "вес": 0.0463477801 }, "geometry": { "type": "MultiPolygon", "coordinates": [ [ [ [ 127.528071682430181, 50.256530448353921 ], [ 127.528520840072261, 50.256530448353921 ], [ 127.528520840072261, 50.256334151536734 ], [ 127.528071682430181, 50.256370150133861 ], [ 127.528071682430181, 50.256530448353921 ] ] ] ] } },
{ "type": "Feature", "properties": { "fid": 436, "id": "276761", "Номера": [ 26.7 ], "вес": 0.0454090909 }, "geometry": { "type": "MultiPolygon", "coordinates": [ [ [ [ 127.528520840072261, 50.298725671863309 ], [ 127.528969997714299, 50.298725671863309 ], [ 127.528969997714299, 50.29843875586522 ], [ 127.528520840072261, 50.29843875586522 ], [ 127.528520840072261, 50.298725671863309 ] ] ] ] } },
{ "type": "Feature", "properties": { "fid": 437, "id": "276762", "Номера": [ 26.7 ], "вес": 0.0454090909 }, "geometry": { "type": "MultiPolygon", "coordinates": [ [ [ [ 127.528969997714299, 50.298725671863309 ], [ 127.529419155356379, 50.298725671863309 ], [ 127.529419155356379, 50.29843875586522 ], [ 127.528969997714299, 50.29843875586522 ], [ 127.528969997714299, 50.298725671863309 ] ] ] ] } },
{ "type": "Feature", "properties": { "fid": 438, "id": "276763", "Номера": [ 26.7 ], "вес": 0.0454090909 }, "geometry": { "type": "MultiPolygon", "coordinates": [ [ [ [ 127.528520840072261, 50.298725671863309 ], [ 127.528520840072261, 50.298874016800596 ], [ 127.528969997714299, 50.298856378626958 ], [ 127.528969997714299, 50.298725671863309 ], [ 127.528520840072261, 50.298725671863309 ] ] ] ] } },
{ "type": "Feature", "properties": { "fid": 439, "id": "276764", "Номера": [ 26.7 ], "вес": 0.0454090909 }, "geometry": { "type": "MultiPolygon", "coordinates": [ [ [ [ 127.528969997714299, 50.298856378626958 ], [ 127.529419155356379, 50.298838740446783 ], [ 127.529419155356379, 50.298725671863309 ], [ 127.528969997714299, 50.298725671863309 ], [ 127.528969997714299, 50.298856378626958 ] ] ] ] } },
{ "type": "Feature", "properties": { "fid": 440, "id": "276765", "Номера": [ 26.7 ], "вес": 0.0454090909 }, "geometry": { "type": "MultiPolygon", "coordinates": [ [ [ [ 127.528520840072261, 50.298151838136633 ], [ 127.528969997714299, 50.298151838136633 ], [ 127.528969997714299, 50.297864918677519 ], [ 127.528520840072261, 50.297864918677519 ], [ 127.528520840072261, 50.298151838136633 ] ] ] ] } },
{ "type": "Feature", "properties": { "fid": 441, "id": "276766", "Номера": [ 26.7 ], "вес": 0.0454090909 }, "geometry": { "type": "MultiPolygon", "coordinates": [ [ [ [ 127.528969997714299, 50.298151838136633 ], [ 127.529419155356379, 50.298151838136633 ], [ 127.529419155356379, 50.297864918677519 ], [ 127.528969997714299, 50.297864918677519 ], [ 127.528969997714299, 50.298151838136633 ] ] ] ] } },
{ "type": "Feature", "properties": { "fid": 442, "id": "276767", "Номера": [ 26.7 ], "вес": 0.0454090909 }, "geometry": { "type": "MultiPolygon", "coordinates": [ [ [ [ 127.528520840072261, 50.298151838136633 ], [ 127.528520840072261, 50.29843875586522 ], [ 127.528969997714299, 50.29843875586522 ], [ 127.528969997714299, 50.298151838136633 ], [ 127.528520840072261, 50.298151838136633 ] ] ] ] } },
{ "type": "Feature", "properties": { "fid": 443, "id": "276768", "Номера": [ 26.7 ], "вес": 0.0454090909 }, "geometry": { "type": "MultiPolygon", "coordinates": [ [ [ [ 127.528969997714299, 50.29843875586522 ], [ 127.529419155356379, 50.29843875586522 ], [ 127.529419155356379, 50.298151838136633 ], [ 127.528969997714299, 50.298151838136633 ], [ 127.528969997714299, 50.29843875586522 ] ] ] ] } },
{ "type": "Feature", "properties": { "fid": 444, "id": "276769", "Номера": [ 26.7 ], "вес": 0.0454090909 }, "geometry": { "type": "MultiPolygon", "coordinates": [ [ [ [ 127.528520840072261, 50.297577997487906 ], [ 127.528969997714299, 50.297577997487906 ], [ 127.528969997714299, 50.297291074567759 ], [ 127.528520840072261, 50.297291074567759 ], [ 127.528520840072261, 50.297577997487906 ] ] ] ] } },
{ "type": "Feature", "properties": { "fid": 445, "id": "276770", "Номера": [ 26.7 ], "вес": 0.0454090909 }, "geometry": { "type": "MultiPolygon", "coordinates": [ [ [ [ 127.528969997714299, 50.297577997487906 ], [ 127.529419155356379, 50.297577997487906 ], [ 127.529419155356379, 50.297291074567759 ], [ 127.528969997714299, 50.297291074567759 ], [ 127.528969997714299, 50.297577997487906 ] ] ] ] } },
{ "type": "Feature", "properties": { "fid": 446, "id": "276771", "Номера": [ 26.7 ], "вес": 0.0454090909 }, "geometry": { "type": "MultiPolygon", "coordinates": [ [ [ [ 127.528520840072261, 50.297577997487906 ], [ 127.528520840072261, 50.297864918677519 ], [ 127.528969997714299, 50.297864918677519 ], [ 127.528969997714299, 50.297577997487906 ], [ 127.528520840072261, 50.297577997487906 ] ] ] ] } },
{ "type": "Feature", "properties": { "fid": 447, "id": "276772", "Номера": [ 26.7 ], "вес": 0.0454090909 }, "geometry": { "type": "MultiPolygon", "coordinates": [ [ [ [ 127.528969997714299, 50.297864918677519 ], [ 127.529419155356379, 50.297864918677519 ], [ 127.529419155356379, 50.297577997487906 ], [ 127.528969997714299, 50.297577997487906 ], [ 127.528969997714299, 50.297864918677519 ] ] ] ] } },
{ "type": "Feature", "properties": { "fid": 448, "id": "276773", "Номера": [ 26.7 ], "вес": 0.0454090909 }, "geometry": { "type": "MultiPolygon", "coordinates": [ [ [ [ 127.528520840072261, 50.297004149917086 ], [ 127.528969997714299, 50.297004149917086 ], [ 127.528969997714299, 50.296717223535893 ], [ 127.528520840072261, 50.296717223535893 ], [ 127.528520840072261, 50.297004149917086 ] ] ] ] } },
{ "type": "Feature", "properties": { "fid": 449, "id": "276774", "Номера": [ 26.7 ], "вес": 0.0454090909 }, "geometry": { "type": "MultiPolygon", "coordinates": [ [ [ [ 127.528969997714299, 50.297004149917086 ], [ 127.529419155356379, 50.297004149917086 ], [ 127.529419155356379, 50.296717223535893 ], [ 127.528969997714299, 50.296717223535893 ], [ 127.528969997714299, 50.297004149917086 ] ] ] ] } },
{ "type": "Feature", "properties": { "fid": 450, "id": "276775", "Номера": [ 26.7 ], "вес": 0.0454090909 }, "geometry": { "type": "MultiPolygon", "coordinates": [ [ [ [ 127.528520840072261, 50.297004149917086 ], [ 127.528520840072261, 50.297291074567759 ], [ 127.528969997714299, 50.297291074567759 ], [ 127.528969997714299, 50.297004149917086 ], [ 127.528520840072261, 50.297004149917086 ] ] ] ] } },
{ "type": "Feature", "properties": { "fid": 451, "id": "276776", "Номера": [ 26.7 ], "вес": 0.0454090909 }, "geometry": { "type": "MultiPolygon", "coordinates": [ [ [ [ 127.528969997714299, 50.297291074567759 ], [ 127.529419155356379, 50.297291074567759 ], [ 127.529419155356379, 50.297004149917086 ], [ 127.528969997714299, 50.297004149917086 ], [ 127.528969997714299, 50.297291074567759 ] ] ] ] } },
{ "type": "Feature", "properties": { "fid": 452, "id": "276777", "Номера": [ 26.7 ], "вес": 0.0454090909 }, "geometry": { "type": "MultiPolygon", "coordinates": [ [ [ [ 127.528520840072261, 50.296430295424159 ], [ 127.528969997714299, 50.296430295424159 ], [ 127.528969997714299, 50.296143365581912 ], [ 127.528520840072261, 50.296143365581912 ], [ 127.528520840072261, 50.296430295424159 ] ] ] ] } },
{ "type": "Feature", "properties": { "fid": 453, "id": "276778", "Номера": [ 26.7 ], "вес": 0.0454090909 }, "geometry": { "type": "MultiPolygon", "coordinates": [ [ [ [ 127.528969997714299, 50.296430295424159 ], [ 127.529419155356379, 50.296430295424159 ], [ 127.529419155356379, 50.296143365581912 ], [ 127.528969997714299, 50.296143365581912 ], [ 127.528969997714299, 50.296430295424159 ] ] ] ] } },
{ "type": "Feature", "properties": { "fid": 454, "id": "276779", "Номера": [ 26.7 ], "вес": 0.0454090909 }, "geometry": { "type": "MultiPolygon", "coordinates": [ [ [ [ 127.528520840072261, 50.296430295424159 ], [ 127.528520840072261, 50.296717223535893 ], [ 127.528969997714299, 50.296717223535893 ], [ 127.528969997714299, 50.296430295424159 ], [ 127.528520840072261, 50.296430295424159 ] ] ] ] } },
{ "type": "Feature", "properties": { "fid": 455, "id": "276780", "Номера": [ 26.7 ], "вес": 0.0454090909 }, "geometry": { "type": "MultiPolygon", "coordinates": [ [ [ [ 127.528969997714299, 50.296717223535893 ], [ 127.529419155356379, 50.296717223535893 ], [ 127.529419155356379, 50.296430295424159 ], [ 127.528969997714299, 50.296430295424159 ], [ 127.528969997714299, 50.296717223535893 ] ] ] ] } },
{ "type": "Feature", "properties": { "fid": 456, "id": "276781", "Номера": [ 26.7 ], "вес": 0.0454090909 }, "geometry": { "type": "MultiPolygon", "coordinates": [ [ [ [ 127.528520840072261, 50.29585643400911 ], [ 127.528969997714299, 50.29585643400911 ], [ 127.528969997714299, 50.295569500705774 ], [ 127.528520840072261, 50.295569500705774 ], [ 127.528520840072261, 50.29585643400911 ] ] ] ] } },
{ "type": "Feature", "properties": { "fid": 457, "id": "276782", "Номера": [ 26.7 ], "вес": 0.0454090909 }, "geometry": { "type": "MultiPolygon", "coordinates": [ [ [ [ 127.528969997714299, 50.29585643400911 ], [ 127.529419155356379, 50.29585643400911 ], [ 127.529419155356379, 50.295569500705774 ], [ 127.528969997714299, 50.295569500705774 ], [ 127.528969997714299, 50.29585643400911 ] ] ] ] } },
{ "type": "Feature", "properties": { "fid": 458, "id": "276783", "Номера": [ 26.7 ], "вес": 0.0454090909 }, "geometry": { "type": "MultiPolygon", "coordinates": [ [ [ [ 127.528520840072261, 50.29585643400911 ], [ 127.528520840072261, 50.296143365581912 ], [ 127.528969997714299, 50.296143365581912 ], [ 127.528969997714299, 50.29585643400911 ], [ 127.528520840072261, 50.29585643400911 ] ] ] ] } },
{ "type": "Feature", "properties": { "fid": 459, "id": "276784", "Номера": [ 26.7 ], "вес": 0.0454090909 }, "geometry": { "type": "MultiPolygon", "coordinates": [ [ [ [ 127.528969997714299, 50.296143365581912 ], [ 127.529419155356379, 50.296143365581912 ], [ 127.529419155356379, 50.29585643400911 ], [ 127.528969997714299, 50.29585643400911 ], [ 127.528969997714299, 50.296143365581912 ] ] ] ] } },
{ "type": "Feature", "properties": { "fid": 460, "id": "276785", "Номера": [ 26.7 ], "вес": 0.0454090909 }, "geometry": { "type": "MultiPolygon", "coordinates": [ [ [ [ 127.528520840072261, 50.29528256567189 ], [ 127.528969997714299, 50.29528256567189 ], [ 127.528969997714299, 50.294995628907465 ], [ 127.528520840072261, 50.294995628907465 ], [ 127.528520840072261, 50.29528256567189 ] ] ] ] } },
{ "type": "Feature", "properties": { "fid": 461, "id": "276786", "Номера": [ 26.7 ], "вес": 0.0454090909 }, "geometry": { "type": "MultiPolygon", "coordinates": [ [ [ [ 127.528969997714299, 50.29528256567189 ], [ 127.529419155356379, 50.29528256567189 ], [ 127.529419155356379, 50.294995628907465 ], [ 127.528969997714299, 50.294995628907465 ], [ 127.528969997714299, 50.29528256567189 ] ] ] ] } },
{ "type": "Feature", "properties": { "fid": 462, "id": "276787", "Номера": [ 26.7 ], "вес": 0.0454090909 }, "geometry": { "type": "MultiPolygon", "coordinates": [ [ [ [ 127.528520840072261, 50.29528256567189 ], [ 127.528520840072261, 50.295569500705774 ], [ 127.528969997714299, 50.295569500705774 ], [ 127.528969997714299, 50.29528256567189 ], [ 127.528520840072261, 50.29528256567189 ] ] ] ] } },
{ "type": "Feature", "properties": { "fid": 463, "id": "276788", "Номера": [ 26.7 ], "вес": 0.0454090909 }, "geometry": { "type": "MultiPolygon", "coordinates": [ [ [ [ 127.528969997714299, 50.295569500705774 ], [ 127.529419155356379, 50.295569500705774 ], [ 127.529419155356379, 50.29528256567189 ], [ 127.528969997714299, 50.29528256567189 ], [ 127.528969997714299, 50.295569500705774 ] ] ] ] } },
{ "type": "Feature", "properties": { "fid": 464, "id": "276789", "Номера": [ 26.7 ], "вес": 0.0454090909 }, "geometry": { "type": "MultiPolygon", "coordinates": [ [ [ [ 127.528520840072261, 50.294708690412492 ], [ 127.528969997714299, 50.294708690412492 ], [ 127.528969997714299, 50.294421750186963 ], [ 127.528520840072261, 50.294421750186963 ], [ 127.528520840072261, 50.294708690412492 ] ] ] ] } },
{ "type": "Feature", "properties": { "fid": 465, "id": "276790", "Номера": [ 26.7 ], "вес": 0.0454090909 }, "geometry": { "type": "MultiPolygon", "coordinates": [ [ [ [ 127.528969997714299, 50.294708690412492 ], [ 127.529419155356379, 50.294708690412492 ], [ 127.529419155356379, 50.294421750186963 ], [ 127.528969997714299, 50.294421750186963 ], [ 127.528969997714299, 50.294708690412492 ] ] ] ] } },
{ "type": "Feature", "properties": { "fid": 466, "id": "276791", "Номера": [ 26.7 ], "вес": 0.0454090909 }, "geometry": { "type": "MultiPolygon", "coordinates": [ [ [ [ 127.528520840072261, 50.294708690412492 ], [ 127.528520840072261, 50.294995628907465 ], [ 127.528969997714299, 50.294995628907465 ], [ 127.528969997714299, 50.294708690412492 ], [ 127.528520840072261, 50.294708690412492 ] ] ] ] } },
{ "type": "Feature", "properties": { "fid": 467, "id": "276792", "Номера": [ 26.7 ], "вес": 0.0454090909 }, "geometry": { "type": "MultiPolygon", "coordinates": [ [ [ [ 127.528969997714299, 50.294995628907465 ], [ 127.529419155356379, 50.294995628907465 ], [ 127.529419155356379, 50.294708690412492 ], [ 127.528969997714299, 50.294708690412492 ], [ 127.528969997714299, 50.294995628907465 ] ] ] ] } },
{ "type": "Feature", "properties": { "fid": 468, "id": "276793", "Номера": [ 26.7 ], "вес": 0.0454090909 }, "geometry": { "type": "MultiPolygon", "coordinates": [ [ [ [ 127.528520840072261, 50.294134808230879 ], [ 127.528969997714299, 50.294134808230879 ], [ 127.528969997714299, 50.293847864544226 ], [ 127.528520840072261, 50.293847864544226 ], [ 127.528520840072261, 50.294134808230879 ] ] ] ] } },
{ "type": "Feature", "properties": { "fid": 469, "id": "276794", "Номера": [ 26.7 ], "вес": 0.0454090909 }, "geometry": { "type": "MultiPolygon", "coordinates": [ [ [ [ 127.528969997714299, 50.294134808230879 ], [ 127.529419155356379, 50.294134808230879 ], [ 127.529419155356379, 50.293847864544226 ], [ 127.528969997714299, 50.293847864544226 ], [ 127.528969997714299, 50.294134808230879 ] ] ] ] } },
{ "type": "Feature", "properties": { "fid": 470, "id": "276795", "Номера": [ 26.7 ], "вес": 0.0454090909 }, "geometry": { "type": "MultiPolygon", "coordinates": [ [ [ [ 127.528520840072261, 50.294134808230879 ], [ 127.528520840072261, 50.294421750186963 ], [ 127.528969997714299, 50.294421750186963 ], [ 127.528969997714299, 50.294134808230879 ], [ 127.528520840072261, 50.294134808230879 ] ] ] ] } },
{ "type": "Feature", "properties": { "fid": 471, "id": "276796", "Номера": [ 26.7 ], "вес": 0.0454090909 }, "geometry": { "type": "MultiPolygon", "coordinates": [ [ [ [ 127.528969997714299, 50.294421750186963 ], [ 127.529419155356379, 50.294421750186963 ], [ 127.529419155356379, 50.294134808230879 ], [ 127.528969997714299, 50.294134808230879 ], [ 127.528969997714299, 50.294421750186963 ] ] ] ] } },
{ "type": "Feature", "properties": { "fid": 472, "id": "276797", "Номера": [ 26.7 ], "вес": 0.0454090909 }, "geometry": { "type": "MultiPolygon", "coordinates": [ [ [ [ 127.528520840072261, 50.293560919127032 ], [ 127.528969997714299, 50.293560919127032 ], [ 127.528969997714299, 50.293273971979254 ], [ 127.528520840072261, 50.293273971979254 ], [ 127.528520840072261, 50.293560919127032 ] ] ] ] } },
{ "type": "Feature", "properties": { "fid": 473, "id": "276798", "Номера": [ 26.7 ], "вес": 0.0454090909 }, "geometry": { "type": "MultiPolygon", "coordinates": [ [ [ [ 127.528969997714299, 50.293560919127032 ], [ 127.529419155356379, 50.293560919127032 ], [ 127.529419155356379, 50.293273971979254 ], [ 127.528969997714299, 50.293273971979254 ], [ 127.528969997714299, 50.293560919127032 ] ] ] ] } },
{ "type": "Feature", "properties": { "fid": 474, "id": "276799", "Номера": [ 26.7 ], "вес": 0.0454090909 }, "geometry": { "type": "MultiPolygon", "coordinates": [ [ [ [ 127.528520840072261, 50.293560919127032 ], [ 127.528520840072261, 50.293847864544226 ], [ 127.528969997714299, 50.293847864544226 ], [ 127.528969997714299, 50.293560919127032 ], [ 127.528520840072261, 50.293560919127032 ] ] ] ] } },
{ "type": "Feature", "properties": { "fid": 475, "id": "276800", "Номера": [ 26.7 ], "вес": 0.0454090909 }, "geometry": { "type": "MultiPolygon", "coordinates": [ [ [ [ 127.528969997714299, 50.293847864544226 ], [ 127.529419155356379, 50.293847864544226 ], [ 127.529419155356379, 50.293560919127032 ], [ 127.528969997714299, 50.293560919127032 ], [ 127.528969997714299, 50.293847864544226 ] ] ] ] } },
{ "type": "Feature", "properties": { "fid": 476, "id": "276801", "Номера": [ 26.7 ], "вес": 0.0454090909 }, "geometry": { "type": "MultiPolygon", "coordinates": [ [ [ [ 127.528520840072261, 50.292987023100906 ], [ 127.528969997714299, 50.292987023100906 ], [ 127.528969997714299, 50.292700072491989 ], [ 127.528520840072261, 50.292700072491989 ], [ 127.528520840072261, 50.292987023100906 ] ] ] ] } },
{ "type": "Feature", "properties": { "fid": 477, "id": "276802", "Номера": [ 26.7 ], "вес": 0.0454090909 }, "geometry": { "type": "MultiPolygon", "coordinates": [ [ [ [ 127.528969997714299, 50.292987023100906 ], [ 127.529419155356379, 50.292987023100906 ], [ 127.529419155356379, 50.292700072491989 ], [ 127.528969997714299, 50.292700072491989 ], [ 127.528969997714299, 50.292987023100906 ] ] ] ] } },
{ "type": "Feature", "properties": { "fid": 478, "id": "276803", "Номера": [ 26.7 ], "вес": 0.0454090909 }, "geometry": { "type": "MultiPolygon", "coordinates": [ [ [ [ 127.528520840072261, 50.292987023100906 ], [ 127.528520840072261, 50.293273971979254 ], [ 127.528969997714299, 50.293273971979254 ], [ 127.528969997714299, 50.292987023100906 ], [ 127.528520840072261, 50.292987023100906 ] ] ] ] } },
{ "type": "Feature", "properties": { "fid": 479, "id": "276804", "Номера": [ 26.7 ], "вес": 0.0454090909 }, "geometry": { "type": "MultiPolygon", "coordinates": [ [ [ [ 127.528969997714299, 50.293273971979254 ], [ 127.529419155356379, 50.293273971979254 ], [ 127.529419155356379, 50.292987023100906 ], [ 127.528969997714299, 50.292987023100906 ], [ 127.528969997714299, 50.293273971979254 ] ] ] ] } },
{ "type": "Feature", "properties": { "fid": 480, "id": "276805", "Номера": [ 26.7 ], "вес": 0.0454090909 }, "geometry": { "type": "MultiPolygon", "coordinates": [ [ [ [ 127.528520840072261, 50.292413120152496 ], [ 127.528969997714299, 50.292413120152496 ], [ 127.528969997714299, 50.292126166082433 ], [ 127.528520840072261, 50.292126166082433 ], [ 127.528520840072261, 50.292413120152496 ] ] ] ] } },
{ "type": "Feature", "properties": { "fid": 481, "id": "276806", "Номера": [ 26.7 ], "вес": 0.0454090909 }, "geometry": { "type": "MultiPolygon", "coordinates": [ [ [ [ 127.528969997714299, 50.292413120152496 ], [ 127.529419155356379, 50.292413120152496 ], [ 127.529419155356379, 50.292126166082433 ], [ 127.528969997714299, 50.292126166082433 ], [ 127.528969997714299, 50.292413120152496 ] ] ] ] } },
{ "type": "Feature", "properties": { "fid": 482, "id": "276807", "Номера": [ 26.7 ], "вес": 0.0454090909 }, "geometry": { "type": "MultiPolygon", "coordinates": [ [ [ [ 127.528520840072261, 50.292413120152496 ], [ 127.528520840072261, 50.292700072491989 ], [ 127.528969997714299, 50.292700072491989 ], [ 127.528969997714299, 50.292413120152496 ], [ 127.528520840072261, 50.292413120152496 ] ] ] ] } },
{ "type": "Feature", "properties": { "fid": 483, "id": "276808", "Номера": [ 26.7 ], "вес": 0.0454090909 }, "geometry": { "type": "MultiPolygon", "coordinates": [ [ [ [ 127.528969997714299, 50.292700072491989 ], [ 127.529419155356379, 50.292700072491989 ], [ 127.529419155356379, 50.292413120152496 ], [ 127.528969997714299, 50.292413120152496 ], [ 127.528969997714299, 50.292700072491989 ] ] ] ] } },
{ "type": "Feature", "properties": { "fid": 484, "id": "276809", "Номера": [ 26.7 ], "вес": 0.0454090909 }, "geometry": { "type": "MultiPolygon", "coordinates": [ [ [ [ 127.528520840072261, 50.291839210281786 ], [ 127.528969997714299, 50.291839210281786 ], [ 127.528969997714299, 50.291552252750535 ], [ 127.528520840072261, 50.291552252750535 ], [ 127.528520840072261, 50.291839210281786 ] ] ] ] } },
{ "type": "Feature", "properties": { "fid": 485, "id": "276810", "Номера": [ 26.7 ], "вес": 0.0454090909 }, "geometry": { "type": "MultiPolygon", "coordinates": [ [ [ [ 127.528969997714299, 50.291839210281786 ], [ 127.529419155356379, 50.291839210281786 ], [ 127.529419155356379, 50.291552252750535 ], [ 127.528969997714299, 50.291552252750535 ], [ 127.528969997714299, 50.291839210281786 ] ] ] ] } },
{ "type": "Feature", "properties": { "fid": 486, "id": "276811", "Номера": [ 26.7 ], "вес": 0.0454090909 }, "geometry": { "type": "MultiPolygon", "coordinates": [ [ [ [ 127.528520840072261, 50.291839210281786 ], [ 127.528520840072261, 50.292126166082433 ], [ 127.528969997714299, 50.292126166082433 ], [ 127.528969997714299, 50.291839210281786 ], [ 127.528520840072261, 50.291839210281786 ] ] ] ] } },
{ "type": "Feature", "properties": { "fid": 487, "id": "276812", "Номера": [ 26.7 ], "вес": 0.0454090909 }, "geometry": { "type": "MultiPolygon", "coordinates": [ [ [ [ 127.528969997714299, 50.292126166082433 ], [ 127.529419155356379, 50.292126166082433 ], [ 127.529419155356379, 50.291839210281786 ], [ 127.528969997714299, 50.291839210281786 ], [ 127.528969997714299, 50.292126166082433 ] ] ] ] } },
{ "type": "Feature", "properties": { "fid": 488, "id": "276813", "Номера": [ 26.7 ], "вес": 0.0454090909 }, "geometry": { "type": "MultiPolygon", "coordinates": [ [ [ [ 127.528520840072261, 50.291265293488713 ], [ 127.528969997714299, 50.291265293488713 ], [ 127.528969997714299, 50.290978332496294 ], [ 127.528520840072261, 50.290978332496294 ], [ 127.528520840072261, 50.291265293488713 ] ] ] ] } },
{ "type": "Feature", "properties": { "fid": 489, "id": "276814", "Номера": [ 26.7 ], "вес": 0.0454090909 }, "geometry": { "type": "MultiPolygon", "coordinates": [ [ [ [ 127.528969997714299, 50.291265293488713 ], [ 127.529419155356379, 50.291265293488713 ], [ 127.529419155356379, 50.290978332496294 ], [ 127.528969997714299, 50.290978332496294 ], [ 127.528969997714299, 50.291265293488713 ] ] ] ] } },
{ "type": "Feature", "properties": { "fid": 490, "id": "276815", "Номера": [ 26.7 ], "вес": 0.0454090909 }, "geometry": { "type": "MultiPolygon", "coordinates": [ [ [ [ 127.528520840072261, 50.291265293488713 ], [ 127.528520840072261, 50.291552252750535 ], [ 127.528969997714299, 50.291552252750535 ], [ 127.528969997714299, 50.291265293488713 ], [ 127.528520840072261, 50.291265293488713 ] ] ] ] } },
{ "type": "Feature", "properties": { "fid": 491, "id": "276816", "Номера": [ 26.7 ], "вес": 0.0454090909 }, "geometry": { "type": "MultiPolygon", "coordinates": [ [ [ [ 127.528969997714299, 50.291552252750535 ], [ 127.529419155356379, 50.291552252750535 ], [ 127.529419155356379, 50.291265293488713 ], [ 127.528969997714299, 50.291265293488713 ], [ 127.528969997714299, 50.291552252750535 ] ] ] ] } },
{ "type": "Feature", "properties": { "fid": 492, "id": "276817", "Номера": [ 26.7 ], "вес": 0.0454090909 }, "geometry": { "type": "MultiPolygon", "coordinates": [ [ [ [ 127.528520840072261, 50.290691369773285 ], [ 127.528969997714299, 50.290691369773285 ], [ 127.528969997714299, 50.290426108142881 ], [ 127.528520840072261, 50.29048689823734 ], [ 127.528520840072261, 50.290691369773285 ] ] ] ] } },
{ "type": "Feature", "properties": { "fid": 493, "id": "276818", "Номера": [ 26.7 ], "вес": 0.0454090909 }, "geometry": { "type": "MultiPolygon", "coordinates": [ [ [ [ 127.528969997714299, 50.290691369773285 ], [ 127.529419155356379, 50.290691369773285 ], [ 127.529419155356379, 50.290404405319677 ], [ 127.529130352465103, 50.290404405319677 ], [ 127.528969997714299, 50.290426108142881 ], [ 127.528969997714299, 50.290691369773285 ] ] ] ] } },
{ "type": "Feature", "properties": { "fid": 494, "id": "276819", "Номера": [ 26.7 ], "вес": 0.0454090909 }, "geometry": { "type": "MultiPolygon", "coordinates": [ [ [ [ 127.528520840072261, 50.290691369773285 ], [ 127.528520840072261, 50.290978332496294 ], [ 127.528969997714299, 50.290978332496294 ], [ 127.528969997714299, 50.290691369773285 ], [ 127.528520840072261, 50.290691369773285 ] ] ] ] } },
{ "type": "Feature", "properties": { "fid": 495, "id": "276820", "Номера": [ 26.7 ], "вес": 0.0454090909 }, "geometry": { "type": "MultiPolygon", "coordinates": [ [ [ [ 127.528969997714299, 50.290978332496294 ], [ 127.529419155356379, 50.290978332496294 ], [ 127.529419155356379, 50.290691369773285 ], [ 127.528969997714299, 50.290691369773285 ], [ 127.528969997714299, 50.290978332496294 ] ] ] ] } },
{ "type": "Feature", "properties": { "fid": 496, "id": "276949", "Номера": [ 26.1 ], "вес": 0.0463477801 }, "geometry": { "type": "MultiPolygon", "coordinates": [ [ [ [ 127.528520840072261, 50.25838812935266 ], [ 127.528969997714299, 50.258341728742273 ], [ 127.528969997714299, 50.258253434510792 ], [ 127.528520840072261, 50.258253434510792 ], [ 127.528520840072261, 50.25838812935266 ] ] ] ] } },
{ "type": "Feature", "properties": { "fid": 497, "id": "276953", "Номера": [ 26.2, 26.1 ], "вес": 0.0900359408 }, "geometry": { "type": "MultiPolygon", "coordinates": [ [ [ [ 127.528969997714299, 50.25796627447874 ], [ 127.528969997714299, 50.257679112715735 ], [ 127.528520840072261, 50.257679112715735 ], [ 127.528520840072261, 50.25796627447874 ], [ 127.528969997714299, 50.25796627447874 ] ] ] ] } },
{ "type": "Feature", "properties": { "fid": 498, "id": "276954", "Номера": [ 26.2, 26.1 ], "вес": 0.0900359408 }, "geometry": { "type": "MultiPolygon", "coordinates": [ [ [ [ 127.529419155356379, 50.25796627447874 ], [ 127.529419155356379, 50.257679112715735 ], [ 127.528969997714299, 50.257679112715735 ], [ 127.528969997714299, 50.25796627447874 ], [ 127.529419155356379, 50.25796627447874 ] ] ] ] } },
{ "type": "Feature", "properties": { "fid": 499, "id": "276955", "Номера": [ 26.2, 26.1 ], "вес": 0.0900359408 }, "geometry": { "type": "MultiPolygon", "coordinates": [ [ [ [ 127.528520840072261, 50.258253434510792 ], [ 127.528969997714299, 50.258253434510792 ], [ 127.528969997714299, 50.25796627447874 ], [ 127.528520840072261, 50.25796627447874 ], [ 127.528520840072261, 50.258253434510792 ] ] ] ] } },
{ "type": "Feature", "properties": { "fid": 500, "id": "276956", "Номера": [ 26.2, 26.1 ], "вес": 0.0900359408 }, "geometry": { "type": "MultiPolygon", "coordinates": [ [ [ [ 127.529241430482159, 50.258253434510792 ], [ 127.529419155356379, 50.258253434510792 ], [ 127.529419155356379, 50.25823517205734 ], [ 127.529419155356379, 50.25796627447874 ], [ 127.528969997714299, 50.25796627447874 ], [ 127.528969997714299, 50.258253434510792 ], [ 127.529241430482159, 50.258253434510792 ] ] ] ] } },
{ "type": "Feature", "properties": { "fid": 501, "id": "276957", "Номера": [ 26.2, 26.1 ], "вес": 0.0900359408 }, "geometry": { "type": "MultiPolygon", "coordinates": [ [ [ [ 127.528969997714299, 50.257391949221741 ], [ 127.528969997714299, 50.257104783996773 ], [ 127.528520840072261, 50.257104783996773 ], [ 127.528520840072261, 50.257391949221741 ], [ 127.528969997714299, 50.257391949221741 ] ] ] ] } },
{ "type": "Feature", "properties": { "fid": 502, "id": "276958", "Номера": [ 26.2, 26.1 ], "вес": 0.0900359408 }, "geometry": { "type": "MultiPolygon", "coordinates": [ [ [ [ 127.529419155356379, 50.257391949221741 ], [ 127.529419155356379, 50.257104783996773 ], [ 127.528969997714299, 50.257104783996773 ], [ 127.528969997714299, 50.257391949221741 ], [ 127.529419155356379, 50.257391949221741 ] ] ] ] } },
{ "type": "Feature", "properties": { "fid": 503, "id": "276959", "Номера": [ 26.2, 26.1 ], "вес": 0.0900359408 }, "geometry": { "type": "MultiPolygon", "coordinates": [ [ [ [ 127.528520840072261, 50.257679112715735 ], [ 127.528969997714299, 50.257679112715735 ], [ 127.528969997714299, 50.257391949221741 ], [ 127.528520840072261, 50.257391949221741 ], [ 127.528520840072261, 50.257679112715735 ] ] ] ] } },
{ "type": "Feature", "properties": { "fid": 504, "id": "276960", "Номера": [ 26.2, 26.1 ], "вес": 0.0900359408 }, "geometry": { "type": "MultiPolygon", "coordinates": [ [ [ [ 127.529419155356379, 50.257679112715735 ], [ 127.529419155356379, 50.257391949221741 ], [ 127.528969997714299, 50.257391949221741 ], [ 127.528969997714299, 50.257679112715735 ], [ 127.529419155356379, 50.257679112715735 ] ] ] ] } },
{ "type": "Feature", "properties": { "fid": 505, "id": "276961", "Номера": [ 26.2, 26.1 ], "вес": 0.0900359408 }, "geometry": { "type": "MultiPolygon", "coordinates": [ [ [ [ 127.528969997714299, 50.256817617040838 ], [ 127.528969997714299, 50.256530448353921 ], [ 127.528520840072261, 50.256530448353921 ], [ 127.528520840072261, 50.256817617040838 ], [ 127.528969997714299, 50.256817617040838 ] ] ] ] } },
{ "type": "Feature", "properties": { "fid": 506, "id": "276962", "Номера": [ 26.2, 26.1 ], "вес": 0.0900359408 }, "geometry": { "type": "MultiPolygon", "coordinates": [ [ [ [ 127.529419155356379, 50.256817617040838 ], [ 127.529419155356379, 50.256530448353921 ], [ 127.528969997714299, 50.256530448353921 ], [ 127.528969997714299, 50.256817617040838 ], [ 127.529419155356379, 50.256817617040838 ] ] ] ] } },
{ "type": "Feature", "properties": { "fid": 507, "id": "276963", "Номера": [ 26.2, 26.1 ], "вес": 0.0900359408 }, "geometry": { "type": "MultiPolygon", "coordinates": [ [ [ [ 127.528520840072261, 50.257104783996773 ], [ 127.528969997714299, 50.257104783996773 ], [ 127.528969997714299, 50.256817617040838 ], [ 127.528520840072261, 50.256817617040838 ], [ 127.528520840072261, 50.257104783996773 ] ] ] ] } },
{ "type": "Feature", "properties": { "fid": 508, "id": "276964", "Номера": [ 26.2, 26.1 ], "вес": 0.0900359408 }, "geometry": { "type": "MultiPolygon", "coordinates": [ [ [ [ 127.529419155356379, 50.257104783996773 ], [ 127.529419155356379, 50.256817617040838 ], [ 127.528969997714299, 50.256817617040838 ], [ 127.528969997714299, 50.257104783996773 ], [ 127.529419155356379, 50.257104783996773 ] ] ] ] } },
{ "type": "Feature", "properties": { "fid": 509, "id": "276967", "Номера": [ 26.2, 26.1 ], "вес": 0.0900359408 }, "geometry": { "type": "MultiPolygon", "coordinates": [ [ [ [ 127.528969997714299, 50.256530448353921 ], [ 127.528969997714299, 50.256407063176248 ], [ 127.528969997714299, 50.256298152912386 ], [ 127.528520840072261, 50.256334151536734 ], [ 127.528520840072261, 50.256442393262681 ], [ 127.528520840072261, 50.256530448353921 ], [ 127.528969997714299, 50.256530448353921 ] ] ] ] } },
{ "type": "Feature", "properties": { "fid": 510, "id": "276968", "Номера": [ 26.2, 26.1 ], "вес": 0.0900359408 }, "geometry": { "type": "MultiPolygon", "coordinates": [ [ [ [ 127.529419155356379, 50.256530448353921 ], [ 127.529419155356379, 50.256371733063631 ], [ 127.529419155356379, 50.25626215426086 ], [ 127.528969997714299, 50.256298152912386 ], [ 127.528969997714299, 50.256407063176248 ], [ 127.528969997714299, 50.256530448353921 ], [ 127.529419155356379, 50.256530448353921 ] ] ] ] } },
{ "type": "Feature", "properties": { "fid": 511, "id": "277113", "Номера": [ 26.7 ], "вес": 0.0454090909 }, "geometry": { "type": "MultiPolygon", "coordinates": [ [ [ [ 127.529419155356379, 50.298725671863309 ], [ 127.529868312998431, 50.298725671863309 ], [ 127.529868312998431, 50.29843875586522 ], [ 127.529419155356379, 50.29843875586522 ], [ 127.529419155356379, 50.298725671863309 ] ] ] ] } },
{ "type": "Feature", "properties": { "fid": 512, "id": "277114", "Номера": [ 26.7 ], "вес": 0.0454090909 }, "geometry": { "type": "MultiPolygon", "coordinates": [ [ [ [ 127.529868312998431, 50.298725671863309 ], [ 127.530317470640483, 50.298725671863309 ], [ 127.530317470640483, 50.29843875586522 ], [ 127.529868312998431, 50.29843875586522 ], [ 127.529868312998431, 50.298725671863309 ] ] ] ] } },
{ "type": "Feature", "properties": { "fid": 513, "id": "277115", "Номера": [ 26.7 ], "вес": 0.0454090909 }, "geometry": { "type": "MultiPolygon", "coordinates": [ [ [ [ 127.529419155356379, 50.298725671863309 ], [ 127.529419155356379, 50.298838740446783 ], [ 127.529868312998431, 50.29882110226005 ], [ 127.529868312998431, 50.298725671863309 ], [ 127.529419155356379, 50.298725671863309 ] ] ] ] } },
{ "type": "Feature", "properties": { "fid": 514, "id": "277117", "Номера": [ 26.7 ], "вес": 0.0454090909 }, "geometry": { "type": "MultiPolygon", "coordinates": [ [ [ [ 127.529419155356379, 50.298151838136633 ], [ 127.529868312998431, 50.298151838136633 ], [ 127.529868312998431, 50.297864918677519 ], [ 127.529419155356379, 50.297864918677519 ], [ 127.529419155356379, 50.298151838136633 ] ] ] ] } },
{ "type": "Feature", "properties": { "fid": 515, "id": "277118", "Номера": [ 26.7 ], "вес": 0.0454090909 }, "geometry": { "type": "MultiPolygon", "coordinates": [ [ [ [ 127.529868312998431, 50.298151838136633 ], [ 127.530317470640483, 50.298151838136633 ], [ 127.530317470640483, 50.297864918677519 ], [ 127.529868312998431, 50.297864918677519 ], [ 127.529868312998431, 50.298151838136633 ] ] ] ] } },
{ "type": "Feature", "properties": { "fid": 516, "id": "277119", "Номера": [ 26.7 ], "вес": 0.0454090909 }, "geometry": { "type": "MultiPolygon", "coordinates": [ [ [ [ 127.529419155356379, 50.298151838136633 ], [ 127.529419155356379, 50.29843875586522 ], [ 127.529868312998431, 50.29843875586522 ], [ 127.529868312998431, 50.298151838136633 ], [ 127.529419155356379, 50.298151838136633 ] ] ] ] } },
{ "type": "Feature", "properties": { "fid": 517, "id": "277120", "Номера": [ 26.7 ], "вес": 0.0454090909 }, "geometry": { "type": "MultiPolygon", "coordinates": [ [ [ [ 127.529868312998431, 50.29843875586522 ], [ 127.530317470640483, 50.29843875586522 ], [ 127.530317470640483, 50.298151838136633 ], [ 127.529868312998431, 50.298151838136633 ], [ 127.529868312998431, 50.29843875586522 ] ] ] ] } },
{ "type": "Feature", "properties": { "fid": 518, "id": "277121", "Номера": [ 26.7 ], "вес": 0.0454090909 }, "geometry": { "type": "MultiPolygon", "coordinates": [ [ [ [ 127.529419155356379, 50.297577997487906 ], [ 127.529868312998431, 50.297577997487906 ], [ 127.529868312998431, 50.297291074567759 ], [ 127.529419155356379, 50.297291074567759 ], [ 127.529419155356379, 50.297577997487906 ] ] ] ] } },
{ "type": "Feature", "properties": { "fid": 519, "id": "277122", "Номера": [ 26.7 ], "вес": 0.0454090909 }, "geometry": { "type": "MultiPolygon", "coordinates": [ [ [ [ 127.529868312998431, 50.297577997487906 ], [ 127.530317470640483, 50.297577997487906 ], [ 127.530317470640483, 50.297291074567759 ], [ 127.529868312998431, 50.297291074567759 ], [ 127.529868312998431, 50.297577997487906 ] ] ] ] } },
{ "type": "Feature", "properties": { "fid": 520, "id": "277123", "Номера": [ 26.7 ], "вес": 0.0454090909 }, "geometry": { "type": "MultiPolygon", "coordinates": [ [ [ [ 127.529419155356379, 50.297577997487906 ], [ 127.529419155356379, 50.297864918677519 ], [ 127.529868312998431, 50.297864918677519 ], [ 127.529868312998431, 50.297577997487906 ], [ 127.529419155356379, 50.297577997487906 ] ] ] ] } },
{ "type": "Feature", "properties": { "fid": 521, "id": "277124", "Номера": [ 26.7 ], "вес": 0.0454090909 }, "geometry": { "type": "MultiPolygon", "coordinates": [ [ [ [ 127.529868312998431, 50.297864918677519 ], [ 127.530317470640483, 50.297864918677519 ], [ 127.530317470640483, 50.297577997487906 ], [ 127.529868312998431, 50.297577997487906 ], [ 127.529868312998431, 50.297864918677519 ] ] ] ] } },
{ "type": "Feature", "properties": { "fid": 522, "id": "277125", "Номера": [ 26.7 ], "вес": 0.0454090909 }, "geometry": { "type": "MultiPolygon", "coordinates": [ [ [ [ 127.529419155356379, 50.297004149917086 ], [ 127.529868312998431, 50.297004149917086 ], [ 127.529868312998431, 50.296717223535893 ], [ 127.529419155356379, 50.296717223535893 ], [ 127.529419155356379, 50.297004149917086 ] ] ] ] } },
{ "type": "Feature", "properties": { "fid": 523, "id": "277126", "Номера": [ 26.7 ], "вес": 0.0454090909 }, "geometry": { "type": "MultiPolygon", "coordinates": [ [ [ [ 127.529868312998431, 50.297004149917086 ], [ 127.530317470640483, 50.297004149917086 ], [ 127.530317470640483, 50.296717223535893 ], [ 127.529868312998431, 50.296717223535893 ], [ 127.529868312998431, 50.297004149917086 ] ] ] ] } },
{ "type": "Feature", "properties": { "fid": 524, "id": "277127", "Номера": [ 26.7 ], "вес": 0.0454090909 }, "geometry": { "type": "MultiPolygon", "coordinates": [ [ [ [ 127.529419155356379, 50.297004149917086 ], [ 127.529419155356379, 50.297291074567759 ], [ 127.529868312998431, 50.297291074567759 ], [ 127.529868312998431, 50.297004149917086 ], [ 127.529419155356379, 50.297004149917086 ] ] ] ] } },
{ "type": "Feature", "properties": { "fid": 525, "id": "277128", "Номера": [ 26.7 ], "вес": 0.0454090909 }, "geometry": { "type": "MultiPolygon", "coordinates": [ [ [ [ 127.529868312998431, 50.297291074567759 ], [ 127.530317470640483, 50.297291074567759 ], [ 127.530317470640483, 50.297004149917086 ], [ 127.529868312998431, 50.297004149917086 ], [ 127.529868312998431, 50.297291074567759 ] ] ] ] } },
{ "type": "Feature", "properties": { "fid": 526, "id": "277129", "Номера": [ 26.7 ], "вес": 0.0454090909 }, "geometry": { "type": "MultiPolygon", "coordinates": [ [ [ [ 127.529419155356379, 50.296430295424159 ], [ 127.529868312998431, 50.296430295424159 ], [ 127.529868312998431, 50.296143365581912 ], [ 127.529419155356379, 50.296143365581912 ], [ 127.529419155356379, 50.296430295424159 ] ] ] ] } },
{ "type": "Feature", "properties": { "fid": 527, "id": "277130", "Номера": [ 26.7 ], "вес": 0.0454090909 }, "geometry": { "type": "MultiPolygon", "coordinates": [ [ [ [ 127.529868312998431, 50.296430295424159 ], [ 127.530317470640483, 50.296430295424159 ], [ 127.530317470640483, 50.296143365581912 ], [ 127.529868312998431, 50.296143365581912 ], [ 127.529868312998431, 50.296430295424159 ] ] ] ] } },
{ "type": "Feature", "properties": { "fid": 528, "id": "277131", "Номера": [ 26.7 ], "вес": 0.0454090909 }, "geometry": { "type": "MultiPolygon", "coordinates": [ [ [ [ 127.529419155356379, 50.296430295424159 ], [ 127.529419155356379, 50.296717223535893 ], [ 127.529868312998431, 50.296717223535893 ], [ 127.529868312998431, 50.296430295424159 ], [ 127.529419155356379, 50.296430295424159 ] ] ] ] } },
{ "type": "Feature", "properties": { "fid": 529, "id": "277132", "Номера": [ 26.7 ], "вес": 0.0454090909 }, "geometry": { "type": "MultiPolygon", "coordinates": [ [ [ [ 127.529868312998431, 50.296717223535893 ], [ 127.530317470640483, 50.296717223535893 ], [ 127.530317470640483, 50.296430295424159 ], [ 127.529868312998431, 50.296430295424159 ], [ 127.529868312998431, 50.296717223535893 ] ] ] ] } },
{ "type": "Feature", "properties": { "fid": 530, "id": "277133", "Номера": [ 26.7 ], "вес": 0.0454090909 }, "geometry": { "type": "MultiPolygon", "coordinates": [ [ [ [ 127.529419155356379, 50.29585643400911 ], [ 127.529868312998431, 50.29585643400911 ], [ 127.529868312998431, 50.295569500705774 ], [ 127.529419155356379, 50.295569500705774 ], [ 127.529419155356379, 50.29585643400911 ] ] ] ] } },
{ "type": "Feature", "properties": { "fid": 531, "id": "277134", "Номера": [ 26.7 ], "вес": 0.0454090909 }, "geometry": { "type": "MultiPolygon", "coordinates": [ [ [ [ 127.529868312998431, 50.29585643400911 ], [ 127.530317470640483, 50.29585643400911 ], [ 127.530317470640483, 50.295569500705774 ], [ 127.529868312998431, 50.295569500705774 ], [ 127.529868312998431, 50.29585643400911 ] ] ] ] } },
{ "type": "Feature", "properties": { "fid": 532, "id": "277135", "Номера": [ 26.7 ], "вес": 0.0454090909 }, "geometry": { "type": "MultiPolygon", "coordinates": [ [ [ [ 127.529419155356379, 50.29585643400911 ], [ 127.529419155356379, 50.296143365581912 ], [ 127.529868312998431, 50.296143365581912 ], [ 127.529868312998431, 50.29585643400911 ], [ 127.529419155356379, 50.29585643400911 ] ] ] ] } },
{ "type": "Feature", "properties": { "fid": 533, "id": "277136", "Номера": [ 26.7 ], "вес": 0.0454090909 }, "geometry": { "type": "MultiPolygon", "coordinates": [ [ [ [ 127.529868312998431, 50.296143365581912 ], [ 127.530317470640483, 50.296143365581912 ], [ 127.530317470640483, 50.29585643400911 ], [ 127.529868312998431, 50.29585643400911 ], [ 127.529868312998431, 50.296143365581912 ] ] ] ] } },
{ "type": "Feature", "properties": { "fid": 534, "id": "277137", "Номера": [ 26.7 ], "вес": 0.0454090909 }, "geometry": { "type": "MultiPolygon", "coordinates": [ [ [ [ 127.529419155356379, 50.29528256567189 ], [ 127.529868312998431, 50.29528256567189 ], [ 127.529868312998431, 50.294995628907465 ], [ 127.529419155356379, 50.294995628907465 ], [ 127.529419155356379, 50.29528256567189 ] ] ] ] } },
{ "type": "Feature", "properties": { "fid": 535, "id": "277138", "Номера": [ 26.7 ], "вес": 0.0454090909 }, "geometry": { "type": "MultiPolygon", "coordinates": [ [ [ [ 127.529868312998431, 50.29528256567189 ], [ 127.530317470640483, 50.29528256567189 ], [ 127.530317470640483, 50.294995628907465 ], [ 127.529868312998431, 50.294995628907465 ], [ 127.529868312998431, 50.29528256567189 ] ] ] ] } },
{ "type": "Feature", "properties": { "fid": 536, "id": "277139", "Номера": [ 26.7 ], "вес": 0.0454090909 }, "geometry": { "type": "MultiPolygon", "coordinates": [ [ [ [ 127.529419155356379, 50.29528256567189 ], [ 127.529419155356379, 50.295569500705774 ], [ 127.529868312998431, 50.295569500705774 ], [ 127.529868312998431, 50.29528256567189 ], [ 127.529419155356379, 50.29528256567189 ] ] ] ] } },
{ "type": "Feature", "properties": { "fid": 537, "id": "277140", "Номера": [ 26.7 ], "вес": 0.0454090909 }, "geometry": { "type": "MultiPolygon", "coordinates": [ [ [ [ 127.529868312998431, 50.295569500705774 ], [ 127.530317470640483, 50.295569500705774 ], [ 127.530317470640483, 50.29528256567189 ], [ 127.529868312998431, 50.29528256567189 ], [ 127.529868312998431, 50.295569500705774 ] ] ] ] } },
{ "type": "Feature", "properties": { "fid": 538, "id": "277141", "Номера": [ 26.7 ], "вес": 0.0454090909 }, "geometry": { "type": "MultiPolygon", "coordinates": [ [ [ [ 127.529419155356379, 50.294708690412492 ], [ 127.529868312998431, 50.294708690412492 ], [ 127.529868312998431, 50.294421750186963 ], [ 127.529419155356379, 50.294421750186963 ], [ 127.529419155356379, 50.294708690412492 ] ] ] ] } },
{ "type": "Feature", "properties": { "fid": 539, "id": "277142", "Номера": [ 26.7 ], "вес": 0.0454090909 }, "geometry": { "type": "MultiPolygon", "coordinates": [ [ [ [ 127.529868312998431, 50.294708690412492 ], [ 127.530317470640483, 50.294708690412492 ], [ 127.530317470640483, 50.294421750186963 ], [ 127.529868312998431, 50.294421750186963 ], [ 127.529868312998431, 50.294708690412492 ] ] ] ] } },
{ "type": "Feature", "properties": { "fid": 540, "id": "277143", "Номера": [ 26.7 ], "вес": 0.0454090909 }, "geometry": { "type": "MultiPolygon", "coordinates": [ [ [ [ 127.529419155356379, 50.294708690412492 ], [ 127.529419155356379, 50.294995628907465 ], [ 127.529868312998431, 50.294995628907465 ], [ 127.529868312998431, 50.294708690412492 ], [ 127.529419155356379, 50.294708690412492 ] ] ] ] } },
{ "type": "Feature", "properties": { "fid": 541, "id": "277144", "Номера": [ 26.7 ], "вес": 0.0454090909 }, "geometry": { "type": "MultiPolygon", "coordinates": [ [ [ [ 127.529868312998431, 50.294995628907465 ], [ 127.530317470640483, 50.294995628907465 ], [ 127.530317470640483, 50.294708690412492 ], [ 127.529868312998431, 50.294708690412492 ], [ 127.529868312998431, 50.294995628907465 ] ] ] ] } },
{ "type": "Feature", "properties": { "fid": 542, "id": "277145", "Номера": [ 26.7 ], "вес": 0.0454090909 }, "geometry": { "type": "MultiPolygon", "coordinates": [ [ [ [ 127.529419155356379, 50.294134808230879 ], [ 127.529868312998431, 50.294134808230879 ], [ 127.529868312998431, 50.293847864544226 ], [ 127.529419155356379, 50.293847864544226 ], [ 127.529419155356379, 50.294134808230879 ] ] ] ] } },
{ "type": "Feature", "properties": { "fid": 543, "id": "277146", "Номера": [ 26.7 ], "вес": 0.0454090909 }, "geometry": { "type": "MultiPolygon", "coordinates": [ [ [ [ 127.529868312998431, 50.294134808230879 ], [ 127.530317470640483, 50.294134808230879 ], [ 127.530317470640483, 50.293847864544226 ], [ 127.529868312998431, 50.293847864544226 ], [ 127.529868312998431, 50.294134808230879 ] ] ] ] } },
{ "type": "Feature", "properties": { "fid": 544, "id": "277147", "Номера": [ 26.7 ], "вес": 0.0454090909 }, "geometry": { "type": "MultiPolygon", "coordinates": [ [ [ [ 127.529419155356379, 50.294134808230879 ], [ 127.529419155356379, 50.294421750186963 ], [ 127.529868312998431, 50.294421750186963 ], [ 127.529868312998431, 50.294134808230879 ], [ 127.529419155356379, 50.294134808230879 ] ] ] ] } },
{ "type": "Feature", "properties": { "fid": 545, "id": "277148", "Номера": [ 26.7 ], "вес": 0.0454090909 }, "geometry": { "type": "MultiPolygon", "coordinates": [ [ [ [ 127.529868312998431, 50.294421750186963 ], [ 127.530317470640483, 50.294421750186963 ], [ 127.530317470640483, 50.294134808230879 ], [ 127.529868312998431, 50.294134808230879 ], [ 127.529868312998431, 50.294421750186963 ] ] ] ] } },
{ "type": "Feature", "properties": { "fid": 546, "id": "277149", "Номера": [ 26.7 ], "вес": 0.0454090909 }, "geometry": { "type": "MultiPolygon", "coordinates": [ [ [ [ 127.529419155356379, 50.293560919127032 ], [ 127.529868312998431, 50.293560919127032 ], [ 127.529868312998431, 50.293273971979254 ], [ 127.529419155356379, 50.293273971979254 ], [ 127.529419155356379, 50.293560919127032 ] ] ] ] } },
{ "type": "Feature", "properties": { "fid": 547, "id": "277150", "Номера": [ 26.7 ], "вес": 0.0454090909 }, "geometry": { "type": "MultiPolygon", "coordinates": [ [ [ [ 127.529868312998431, 50.293560919127032 ], [ 127.530317470640483, 50.293560919127032 ], [ 127.530317470640483, 50.293273971979254 ], [ 127.529868312998431, 50.293273971979254 ], [ 127.529868312998431, 50.293560919127032 ] ] ] ] } },
{ "type": "Feature", "properties": { "fid": 548, "id": "277151", "Номера": [ 26.7 ], "вес": 0.0454090909 }, "geometry": { "type": "MultiPolygon", "coordinates": [ [ [ [ 127.529419155356379, 50.293560919127032 ], [ 127.529419155356379, 50.293847864544226 ], [ 127.529868312998431, 50.293847864544226 ], [ 127.529868312998431, 50.293560919127032 ], [ 127.529419155356379, 50.293560919127032 ] ] ] ] } },
{ "type": "Feature", "properties": { "fid": 549, "id": "277152", "Номера": [ 26.7 ], "вес": 0.0454090909 }, "geometry": { "type": "MultiPolygon", "coordinates": [ [ [ [ 127.529868312998431, 50.293847864544226 ], [ 127.530317470640483, 50.293847864544226 ], [ 127.530317470640483, 50.293560919127032 ], [ 127.529868312998431, 50.293560919127032 ], [ 127.529868312998431, 50.293847864544226 ] ] ] ] } },
{ "type": "Feature", "properties": { "fid": 550, "id": "277153", "Номера": [ 26.7 ], "вес": 0.0454090909 }, "geometry": { "type": "MultiPolygon", "coordinates": [ [ [ [ 127.529419155356379, 50.292987023100906 ], [ 127.529868312998431, 50.292987023100906 ], [ 127.529868312998431, 50.292700072491989 ], [ 127.529419155356379, 50.292700072491989 ], [ 127.529419155356379, 50.292987023100906 ] ] ] ] } },
{ "type": "Feature", "properties": { "fid": 551, "id": "277154", "Номера": [ 26.7 ], "вес": 0.0454090909 }, "geometry": { "type": "MultiPolygon", "coordinates": [ [ [ [ 127.529868312998431, 50.292987023100906 ], [ 127.530317470640483, 50.292987023100906 ], [ 127.530317470640483, 50.292700072491989 ], [ 127.529868312998431, 50.292700072491989 ], [ 127.529868312998431, 50.292987023100906 ] ] ] ] } },
{ "type": "Feature", "properties": { "fid": 552, "id": "277155", "Номера": [ 26.7 ], "вес": 0.0454090909 }, "geometry": { "type": "MultiPolygon", "coordinates": [ [ [ [ 127.529419155356379, 50.292987023100906 ], [ 127.529419155356379, 50.293273971979254 ], [ 127.529868312998431, 50.293273971979254 ], [ 127.529868312998431, 50.292987023100906 ], [ 127.529419155356379, 50.292987023100906 ] ] ] ] } },
{ "type": "Feature", "properties": { "fid": 553, "id": "277156", "Номера": [ 26.7 ], "вес": 0.0454090909 }, "geometry": { "type": "MultiPolygon", "coordinates": [ [ [ [ 127.529868312998431, 50.293273971979254 ], [ 127.530317470640483, 50.293273971979254 ], [ 127.530317470640483, 50.292987023100906 ], [ 127.529868312998431, 50.292987023100906 ], [ 127.529868312998431, 50.293273971979254 ] ] ] ] } },
{ "type": "Feature", "properties": { "fid": 554, "id": "277157", "Номера": [ 26.7 ], "вес": 0.0454090909 }, "geometry": { "type": "MultiPolygon", "coordinates": [ [ [ [ 127.529419155356379, 50.292413120152496 ], [ 127.529868312998431, 50.292413120152496 ], [ 127.529868312998431, 50.292126166082433 ], [ 127.529419155356379, 50.292126166082433 ], [ 127.529419155356379, 50.292413120152496 ] ] ] ] } },
{ "type": "Feature", "properties": { "fid": 555, "id": "277158", "Номера": [ 26.7 ], "вес": 0.0454090909 }, "geometry": { "type": "MultiPolygon", "coordinates": [ [ [ [ 127.529868312998431, 50.292413120152496 ], [ 127.530317470640483, 50.292413120152496 ], [ 127.530317470640483, 50.292126166082433 ], [ 127.529868312998431, 50.292126166082433 ], [ 127.529868312998431, 50.292413120152496 ] ] ] ] } },
{ "type": "Feature", "properties": { "fid": 556, "id": "277159", "Номера": [ 26.7 ], "вес": 0.0454090909 }, "geometry": { "type": "MultiPolygon", "coordinates": [ [ [ [ 127.529419155356379, 50.292413120152496 ], [ 127.529419155356379, 50.292700072491989 ], [ 127.529868312998431, 50.292700072491989 ], [ 127.529868312998431, 50.292413120152496 ], [ 127.529419155356379, 50.292413120152496 ] ] ] ] } },
{ "type": "Feature", "properties": { "fid": 557, "id": "277160", "Номера": [ 26.7 ], "вес": 0.0454090909 }, "geometry": { "type": "MultiPolygon", "coordinates": [ [ [ [ 127.529868312998431, 50.292700072491989 ], [ 127.530317470640483, 50.292700072491989 ], [ 127.530317470640483, 50.292413120152496 ], [ 127.529868312998431, 50.292413120152496 ], [ 127.529868312998431, 50.292700072491989 ] ] ] ] } },
{ "type": "Feature", "properties": { "fid": 558, "id": "277161", "Номера": [ 26.7 ], "вес": 0.0454090909 }, "geometry": { "type": "MultiPolygon", "coordinates": [ [ [ [ 127.529419155356379, 50.291839210281786 ], [ 127.529868312998431, 50.291839210281786 ], [ 127.529868312998431, 50.291552252750535 ], [ 127.529419155356379, 50.291552252750535 ], [ 127.529419155356379, 50.291839210281786 ] ] ] ] } },
{ "type": "Feature", "properties": { "fid": 559, "id": "277162", "Номера": [ 26.7 ], "вес": 0.0454090909 }, "geometry": { "type": "MultiPolygon", "coordinates": [ [ [ [ 127.529868312998431, 50.291839210281786 ], [ 127.530317470640483, 50.291839210281786 ], [ 127.530317470640483, 50.291552252750535 ], [ 127.529868312998431, 50.291552252750535 ], [ 127.529868312998431, 50.291839210281786 ] ] ] ] } },
{ "type": "Feature", "properties": { "fid": 560, "id": "277163", "Номера": [ 26.7 ], "вес": 0.0454090909 }, "geometry": { "type": "MultiPolygon", "coordinates": [ [ [ [ 127.529419155356379, 50.291839210281786 ], [ 127.529419155356379, 50.292126166082433 ], [ 127.529868312998431, 50.292126166082433 ], [ 127.529868312998431, 50.291839210281786 ], [ 127.529419155356379, 50.291839210281786 ] ] ] ] } },
{ "type": "Feature", "properties": { "fid": 561, "id": "277164", "Номера": [ 26.7 ], "вес": 0.0454090909 }, "geometry": { "type": "MultiPolygon", "coordinates": [ [ [ [ 127.529868312998431, 50.292126166082433 ], [ 127.530317470640483, 50.292126166082433 ], [ 127.530317470640483, 50.291839210281786 ], [ 127.529868312998431, 50.291839210281786 ], [ 127.529868312998431, 50.292126166082433 ] ] ] ] } },
{ "type": "Feature", "properties": { "fid": 562, "id": "277165", "Номера": [ 26.7 ], "вес": 0.0454090909 }, "geometry": { "type": "MultiPolygon", "coordinates": [ [ [ [ 127.529419155356379, 50.291265293488713 ], [ 127.529868312998431, 50.291265293488713 ], [ 127.529868312998431, 50.290978332496294 ], [ 127.529419155356379, 50.290978332496294 ], [ 127.529419155356379, 50.291265293488713 ] ] ] ] } },
{ "type": "Feature", "properties": { "fid": 563, "id": "277166", "Номера": [ 26.7 ], "вес": 0.0454090909 }, "geometry": { "type": "MultiPolygon", "coordinates": [ [ [ [ 127.529868312998431, 50.291265293488713 ], [ 127.530317470640483, 50.291265293488713 ], [ 127.530317470640483, 50.290978332496294 ], [ 127.529868312998431, 50.290978332496294 ], [ 127.529868312998431, 50.291265293488713 ] ] ] ] } },
{ "type": "Feature", "properties": { "fid": 564, "id": "277167", "Номера": [ 26.7 ], "вес": 0.0454090909 }, "geometry": { "type": "MultiPolygon", "coordinates": [ [ [ [ 127.529419155356379, 50.291265293488713 ], [ 127.529419155356379, 50.291552252750535 ], [ 127.529868312998431, 50.291552252750535 ], [ 127.529868312998431, 50.291265293488713 ], [ 127.529419155356379, 50.291265293488713 ] ] ] ] } },
{ "type": "Feature", "properties": { "fid": 565, "id": "277168", "Номера": [ 26.7 ], "вес": 0.0454090909 }, "geometry": { "type": "MultiPolygon", "coordinates": [ [ [ [ 127.529868312998431, 50.291552252750535 ], [ 127.530317470640483, 50.291552252750535 ], [ 127.530317470640483, 50.291265293488713 ], [ 127.529868312998431, 50.291265293488713 ], [ 127.529868312998431, 50.291552252750535 ] ] ] ] } },
{ "type": "Feature", "properties": { "fid": 566, "id": "277169", "Номера": [ 26.7 ], "вес": 0.0454090909 }, "geometry": { "type": "MultiPolygon", "coordinates": [ [ [ [ 127.529419155356379, 50.290691369773285 ], [ 127.529868312998431, 50.290691369773285 ], [ 127.529868312998431, 50.290404405319677 ], [ 127.529419155356379, 50.290404405319677 ], [ 127.529419155356379, 50.290691369773285 ] ] ] ] } },
{ "type": "Feature", "properties": { "fid": 567, "id": "277170", "Номера": [ 26.7 ], "вес": 0.0454090909 }, "geometry": { "type": "MultiPolygon", "coordinates": [ [ [ [ 127.529868312998431, 50.290691369773285 ], [ 127.530317470640483, 50.290691369773285 ], [ 127.530317470640483, 50.290404405319677 ], [ 127.529868312998431, 50.290404405319677 ], [ 127.529868312998431, 50.290691369773285 ] ] ] ] } },
{ "type": "Feature", "properties": { "fid": 568, "id": "277171", "Номера": [ 26.7 ], "вес": 0.0454090909 }, "geometry": { "type": "MultiPolygon", "coordinates": [ [ [ [ 127.529419155356379, 50.290691369773285 ], [ 127.529419155356379, 50.290978332496294 ], [ 127.529868312998431, 50.290978332496294 ], [ 127.529868312998431, 50.290691369773285 ], [ 127.529419155356379, 50.290691369773285 ] ] ] ] } },
{ "type": "Feature", "properties": { "fid": 569, "id": "277172", "Номера": [ 26.7 ], "вес": 0.0454090909 }, "geometry": { "type": "MultiPolygon", "coordinates": [ [ [ [ 127.529868312998431, 50.290978332496294 ], [ 127.530317470640483, 50.290978332496294 ], [ 127.530317470640483, 50.290691369773285 ], [ 127.529868312998431, 50.290691369773285 ], [ 127.529868312998431, 50.290978332496294 ] ] ] ] } },
{ "type": "Feature", "properties": { "fid": 570, "id": "277293", "Номера": [ 26.2, 26.1 ], "вес": 0.0900359408 }, "geometry": { "type": "MultiPolygon", "coordinates": [ [ [ [ 127.529868312998431, 50.25796627447874 ], [ 127.529868312998431, 50.257679112715735 ], [ 127.529419155356379, 50.257679112715735 ], [ 127.529419155356379, 50.25796627447874 ], [ 127.529868312998431, 50.25796627447874 ] ] ] ] } },
{ "type": "Feature", "properties": { "fid": 571, "id": "277294", "Номера": [ 26.2, 26.1 ], "вес": 0.0900359408 }, "geometry": { "type": "MultiPolygon", "coordinates": [ [ [ [ 127.530317470640483, 50.25796627447874 ], [ 127.530317470640483, 50.257679112715735 ], [ 127.529868312998431, 50.257679112715735 ], [ 127.529868312998431, 50.25796627447874 ], [ 127.530317470640483, 50.25796627447874 ] ] ] ] } },
{ "type": "Feature", "properties": { "fid": 572, "id": "277295", "Номера": [ 26.2, 26.1 ], "вес": 0.0900359408 }, "geometry": { "type": "MultiPolygon", "coordinates": [ [ [ [ 127.529419155356379, 50.25823517205734 ], [ 127.529419155356379, 50.258253434510792 ], [ 127.529824684159465, 50.258253434510792 ], [ 127.529868312998431, 50.258248927385907 ], [ 127.529868312998431, 50.258189017988499 ], [ 127.529868312998431, 50.25796627447874 ], [ 127.529419155356379, 50.25796627447874 ], [ 127.529419155356379, 50.25823517205734 ] ] ] ] } },
{ "type": "Feature", "properties": { "fid": 573, "id": "277296", "Номера": [ 26.2, 26.1 ], "вес": 0.0900359408 }, "geometry": { "type": "MultiPolygon", "coordinates": [ [ [ [ 127.530317470640483, 50.25796627447874 ], [ 127.529868312998431, 50.25796627447874 ], [ 127.529868312998431, 50.258189017988499 ], [ 127.529868312998431, 50.258248927385907 ], [ 127.530317470640483, 50.258202526639927 ], [ 127.530317470640483, 50.258142863874944 ], [ 127.530317470640483, 50.25796627447874 ] ] ] ] } },
{ "type": "Feature", "properties": { "fid": 574, "id": "277297", "Номера": [ 26.2, 26.1 ], "вес": 0.0900359408 }, "geometry": { "type": "MultiPolygon", "coordinates": [ [ [ [ 127.529868312998431, 50.257391949221741 ], [ 127.529868312998431, 50.257104783996773 ], [ 127.529419155356379, 50.257104783996773 ], [ 127.529419155356379, 50.257391949221741 ], [ 127.529868312998431, 50.257391949221741 ] ] ] ] } },
{ "type": "Feature", "properties": { "fid": 575, "id": "277298", "Номера": [ 26.2, 26.1 ], "вес": 0.0900359408 }, "geometry": { "type": "MultiPolygon", "coordinates": [ [ [ [ 127.530298405914536, 50.257391949221741 ], [ 127.530317470640483, 50.257391949221741 ], [ 127.530317470640483, 50.257104783996773 ], [ 127.530226665457818, 50.257104783996773 ], [ 127.529868312998431, 50.257104783996773 ], [ 127.529868312998431, 50.257391949221741 ], [ 127.530298405914536, 50.257391949221741 ] ] ] ] } },
{ "type": "Feature", "properties": { "fid": 576, "id": "277299", "Номера": [ 26.2, 26.1 ], "вес": 0.0900359408 }, "geometry": { "type": "MultiPolygon", "coordinates": [ [ [ [ 127.529419155356379, 50.257679112715735 ], [ 127.529868312998431, 50.257679112715735 ], [ 127.529868312998431, 50.257391949221741 ], [ 127.529419155356379, 50.257391949221741 ], [ 127.529419155356379, 50.257679112715735 ] ] ] ] } },
{ "type": "Feature", "properties": { "fid": 577, "id": "277300", "Номера": [ 26.2, 26.1 ], "вес": 0.0900359408 }, "geometry": { "type": "MultiPolygon", "coordinates": [ [ [ [ 127.530317470640483, 50.257679112715735 ], [ 127.530317470640483, 50.257468261886615 ], [ 127.530317470640483, 50.257391949221741 ], [ 127.530298405914536, 50.257391949221741 ], [ 127.529868312998431, 50.257391949221741 ], [ 127.529868312998431, 50.257679112715735 ], [ 127.530317470640483, 50.257679112715735 ] ] ] ] } },
{ "type": "Feature", "properties": { "fid": 578, "id": "277301", "Номера": [ 26.2, 26.1 ], "вес": 0.0900359408 }, "geometry": { "type": "MultiPolygon", "coordinates": [ [ [ [ 127.529868312998431, 50.256817617040838 ], [ 127.529868312998431, 50.256530448353921 ], [ 127.529419155356379, 50.256530448353921 ], [ 127.529419155356379, 50.256817617040838 ], [ 127.529868312998431, 50.256817617040838 ] ] ] ] } },
{ "type": "Feature", "properties": { "fid": 579, "id": "277302", "Номера": [ 26.2, 26.1 ], "вес": 0.0900359408 }, "geometry": { "type": "MultiPolygon", "coordinates": [ [ [ [ 127.530154925001099, 50.256817617040838 ], [ 127.530314308683131, 50.256817617040838 ], [ 127.530261717440212, 50.256530448353921 ], [ 127.530083184544381, 50.256530448353921 ], [ 127.529868312998431, 50.256530448353921 ], [ 127.529868312998431, 50.256817617040838 ], [ 127.530154925001099, 50.256817617040838 ] ] ] ] } },
{ "type": "Feature", "properties": { "fid": 580, "id": "277303", "Номера": [ 26.2, 26.1 ], "вес": 0.0900359408 }, "geometry": { "type": "MultiPolygon", "coordinates": [ [ [ [ 127.529419155356379, 50.257104783996773 ], [ 127.529868312998431, 50.257104783996773 ], [ 127.529868312998431, 50.256817617040838 ], [ 127.529419155356379, 50.256817617040838 ], [ 127.529419155356379, 50.257104783996773 ] ] ] ] } },
{ "type": "Feature", "properties": { "fid": 581, "id": "277304", "Номера": [ 26.2, 26.1 ], "вес": 0.0900359408 }, "geometry": { "type": "MultiPolygon", "coordinates": [ [ [ [ 127.530226665457818, 50.257104783996773 ], [ 127.530317470640483, 50.257104783996773 ], [ 127.530317470640483, 50.256834882505458 ], [ 127.530314308683131, 50.256817617040838 ], [ 127.530154925001099, 50.256817617040838 ], [ 127.529868312998431, 50.256817617040838 ], [ 127.529868312998431, 50.257104783996773 ], [ 127.530226665457818, 50.257104783996773 ] ] ] ] } },
{ "type": "Feature", "properties": { "fid": 582, "id": "277307", "Номера": [ 26.2, 26.1 ], "вес": 0.0900359408 }, "geometry": { "type": "MultiPolygon", "coordinates": [ [ [ [ 127.529419155356379, 50.25626215426086 ], [ 127.529419155356379, 50.256371733063631 ], [ 127.529419155356379, 50.256530448353921 ], [ 127.529868312998431, 50.256530448353921 ], [ 127.529868312998431, 50.256336402924795 ], [ 127.529868312998431, 50.256243277936022 ], [ 127.529654676419156, 50.256243277936022 ], [ 127.529419155356379, 50.25626215426086 ] ] ] ] } },
{ "type": "Feature", "properties": { "fid": 583, "id": "277308", "Номера": [ 26.1 ], "вес": 0.0463477801 }, "geometry": { "type": "MultiPolygon", "coordinates": [ [ [ [ 127.529868312998431, 50.256530448353921 ], [ 127.530261717440212, 50.256530448353921 ], [ 127.530209126197335, 50.256243277936022 ], [ 127.529868312998431, 50.256243277936022 ], [ 127.529868312998431, 50.256530448353921 ] ] ] ] } },
{ "type": "Feature", "properties": { "fid": 584, "id": "277449", "Номера": [ 26.7 ], "вес": 0.0454090909 }, "geometry": { "type": "MultiPolygon", "coordinates": [ [ [ [ 127.530317470640483, 50.298725671863309 ], [ 127.530766628282549, 50.298725671863309 ], [ 127.530766628282549, 50.29843875586522 ], [ 127.530317470640483, 50.29843875586522 ], [ 127.530317470640483, 50.298725671863309 ] ] ] ] } },
{ "type": "Feature", "properties": { "fid": 585, "id": "277450", "Номера": [ 26.7 ], "вес": 0.0454090909 }, "geometry": { "type": "MultiPolygon", "coordinates": [ [ [ [ 127.530766628282549, 50.298725671863309 ], [ 127.531215785924601, 50.298725671863309 ], [ 127.531215785924601, 50.29843875586522 ], [ 127.530766628282549, 50.29843875586522 ], [ 127.530766628282549, 50.298725671863309 ] ] ] ] } },
{ "type": "Feature", "properties": { "fid": 586, "id": "277453", "Номера": [ 26.7 ], "вес": 0.0454090909 }, "geometry": { "type": "MultiPolygon", "coordinates": [ [ [ [ 127.530317470640483, 50.298151838136633 ], [ 127.530766628282549, 50.298151838136633 ], [ 127.530766628282549, 50.297864918677519 ], [ 127.530317470640483, 50.297864918677519 ], [ 127.530317470640483, 50.298151838136633 ] ] ] ] } },
{ "type": "Feature", "properties": { "fid": 587, "id": "277454", "Номера": [ 26.7 ], "вес": 0.0454090909 }, "geometry": { "type": "MultiPolygon", "coordinates": [ [ [ [ 127.530766628282549, 50.298151838136633 ], [ 127.531215785924601, 50.298151838136633 ], [ 127.531215785924601, 50.297864918677519 ], [ 127.530766628282549, 50.297864918677519 ], [ 127.530766628282549, 50.298151838136633 ] ] ] ] } },
{ "type": "Feature", "properties": { "fid": 588, "id": "277455", "Номера": [ 26.7 ], "вес": 0.0454090909 }, "geometry": { "type": "MultiPolygon", "coordinates": [ [ [ [ 127.530317470640483, 50.298151838136633 ], [ 127.530317470640483, 50.29843875586522 ], [ 127.530766628282549, 50.29843875586522 ], [ 127.530766628282549, 50.298151838136633 ], [ 127.530317470640483, 50.298151838136633 ] ] ] ] } },
{ "type": "Feature", "properties": { "fid": 589, "id": "277456", "Номера": [ 26.7 ], "вес": 0.0454090909 }, "geometry": { "type": "MultiPolygon", "coordinates": [ [ [ [ 127.530766628282549, 50.29843875586522 ], [ 127.531215785924601, 50.29843875586522 ], [ 127.531215785924601, 50.298151838136633 ], [ 127.530766628282549, 50.298151838136633 ], [ 127.530766628282549, 50.29843875586522 ] ] ] ] } },
{ "type": "Feature", "properties": { "fid": 590, "id": "277457", "Номера": [ 26.7 ], "вес": 0.0454090909 }, "geometry": { "type": "MultiPolygon", "coordinates": [ [ [ [ 127.530317470640483, 50.297577997487906 ], [ 127.530766628282549, 50.297577997487906 ], [ 127.530766628282549, 50.297291074567759 ], [ 127.530317470640483, 50.297291074567759 ], [ 127.530317470640483, 50.297577997487906 ] ] ] ] } },
{ "type": "Feature", "properties": { "fid": 591, "id": "277458", "Номера": [ 26.7 ], "вес": 0.0454090909 }, "geometry": { "type": "MultiPolygon", "coordinates": [ [ [ [ 127.530766628282549, 50.297577997487906 ], [ 127.531215785924601, 50.297577997487906 ], [ 127.531215785924601, 50.297291074567759 ], [ 127.530766628282549, 50.297291074567759 ], [ 127.530766628282549, 50.297577997487906 ] ] ] ] } },
{ "type": "Feature", "properties": { "fid": 592, "id": "277459", "Номера": [ 26.7 ], "вес": 0.0454090909 }, "geometry": { "type": "MultiPolygon", "coordinates": [ [ [ [ 127.530317470640483, 50.297577997487906 ], [ 127.530317470640483, 50.297864918677519 ], [ 127.530766628282549, 50.297864918677519 ], [ 127.530766628282549, 50.297577997487906 ], [ 127.530317470640483, 50.297577997487906 ] ] ] ] } },
{ "type": "Feature", "properties": { "fid": 593, "id": "277460", "Номера": [ 26.7 ], "вес": 0.0454090909 }, "geometry": { "type": "MultiPolygon", "coordinates": [ [ [ [ 127.530766628282549, 50.297864918677519 ], [ 127.531215785924601, 50.297864918677519 ], [ 127.531215785924601, 50.297577997487906 ], [ 127.530766628282549, 50.297577997487906 ], [ 127.530766628282549, 50.297864918677519 ] ] ] ] } },
{ "type": "Feature", "properties": { "fid": 594, "id": "277461", "Номера": [ 26.7 ], "вес": 0.0454090909 }, "geometry": { "type": "MultiPolygon", "coordinates": [ [ [ [ 127.530317470640483, 50.297004149917086 ], [ 127.530766628282549, 50.297004149917086 ], [ 127.530766628282549, 50.296717223535893 ], [ 127.530317470640483, 50.296717223535893 ], [ 127.530317470640483, 50.297004149917086 ] ] ] ] } },
{ "type": "Feature", "properties": { "fid": 595, "id": "277462", "Номера": [ 26.7 ], "вес": 0.0454090909 }, "geometry": { "type": "MultiPolygon", "coordinates": [ [ [ [ 127.530766628282549, 50.297004149917086 ], [ 127.531215785924601, 50.297004149917086 ], [ 127.531215785924601, 50.296717223535893 ], [ 127.530766628282549, 50.296717223535893 ], [ 127.530766628282549, 50.297004149917086 ] ] ] ] } },
{ "type": "Feature", "properties": { "fid": 596, "id": "277463", "Номера": [ 26.7 ], "вес": 0.0454090909 }, "geometry": { "type": "MultiPolygon", "coordinates": [ [ [ [ 127.530317470640483, 50.297004149917086 ], [ 127.530317470640483, 50.297291074567759 ], [ 127.530766628282549, 50.297291074567759 ], [ 127.530766628282549, 50.297004149917086 ], [ 127.530317470640483, 50.297004149917086 ] ] ] ] } },
{ "type": "Feature", "properties": { "fid": 597, "id": "277464", "Номера": [ 26.7 ], "вес": 0.0454090909 }, "geometry": { "type": "MultiPolygon", "coordinates": [ [ [ [ 127.530766628282549, 50.297291074567759 ], [ 127.531215785924601, 50.297291074567759 ], [ 127.531215785924601, 50.297004149917086 ], [ 127.530766628282549, 50.297004149917086 ], [ 127.530766628282549, 50.297291074567759 ] ] ] ] } },
{ "type": "Feature", "properties": { "fid": 598, "id": "277465", "Номера": [ 26.7 ], "вес": 0.0454090909 }, "geometry": { "type": "MultiPolygon", "coordinates": [ [ [ [ 127.530317470640483, 50.296430295424159 ], [ 127.530766628282549, 50.296430295424159 ], [ 127.530766628282549, 50.296143365581912 ], [ 127.530317470640483, 50.296143365581912 ], [ 127.530317470640483, 50.296430295424159 ] ] ] ] } },
{ "type": "Feature", "properties": { "fid": 599, "id": "277466", "Номера": [ 26.7 ], "вес": 0.0454090909 }, "geometry": { "type": "MultiPolygon", "coordinates": [ [ [ [ 127.530766628282549, 50.296430295424159 ], [ 127.531215785924601, 50.296430295424159 ], [ 127.531215785924601, 50.296143365581912 ], [ 127.530766628282549, 50.296143365581912 ], [ 127.530766628282549, 50.296430295424159 ] ] ] ] } },
{ "type": "Feature", "properties": { "fid": 600, "id": "277467", "Номера": [ 26.7 ], "вес": 0.0454090909 }, "geometry": { "type": "MultiPolygon", "coordinates": [ [ [ [ 127.530317470640483, 50.296430295424159 ], [ 127.530317470640483, 50.296717223535893 ], [ 127.530766628282549, 50.296717223535893 ], [ 127.530766628282549, 50.296430295424159 ], [ 127.530317470640483, 50.296430295424159 ] ] ] ] } },
{ "type": "Feature", "properties": { "fid": 601, "id": "277468", "Номера": [ 26.7 ], "вес": 0.0454090909 }, "geometry": { "type": "MultiPolygon", "coordinates": [ [ [ [ 127.530766628282549, 50.296717223535893 ], [ 127.531215785924601, 50.296717223535893 ], [ 127.531215785924601, 50.296430295424159 ], [ 127.530766628282549, 50.296430295424159 ], [ 127.530766628282549, 50.296717223535893 ] ] ] ] } },
{ "type": "Feature", "properties": { "fid": 602, "id": "277469", "Номера": [ 26.7 ], "вес": 0.0454090909 }, "geometry": { "type": "MultiPolygon", "coordinates": [ [ [ [ 127.530317470640483, 50.29585643400911 ], [ 127.530766628282549, 50.29585643400911 ], [ 127.530766628282549, 50.295569500705774 ], [ 127.530317470640483, 50.295569500705774 ], [ 127.530317470640483, 50.29585643400911 ] ] ] ] } },
{ "type": "Feature", "properties": { "fid": 603, "id": "277470", "Номера": [ 26.7 ], "вес": 0.0454090909 }, "geometry": { "type": "MultiPolygon", "coordinates": [ [ [ [ 127.530766628282549, 50.29585643400911 ], [ 127.531215785924601, 50.29585643400911 ], [ 127.531215785924601, 50.295569500705774 ], [ 127.530766628282549, 50.295569500705774 ], [ 127.530766628282549, 50.29585643400911 ] ] ] ] } },
{ "type": "Feature", "properties": { "fid": 604, "id": "277471", "Номера": [ 26.7 ], "вес": 0.0454090909 }, "geometry": { "type": "MultiPolygon", "coordinates": [ [ [ [ 127.530317470640483, 50.29585643400911 ], [ 127.530317470640483, 50.296143365581912 ], [ 127.530766628282549, 50.296143365581912 ], [ 127.530766628282549, 50.29585643400911 ], [ 127.530317470640483, 50.29585643400911 ] ] ] ] } },
{ "type": "Feature", "properties": { "fid": 605, "id": "277472", "Номера": [ 26.7 ], "вес": 0.0454090909 }, "geometry": { "type": "MultiPolygon", "coordinates": [ [ [ [ 127.530766628282549, 50.296143365581912 ], [ 127.531215785924601, 50.296143365581912 ], [ 127.531215785924601, 50.29585643400911 ], [ 127.530766628282549, 50.29585643400911 ], [ 127.530766628282549, 50.296143365581912 ] ] ] ] } },
{ "type": "Feature", "properties": { "fid": 606, "id": "277473", "Номера": [ 26.7 ], "вес": 0.0454090909 }, "geometry": { "type": "MultiPolygon", "coordinates": [ [ [ [ 127.530317470640483, 50.29528256567189 ], [ 127.530766628282549, 50.29528256567189 ], [ 127.530766628282549, 50.294995628907465 ], [ 127.530317470640483, 50.294995628907465 ], [ 127.530317470640483, 50.29528256567189 ] ] ] ] } },
{ "type": "Feature", "properties": { "fid": 607, "id": "277474", "Номера": [ 26.7 ], "вес": 0.0454090909 }, "geometry": { "type": "MultiPolygon", "coordinates": [ [ [ [ 127.530766628282549, 50.29528256567189 ], [ 127.531215785924601, 50.29528256567189 ], [ 127.531215785924601, 50.294995628907465 ], [ 127.530766628282549, 50.294995628907465 ], [ 127.530766628282549, 50.29528256567189 ] ] ] ] } },
{ "type": "Feature", "properties": { "fid": 608, "id": "277475", "Номера": [ 26.7 ], "вес": 0.0454090909 }, "geometry": { "type": "MultiPolygon", "coordinates": [ [ [ [ 127.530317470640483, 50.29528256567189 ], [ 127.530317470640483, 50.295569500705774 ], [ 127.530766628282549, 50.295569500705774 ], [ 127.530766628282549, 50.29528256567189 ], [ 127.530317470640483, 50.29528256567189 ] ] ] ] } },
{ "type": "Feature", "properties": { "fid": 609, "id": "277476", "Номера": [ 26.7 ], "вес": 0.0454090909 }, "geometry": { "type": "MultiPolygon", "coordinates": [ [ [ [ 127.530766628282549, 50.295569500705774 ], [ 127.531215785924601, 50.295569500705774 ], [ 127.531215785924601, 50.29528256567189 ], [ 127.530766628282549, 50.29528256567189 ], [ 127.530766628282549, 50.295569500705774 ] ] ] ] } },
{ "type": "Feature", "properties": { "fid": 610, "id": "277477", "Номера": [ 26.7 ], "вес": 0.0454090909 }, "geometry": { "type": "MultiPolygon", "coordinates": [ [ [ [ 127.530317470640483, 50.294708690412492 ], [ 127.530766628282549, 50.294708690412492 ], [ 127.530766628282549, 50.294421750186963 ], [ 127.530317470640483, 50.294421750186963 ], [ 127.530317470640483, 50.294708690412492 ] ] ] ] } },
{ "type": "Feature", "properties": { "fid": 611, "id": "277478", "Номера": [ 26.7 ], "вес": 0.0454090909 }, "geometry": { "type": "MultiPolygon", "coordinates": [ [ [ [ 127.530766628282549, 50.294708690412492 ], [ 127.531215785924601, 50.294708690412492 ], [ 127.531215785924601, 50.294421750186963 ], [ 127.530766628282549, 50.294421750186963 ], [ 127.530766628282549, 50.294708690412492 ] ] ] ] } },
{ "type": "Feature", "properties": { "fid": 612, "id": "277479", "Номера": [ 26.7 ], "вес": 0.0454090909 }, "geometry": { "type": "MultiPolygon", "coordinates": [ [ [ [ 127.530317470640483, 50.294708690412492 ], [ 127.530317470640483, 50.294995628907465 ], [ 127.530766628282549, 50.294995628907465 ], [ 127.530766628282549, 50.294708690412492 ], [ 127.530317470640483, 50.294708690412492 ] ] ] ] } },
{ "type": "Feature", "properties": { "fid": 613, "id": "277480", "Номера": [ 26.7 ], "вес": 0.0454090909 }, "geometry": { "type": "MultiPolygon", "coordinates": [ [ [ [ 127.530766628282549, 50.294995628907465 ], [ 127.531215785924601, 50.294995628907465 ], [ 127.531215785924601, 50.294708690412492 ], [ 127.530766628282549, 50.294708690412492 ], [ 127.530766628282549, 50.294995628907465 ] ] ] ] } },
{ "type": "Feature", "properties": { "fid": 614, "id": "277481", "Номера": [ 26.7 ], "вес": 0.0454090909 }, "geometry": { "type": "MultiPolygon", "coordinates": [ [ [ [ 127.530317470640483, 50.294134808230879 ], [ 127.530766628282549, 50.294134808230879 ], [ 127.530766628282549, 50.293847864544226 ], [ 127.530317470640483, 50.293847864544226 ], [ 127.530317470640483, 50.294134808230879 ] ] ] ] } },
{ "type": "Feature", "properties": { "fid": 615, "id": "277482", "Номера": [ 26.7 ], "вес": 0.0454090909 }, "geometry": { "type": "MultiPolygon", "coordinates": [ [ [ [ 127.530766628282549, 50.294134808230879 ], [ 127.531215785924601, 50.294134808230879 ], [ 127.531215785924601, 50.293847864544226 ], [ 127.530766628282549, 50.293847864544226 ], [ 127.530766628282549, 50.294134808230879 ] ] ] ] } },
{ "type": "Feature", "properties": { "fid": 616, "id": "277483", "Номера": [ 26.7 ], "вес": 0.0454090909 }, "geometry": { "type": "MultiPolygon", "coordinates": [ [ [ [ 127.530317470640483, 50.294134808230879 ], [ 127.530317470640483, 50.294421750186963 ], [ 127.530766628282549, 50.294421750186963 ], [ 127.530766628282549, 50.294134808230879 ], [ 127.530317470640483, 50.294134808230879 ] ] ] ] } },
{ "type": "Feature", "properties": { "fid": 617, "id": "277484", "Номера": [ 26.7 ], "вес": 0.0454090909 }, "geometry": { "type": "MultiPolygon", "coordinates": [ [ [ [ 127.530766628282549, 50.294421750186963 ], [ 127.531215785924601, 50.294421750186963 ], [ 127.531215785924601, 50.294134808230879 ], [ 127.530766628282549, 50.294134808230879 ], [ 127.530766628282549, 50.294421750186963 ] ] ] ] } },
{ "type": "Feature", "properties": { "fid": 618, "id": "277485", "Номера": [ 26.7 ], "вес": 0.0454090909 }, "geometry": { "type": "MultiPolygon", "coordinates": [ [ [ [ 127.530317470640483, 50.293560919127032 ], [ 127.530766628282549, 50.293560919127032 ], [ 127.530766628282549, 50.293273971979254 ], [ 127.530317470640483, 50.293273971979254 ], [ 127.530317470640483, 50.293560919127032 ] ] ] ] } },
{ "type": "Feature", "properties": { "fid": 619, "id": "277486", "Номера": [ 26.7 ], "вес": 0.0454090909 }, "geometry": { "type": "MultiPolygon", "coordinates": [ [ [ [ 127.530766628282549, 50.293560919127032 ], [ 127.531215785924601, 50.293560919127032 ], [ 127.531215785924601, 50.293273971979254 ], [ 127.530766628282549, 50.293273971979254 ], [ 127.530766628282549, 50.293560919127032 ] ] ] ] } },
{ "type": "Feature", "properties": { "fid": 620, "id": "277487", "Номера": [ 26.7 ], "вес": 0.0454090909 }, "geometry": { "type": "MultiPolygon", "coordinates": [ [ [ [ 127.530317470640483, 50.293560919127032 ], [ 127.530317470640483, 50.293847864544226 ], [ 127.530766628282549, 50.293847864544226 ], [ 127.530766628282549, 50.293560919127032 ], [ 127.530317470640483, 50.293560919127032 ] ] ] ] } },
{ "type": "Feature", "properties": { "fid": 621, "id": "277488", "Номера": [ 26.7 ], "вес": 0.0454090909 }, "geometry": { "type": "MultiPolygon", "coordinates": [ [ [ [ 127.530766628282549, 50.293847864544226 ], [ 127.531215785924601, 50.293847864544226 ], [ 127.531215785924601, 50.293560919127032 ], [ 127.530766628282549, 50.293560919127032 ], [ 127.530766628282549, 50.293847864544226 ] ] ] ] } },
{ "type": "Feature", "properties": { "fid": 622, "id": "277489", "Номера": [ 26.7 ], "вес": 0.0454090909 }, "geometry": { "type": "MultiPolygon", "coordinates": [ [ [ [ 127.530317470640483, 50.292987023100906 ], [ 127.530766628282549, 50.292987023100906 ], [ 127.530766628282549, 50.292700072491989 ], [ 127.530317470640483, 50.292700072491989 ], [ 127.530317470640483, 50.292987023100906 ] ] ] ] } },
{ "type": "Feature", "properties": { "fid": 623, "id": "277490", "Номера": [ 26.7 ], "вес": 0.0454090909 }, "geometry": { "type": "MultiPolygon", "coordinates": [ [ [ [ 127.530766628282549, 50.292987023100906 ], [ 127.531215785924601, 50.292987023100906 ], [ 127.531215785924601, 50.292700072491989 ], [ 127.530766628282549, 50.292700072491989 ], [ 127.530766628282549, 50.292987023100906 ] ] ] ] } },
{ "type": "Feature", "properties": { "fid": 624, "id": "277491", "Номера": [ 26.7 ], "вес": 0.0454090909 }, "geometry": { "type": "MultiPolygon", "coordinates": [ [ [ [ 127.530317470640483, 50.292987023100906 ], [ 127.530317470640483, 50.293273971979254 ], [ 127.530766628282549, 50.293273971979254 ], [ 127.530766628282549, 50.292987023100906 ], [ 127.530317470640483, 50.292987023100906 ] ] ] ] } },
{ "type": "Feature", "properties": { "fid": 625, "id": "277492", "Номера": [ 26.7 ], "вес": 0.0454090909 }, "geometry": { "type": "MultiPolygon", "coordinates": [ [ [ [ 127.530766628282549, 50.293273971979254 ], [ 127.531215785924601, 50.293273971979254 ], [ 127.531215785924601, 50.292987023100906 ], [ 127.530766628282549, 50.292987023100906 ], [ 127.530766628282549, 50.293273971979254 ] ] ] ] } },
{ "type": "Feature", "properties": { "fid": 626, "id": "277493", "Номера": [ 26.7 ], "вес": 0.0454090909 }, "geometry": { "type": "MultiPolygon", "coordinates": [ [ [ [ 127.530317470640483, 50.292413120152496 ], [ 127.530766628282549, 50.292413120152496 ], [ 127.530766628282549, 50.292126166082433 ], [ 127.530317470640483, 50.292126166082433 ], [ 127.530317470640483, 50.292413120152496 ] ] ] ] } },
{ "type": "Feature", "properties": { "fid": 627, "id": "277494", "Номера": [ 26.7 ], "вес": 0.0454090909 }, "geometry": { "type": "MultiPolygon", "coordinates": [ [ [ [ 127.530766628282549, 50.292413120152496 ], [ 127.531215785924601, 50.292413120152496 ], [ 127.531215785924601, 50.292126166082433 ], [ 127.530766628282549, 50.292126166082433 ], [ 127.530766628282549, 50.292413120152496 ] ] ] ] } },
{ "type": "Feature", "properties": { "fid": 628, "id": "277495", "Номера": [ 26.7 ], "вес": 0.0454090909 }, "geometry": { "type": "MultiPolygon", "coordinates": [ [ [ [ 127.530317470640483, 50.292413120152496 ], [ 127.530317470640483, 50.292700072491989 ], [ 127.530766628282549, 50.292700072491989 ], [ 127.530766628282549, 50.292413120152496 ], [ 127.530317470640483, 50.292413120152496 ] ] ] ] } },
{ "type": "Feature", "properties": { "fid": 629, "id": "277496", "Номера": [ 26.7 ], "вес": 0.0454090909 }, "geometry": { "type": "MultiPolygon", "coordinates": [ [ [ [ 127.530766628282549, 50.292700072491989 ], [ 127.531215785924601, 50.292700072491989 ], [ 127.531215785924601, 50.292413120152496 ], [ 127.530766628282549, 50.292413120152496 ], [ 127.530766628282549, 50.292700072491989 ] ] ] ] } },
{ "type": "Feature", "properties": { "fid": 630, "id": "277497", "Номера": [ 26.7 ], "вес": 0.0454090909 }, "geometry": { "type": "MultiPolygon", "coordinates": [ [ [ [ 127.530317470640483, 50.291839210281786 ], [ 127.530766628282549, 50.291839210281786 ], [ 127.530766628282549, 50.291552252750535 ], [ 127.530317470640483, 50.291552252750535 ], [ 127.530317470640483, 50.291839210281786 ] ] ] ] } },
{ "type": "Feature", "properties": { "fid": 631, "id": "277498", "Номера": [ 26.7 ], "вес": 0.0454090909 }, "geometry": { "type": "MultiPolygon", "coordinates": [ [ [ [ 127.530766628282549, 50.291839210281786 ], [ 127.531215785924601, 50.291839210281786 ], [ 127.531215785924601, 50.291552252750535 ], [ 127.530766628282549, 50.291552252750535 ], [ 127.530766628282549, 50.291839210281786 ] ] ] ] } },
{ "type": "Feature", "properties": { "fid": 632, "id": "277499", "Номера": [ 26.7 ], "вес": 0.0454090909 }, "geometry": { "type": "MultiPolygon", "coordinates": [ [ [ [ 127.530317470640483, 50.291839210281786 ], [ 127.530317470640483, 50.292126166082433 ], [ 127.530766628282549, 50.292126166082433 ], [ 127.530766628282549, 50.291839210281786 ], [ 127.530317470640483, 50.291839210281786 ] ] ] ] } },
{ "type": "Feature", "properties": { "fid": 633, "id": "277500", "Номера": [ 26.7 ], "вес": 0.0454090909 }, "geometry": { "type": "MultiPolygon", "coordinates": [ [ [ [ 127.530766628282549, 50.292126166082433 ], [ 127.531215785924601, 50.292126166082433 ], [ 127.531215785924601, 50.291839210281786 ], [ 127.530766628282549, 50.291839210281786 ], [ 127.530766628282549, 50.292126166082433 ] ] ] ] } },
{ "type": "Feature", "properties": { "fid": 634, "id": "277501", "Номера": [ 26.7 ], "вес": 0.0454090909 }, "geometry": { "type": "MultiPolygon", "coordinates": [ [ [ [ 127.530317470640483, 50.291265293488713 ], [ 127.530766628282549, 50.291265293488713 ], [ 127.530766628282549, 50.290978332496294 ], [ 127.530317470640483, 50.290978332496294 ], [ 127.530317470640483, 50.291265293488713 ] ] ] ] } },
{ "type": "Feature", "properties": { "fid": 635, "id": "277502", "Номера": [ 26.7 ], "вес": 0.0454090909 }, "geometry": { "type": "MultiPolygon", "coordinates": [ [ [ [ 127.530766628282549, 50.291265293488713 ], [ 127.531215785924601, 50.291265293488713 ], [ 127.531215785924601, 50.290978332496294 ], [ 127.530766628282549, 50.290978332496294 ], [ 127.530766628282549, 50.291265293488713 ] ] ] ] } },
{ "type": "Feature", "properties": { "fid": 636, "id": "277503", "Номера": [ 26.7 ], "вес": 0.0454090909 }, "geometry": { "type": "MultiPolygon", "coordinates": [ [ [ [ 127.530317470640483, 50.291265293488713 ], [ 127.530317470640483, 50.291552252750535 ], [ 127.530766628282549, 50.291552252750535 ], [ 127.530766628282549, 50.291265293488713 ], [ 127.530317470640483, 50.291265293488713 ] ] ] ] } },
{ "type": "Feature", "properties": { "fid": 637, "id": "277504", "Номера": [ 26.7 ], "вес": 0.0454090909 }, "geometry": { "type": "MultiPolygon", "coordinates": [ [ [ [ 127.530766628282549, 50.291552252750535 ], [ 127.531215785924601, 50.291552252750535 ], [ 127.531215785924601, 50.291265293488713 ], [ 127.530766628282549, 50.291265293488713 ], [ 127.530766628282549, 50.291552252750535 ] ] ] ] } },
{ "type": "Feature", "properties": { "fid": 638, "id": "277505", "Номера": [ 26.7 ], "вес": 0.0454090909 }, "geometry": { "type": "MultiPolygon", "coordinates": [ [ [ [ 127.530317470640483, 50.290691369773285 ], [ 127.530766628282549, 50.290691369773285 ], [ 127.530766628282549, 50.290404405319677 ], [ 127.530317470640483, 50.290404405319677 ], [ 127.530317470640483, 50.290691369773285 ] ] ] ] } },
{ "type": "Feature", "properties": { "fid": 639, "id": "277506", "Номера": [ 26.7 ], "вес": 0.0454090909 }, "geometry": { "type": "MultiPolygon", "coordinates": [ [ [ [ 127.530766628282549, 50.290691369773285 ], [ 127.531215785924601, 50.290691369773285 ], [ 127.531215785924601, 50.29041232596559 ], [ 127.530842093382262, 50.290404405319677 ], [ 127.530766628282549, 50.290404405319677 ], [ 127.530766628282549, 50.290691369773285 ] ] ] ] } },
{ "type": "Feature", "properties": { "fid": 640, "id": "277507", "Номера": [ 26.7 ], "вес": 0.0454090909 }, "geometry": { "type": "MultiPolygon", "coordinates": [ [ [ [ 127.530317470640483, 50.290691369773285 ], [ 127.530317470640483, 50.290978332496294 ], [ 127.530766628282549, 50.290978332496294 ], [ 127.530766628282549, 50.290691369773285 ], [ 127.530317470640483, 50.290691369773285 ] ] ] ] } },
{ "type": "Feature", "properties": { "fid": 641, "id": "277508", "Номера": [ 26.7 ], "вес": 0.0454090909 }, "geometry": { "type": "MultiPolygon", "coordinates": [ [ [ [ 127.530766628282549, 50.290978332496294 ], [ 127.531215785924601, 50.290978332496294 ], [ 127.531215785924601, 50.290691369773285 ], [ 127.530766628282549, 50.290691369773285 ], [ 127.530766628282549, 50.290978332496294 ] ] ] ] } },
{ "type": "Feature", "properties": { "fid": 642, "id": "277657", "Номера": [ 26.1 ], "вес": 0.0463477801 }, "geometry": { "type": "MultiPolygon", "coordinates": [ [ [ [ 127.530317470640483, 50.25796627447874 ], [ 127.530524673654725, 50.25796627447874 ], [ 127.530472082411819, 50.257679112715735 ], [ 127.530317470640483, 50.257679112715735 ], [ 127.530317470640483, 50.25796627447874 ] ] ] ] } },
{ "type": "Feature", "properties": { "fid": 643, "id": "277659", "Номера": [ 26.1 ], "вес": 0.0463477801 }, "geometry": { "type": "MultiPolygon", "coordinates": [ [ [ [ 127.530317470640483, 50.25796627447874 ], [ 127.530317470640483, 50.258202526639927 ], [ 127.530563290607304, 50.258177131906848 ], [ 127.530524673654725, 50.25796627447874 ], [ 127.530317470640483, 50.25796627447874 ] ] ] ] } },
{ "type": "Feature", "properties": { "fid": 644, "id": "277837", "Номера": [ 26.7 ], "вес": 0.0454090909 }, "geometry": { "type": "MultiPolygon", "coordinates": [ [ [ [ 127.531215785924601, 50.298725671863309 ], [ 127.531406079262368, 50.298725671863309 ], [ 127.531470092227991, 50.29843875586522 ], [ 127.531215785924601, 50.29843875586522 ], [ 127.531215785924601, 50.298725671863309 ] ] ] ] } },
{ "type": "Feature", "properties": { "fid": 645, "id": "277841", "Номера": [ 26.7 ], "вес": 0.0454090909 }, "geometry": { "type": "MultiPolygon", "coordinates": [ [ [ [ 127.531215785924601, 50.298151838136633 ], [ 127.5315341051936, 50.298151838136633 ], [ 127.531598118159195, 50.297864918677519 ], [ 127.531215785924601, 50.297864918677519 ], [ 127.531215785924601, 50.298151838136633 ] ] ] ] } },
{ "type": "Feature", "properties": { "fid": 646, "id": "277843", "Номера": [ 26.7 ], "вес": 0.0454090909 }, "geometry": { "type": "MultiPolygon", "coordinates": [ [ [ [ 127.531215785924601, 50.298151838136633 ], [ 127.531215785924601, 50.29843875586522 ], [ 127.531470092227991, 50.29843875586522 ], [ 127.5315341051936, 50.298151838136633 ], [ 127.531215785924601, 50.298151838136633 ] ] ] ] } },
{ "type": "Feature", "properties": { "fid": 647, "id": "277845", "Номера": [ 26.7 ], "вес": 0.0454090909 }, "geometry": { "type": "MultiPolygon", "coordinates": [ [ [ [ 127.531215785924601, 50.297577997487906 ], [ 127.531662131124818, 50.297577997487906 ], [ 127.531664943566682, 50.297565391421429 ], [ 127.531664943566682, 50.297291074567759 ], [ 127.531215785924601, 50.297291074567759 ], [ 127.531215785924601, 50.297577997487906 ] ] ] ] } },
{ "type": "Feature", "properties": { "fid": 648, "id": "277847", "Номера": [ 26.7 ], "вес": 0.0454090909 }, "geometry": { "type": "MultiPolygon", "coordinates": [ [ [ [ 127.531215785924601, 50.297577997487906 ], [ 127.531215785924601, 50.297864918677519 ], [ 127.531598118159195, 50.297864918677519 ], [ 127.531662131124818, 50.297577997487906 ], [ 127.531215785924601, 50.297577997487906 ] ] ] ] } },
{ "type": "Feature", "properties": { "fid": 649, "id": "277849", "Номера": [ 26.7 ], "вес": 0.0454090909 }, "geometry": { "type": "MultiPolygon", "coordinates": [ [ [ [ 127.531215785924601, 50.297004149917086 ], [ 127.531664943566682, 50.297004149917086 ], [ 127.531664943566682, 50.296717223535893 ], [ 127.531215785924601, 50.296717223535893 ], [ 127.531215785924601, 50.297004149917086 ] ] ] ] } },
{ "type": "Feature", "properties": { "fid": 650, "id": "277850", "Номера": [ 26.7 ], "вес": 0.0454090909 }, "geometry": { "type": "MultiPolygon", "coordinates": [ [ [ [ 127.531664943566682, 50.297004149917086 ], [ 127.531790157056051, 50.297004149917086 ], [ 127.531854170021674, 50.296717223535893 ], [ 127.531664943566682, 50.296717223535893 ], [ 127.531664943566682, 50.297004149917086 ] ] ] ] } },
{ "type": "Feature", "properties": { "fid": 651, "id": "277851", "Номера": [ 26.7 ], "вес": 0.0454090909 }, "geometry": { "type": "MultiPolygon", "coordinates": [ [ [ [ 127.531215785924601, 50.297004149917086 ], [ 127.531215785924601, 50.297291074567759 ], [ 127.531664943566682, 50.297291074567759 ], [ 127.531664943566682, 50.297004149917086 ], [ 127.531215785924601, 50.297004149917086 ] ] ] ] } },
{ "type": "Feature", "properties": { "fid": 652, "id": "277853", "Номера": [ 26.7 ], "вес": 0.0454090909 }, "geometry": { "type": "MultiPolygon", "coordinates": [ [ [ [ 127.531215785924601, 50.296430295424159 ], [ 127.531664943566682, 50.296430295424159 ], [ 127.531664943566682, 50.296143365581912 ], [ 127.531215785924601, 50.296143365581912 ], [ 127.531215785924601, 50.296430295424159 ] ] ] ] } },
{ "type": "Feature", "properties": { "fid": 653, "id": "277854", "Номера": [ 26.7 ], "вес": 0.0454090909 }, "geometry": { "type": "MultiPolygon", "coordinates": [ [ [ [ 127.531664943566682, 50.296430295424159 ], [ 127.531918182987297, 50.296430295424159 ], [ 127.531982195952892, 50.296143365581912 ], [ 127.531664943566682, 50.296143365581912 ], [ 127.531664943566682, 50.296430295424159 ] ] ] ] } },
{ "type": "Feature", "properties": { "fid": 654, "id": "277855", "Номера": [ 26.7 ], "вес": 0.0454090909 }, "geometry": { "type": "MultiPolygon", "coordinates": [ [ [ [ 127.531215785924601, 50.296430295424159 ], [ 127.531215785924601, 50.296717223535893 ], [ 127.531664943566682, 50.296717223535893 ], [ 127.531664943566682, 50.296430295424159 ], [ 127.531215785924601, 50.296430295424159 ] ] ] ] } },
{ "type": "Feature", "properties": { "fid": 655, "id": "277856", "Номера": [ 26.7 ], "вес": 0.0454090909 }, "geometry": { "type": "MultiPolygon", "coordinates": [ [ [ [ 127.531664943566682, 50.296717223535893 ], [ 127.531854170021674, 50.296717223535893 ], [ 127.531918182987297, 50.296430295424159 ], [ 127.531664943566682, 50.296430295424159 ], [ 127.531664943566682, 50.296717223535893 ] ] ] ] } },
{ "type": "Feature", "properties": { "fid": 656, "id": "277857", "Номера": [ 26.7 ], "вес": 0.0454090909 }, "geometry": { "type": "MultiPolygon", "coordinates": [ [ [ [ 127.531215785924601, 50.29585643400911 ], [ 127.531664943566682, 50.29585643400911 ], [ 127.531664943566682, 50.295569500705774 ], [ 127.531215785924601, 50.295569500705774 ], [ 127.531215785924601, 50.29585643400911 ] ] ] ] } },
{ "type": "Feature", "properties": { "fid": 657, "id": "277858", "Номера": [ 26.7 ], "вес": 0.0454090909 }, "geometry": { "type": "MultiPolygon", "coordinates": [ [ [ [ 127.531664943566682, 50.29585643400911 ], [ 127.532046208918501, 50.29585643400911 ], [ 127.532110221884125, 50.295569500705774 ], [ 127.531664943566682, 50.295569500705774 ], [ 127.531664943566682, 50.29585643400911 ] ] ] ] } },
{ "type": "Feature", "properties": { "fid": 658, "id": "277859", "Номера": [ 26.7 ], "вес": 0.0454090909 }, "geometry": { "type": "MultiPolygon", "coordinates": [ [ [ [ 127.531215785924601, 50.29585643400911 ], [ 127.531215785924601, 50.296143365581912 ], [ 127.531664943566682, 50.296143365581912 ], [ 127.531664943566682, 50.29585643400911 ], [ 127.531215785924601, 50.29585643400911 ] ] ] ] } },
{ "type": "Feature", "properties": { "fid": 659, "id": "277860", "Номера": [ 26.7 ], "вес": 0.0454090909 }, "geometry": { "type": "MultiPolygon", "coordinates": [ [ [ [ 127.531664943566682, 50.296143365581912 ], [ 127.531982195952892, 50.296143365581912 ], [ 127.532046208918501, 50.29585643400911 ], [ 127.531664943566682, 50.29585643400911 ], [ 127.531664943566682, 50.296143365581912 ] ] ] ] } },
{ "type": "Feature", "properties": { "fid": 660, "id": "277861", "Номера": [ 26.7 ], "вес": 0.0454090909 }, "geometry": { "type": "MultiPolygon", "coordinates": [ [ [ [ 127.531215785924601, 50.29528256567189 ], [ 127.531664943566682, 50.29528256567189 ], [ 127.531664943566682, 50.294995628907465 ], [ 127.531215785924601, 50.294995628907465 ], [ 127.531215785924601, 50.29528256567189 ] ] ] ] } },
{ "type": "Feature", "properties": { "fid": 661, "id": "277862", "Номера": [ 26.7 ], "вес": 0.0454090909 }, "geometry": { "type": "MultiPolygon", "coordinates": [ [ [ [ 127.531664943566682, 50.29528256567189 ], [ 127.532114101208734, 50.29528256567189 ], [ 127.532114101208734, 50.294995628907465 ], [ 127.531664943566682, 50.294995628907465 ], [ 127.531664943566682, 50.29528256567189 ] ] ] ] } },
{ "type": "Feature", "properties": { "fid": 662, "id": "277863", "Номера": [ 26.7 ], "вес": 0.0454090909 }, "geometry": { "type": "MultiPolygon", "coordinates": [ [ [ [ 127.531215785924601, 50.29528256567189 ], [ 127.531215785924601, 50.295569500705774 ], [ 127.531664943566682, 50.295569500705774 ], [ 127.531664943566682, 50.29528256567189 ], [ 127.531215785924601, 50.29528256567189 ] ] ] ] } },
{ "type": "Feature", "properties": { "fid": 663, "id": "277864", "Номера": [ 26.7 ], "вес": 0.0454090909 }, "geometry": { "type": "MultiPolygon", "coordinates": [ [ [ [ 127.531664943566682, 50.295569500705774 ], [ 127.532110221884125, 50.295569500705774 ], [ 127.532114101208734, 50.295552111869412 ], [ 127.532114101208734, 50.29528256567189 ], [ 127.531664943566682, 50.29528256567189 ], [ 127.531664943566682, 50.295569500705774 ] ] ] ] } },
{ "type": "Feature", "properties": { "fid": 664, "id": "277865", "Номера": [ 26.7 ], "вес": 0.0454090909 }, "geometry": { "type": "MultiPolygon", "coordinates": [ [ [ [ 127.531215785924601, 50.294708690412492 ], [ 127.531664943566682, 50.294708690412492 ], [ 127.531664943566682, 50.294421750186963 ], [ 127.531215785924601, 50.294421750186963 ], [ 127.531215785924601, 50.294708690412492 ] ] ] ] } },
{ "type": "Feature", "properties": { "fid": 665, "id": "277866", "Номера": [ 26.7 ], "вес": 0.0454090909 }, "geometry": { "type": "MultiPolygon", "coordinates": [ [ [ [ 127.531664943566682, 50.294708690412492 ], [ 127.532114101208734, 50.294708690412492 ], [ 127.532114101208734, 50.294421750186963 ], [ 127.531664943566682, 50.294421750186963 ], [ 127.531664943566682, 50.294708690412492 ] ] ] ] } },
{ "type": "Feature", "properties": { "fid": 666, "id": "277867", "Номера": [ 26.7 ], "вес": 0.0454090909 }, "geometry": { "type": "MultiPolygon", "coordinates": [ [ [ [ 127.531215785924601, 50.294708690412492 ], [ 127.531215785924601, 50.294995628907465 ], [ 127.531664943566682, 50.294995628907465 ], [ 127.531664943566682, 50.294708690412492 ], [ 127.531215785924601, 50.294708690412492 ] ] ] ] } },
{ "type": "Feature", "properties": { "fid": 667, "id": "277868", "Номера": [ 26.7 ], "вес": 0.0454090909 }, "geometry": { "type": "MultiPolygon", "coordinates": [ [ [ [ 127.531664943566682, 50.294995628907465 ], [ 127.532114101208734, 50.294995628907465 ], [ 127.532114101208734, 50.294708690412492 ], [ 127.531664943566682, 50.294708690412492 ], [ 127.531664943566682, 50.294995628907465 ] ] ] ] } },
{ "type": "Feature", "properties": { "fid": 668, "id": "277869", "Номера": [ 26.7 ], "вес": 0.0454090909 }, "geometry": { "type": "MultiPolygon", "coordinates": [ [ [ [ 127.531215785924601, 50.294134808230879 ], [ 127.531664943566682, 50.294134808230879 ], [ 127.531664943566682, 50.293847864544226 ], [ 127.531215785924601, 50.293847864544226 ], [ 127.531215785924601, 50.294134808230879 ] ] ] ] } },
{ "type": "Feature", "properties": { "fid": 669, "id": "277870", "Номера": [ 26.7 ], "вес": 0.0454090909 }, "geometry": { "type": "MultiPolygon", "coordinates": [ [ [ [ 127.531664943566682, 50.294134808230879 ], [ 127.532114101208734, 50.294134808230879 ], [ 127.532114101208734, 50.293847864544226 ], [ 127.531664943566682, 50.293847864544226 ], [ 127.531664943566682, 50.294134808230879 ] ] ] ] } },
{ "type": "Feature", "properties": { "fid": 670, "id": "277871", "Номера": [ 26.7 ], "вес": 0.0454090909 }, "geometry": { "type": "MultiPolygon", "coordinates": [ [ [ [ 127.531215785924601, 50.294134808230879 ], [ 127.531215785924601, 50.294421750186963 ], [ 127.531664943566682, 50.294421750186963 ], [ 127.531664943566682, 50.294134808230879 ], [ 127.531215785924601, 50.294134808230879 ] ] ] ] } },
{ "type": "Feature", "properties": { "fid": 671, "id": "277872", "Номера": [ 26.7 ], "вес": 0.0454090909 }, "geometry": { "type": "MultiPolygon", "coordinates": [ [ [ [ 127.531664943566682, 50.294421750186963 ], [ 127.532114101208734, 50.294421750186963 ], [ 127.532114101208734, 50.294134808230879 ], [ 127.531664943566682, 50.294134808230879 ], [ 127.531664943566682, 50.294421750186963 ] ] ] ] } },
{ "type": "Feature", "properties": { "fid": 672, "id": "277873", "Номера": [ 26.7 ], "вес": 0.0454090909 }, "geometry": { "type": "MultiPolygon", "coordinates": [ [ [ [ 127.531215785924601, 50.293560919127032 ], [ 127.531664943566682, 50.293560919127032 ], [ 127.531664943566682, 50.293273971979254 ], [ 127.531215785924601, 50.293273971979254 ], [ 127.531215785924601, 50.293560919127032 ] ] ] ] } },
{ "type": "Feature", "properties": { "fid": 673, "id": "277874", "Номера": [ 26.7 ], "вес": 0.0454090909 }, "geometry": { "type": "MultiPolygon", "coordinates": [ [ [ [ 127.531664943566682, 50.293560919127032 ], [ 127.532114101208734, 50.293560919127032 ], [ 127.532114101208734, 50.293273971979254 ], [ 127.531664943566682, 50.293273971979254 ], [ 127.531664943566682, 50.293560919127032 ] ] ] ] } },
{ "type": "Feature", "properties": { "fid": 674, "id": "277875", "Номера": [ 26.7 ], "вес": 0.0454090909 }, "geometry": { "type": "MultiPolygon", "coordinates": [ [ [ [ 127.531215785924601, 50.293560919127032 ], [ 127.531215785924601, 50.293847864544226 ], [ 127.531664943566682, 50.293847864544226 ], [ 127.531664943566682, 50.293560919127032 ], [ 127.531215785924601, 50.293560919127032 ] ] ] ] } },
{ "type": "Feature", "properties": { "fid": 675, "id": "277876", "Номера": [ 26.7 ], "вес": 0.0454090909 }, "geometry": { "type": "MultiPolygon", "coordinates": [ [ [ [ 127.531664943566682, 50.293847864544226 ], [ 127.532114101208734, 50.293847864544226 ], [ 127.532114101208734, 50.293560919127032 ], [ 127.531664943566682, 50.293560919127032 ], [ 127.531664943566682, 50.293847864544226 ] ] ] ] } },
{ "type": "Feature", "properties": { "fid": 676, "id": "277877", "Номера": [ 26.7 ], "вес": 0.0454090909 }, "geometry": { "type": "MultiPolygon", "coordinates": [ [ [ [ 127.531215785924601, 50.292987023100906 ], [ 127.531664943566682, 50.292987023100906 ], [ 127.531664943566682, 50.292700072491989 ], [ 127.531215785924601, 50.292700072491989 ], [ 127.531215785924601, 50.292987023100906 ] ] ] ] } },
{ "type": "Feature", "properties": { "fid": 677, "id": "277878", "Номера": [ 26.7 ], "вес": 0.0454090909 }, "geometry": { "type": "MultiPolygon", "coordinates": [ [ [ [ 127.531664943566682, 50.292987023100906 ], [ 127.532114101208734, 50.292987023100906 ], [ 127.532114101208734, 50.292700072491989 ], [ 127.531664943566682, 50.292700072491989 ], [ 127.531664943566682, 50.292987023100906 ] ] ] ] } },
{ "type": "Feature", "properties": { "fid": 678, "id": "277879", "Номера": [ 26.7 ], "вес": 0.0454090909 }, "geometry": { "type": "MultiPolygon", "coordinates": [ [ [ [ 127.531215785924601, 50.292987023100906 ], [ 127.531215785924601, 50.293273971979254 ], [ 127.531664943566682, 50.293273971979254 ], [ 127.531664943566682, 50.292987023100906 ], [ 127.531215785924601, 50.292987023100906 ] ] ] ] } },
{ "type": "Feature", "properties": { "fid": 679, "id": "277880", "Номера": [ 26.7 ], "вес": 0.0454090909 }, "geometry": { "type": "MultiPolygon", "coordinates": [ [ [ [ 127.531664943566682, 50.293273971979254 ], [ 127.532114101208734, 50.293273971979254 ], [ 127.532114101208734, 50.292987023100906 ], [ 127.531664943566682, 50.292987023100906 ], [ 127.531664943566682, 50.293273971979254 ] ] ] ] } },
{ "type": "Feature", "properties": { "fid": 680, "id": "277881", "Номера": [ 26.7 ], "вес": 0.0454090909 }, "geometry": { "type": "MultiPolygon", "coordinates": [ [ [ [ 127.531215785924601, 50.292413120152496 ], [ 127.531664943566682, 50.292413120152496 ], [ 127.531664943566682, 50.292126166082433 ], [ 127.531215785924601, 50.292126166082433 ], [ 127.531215785924601, 50.292413120152496 ] ] ] ] } },
{ "type": "Feature", "properties": { "fid": 681, "id": "277882", "Номера": [ 26.7 ], "вес": 0.0454090909 }, "geometry": { "type": "MultiPolygon", "coordinates": [ [ [ [ 127.531664943566682, 50.292413120152496 ], [ 127.532114101208734, 50.292413120152496 ], [ 127.532114101208734, 50.292126166082433 ], [ 127.531664943566682, 50.292126166082433 ], [ 127.531664943566682, 50.292413120152496 ] ] ] ] } },
{ "type": "Feature", "properties": { "fid": 682, "id": "277883", "Номера": [ 26.7 ], "вес": 0.0454090909 }, "geometry": { "type": "MultiPolygon", "coordinates": [ [ [ [ 127.531215785924601, 50.292413120152496 ], [ 127.531215785924601, 50.292700072491989 ], [ 127.531664943566682, 50.292700072491989 ], [ 127.531664943566682, 50.292413120152496 ], [ 127.531215785924601, 50.292413120152496 ] ] ] ] } },
{ "type": "Feature", "properties": { "fid": 683, "id": "277884", "Номера": [ 26.7 ], "вес": 0.0454090909 }, "geometry": { "type": "MultiPolygon", "coordinates": [ [ [ [ 127.531664943566682, 50.292700072491989 ], [ 127.532114101208734, 50.292700072491989 ], [ 127.532114101208734, 50.292413120152496 ], [ 127.531664943566682, 50.292413120152496 ], [ 127.531664943566682, 50.292700072491989 ] ] ] ] } },
{ "type": "Feature", "properties": { "fid": 684, "id": "277885", "Номера": [ 26.7 ], "вес": 0.0454090909 }, "geometry": { "type": "MultiPolygon", "coordinates": [ [ [ [ 127.531215785924601, 50.291839210281786 ], [ 127.531664943566682, 50.291839210281786 ], [ 127.531664943566682, 50.291552252750535 ], [ 127.531215785924601, 50.291552252750535 ], [ 127.531215785924601, 50.291839210281786 ] ] ] ] } },
{ "type": "Feature", "properties": { "fid": 685, "id": "277886", "Номера": [ 26.7 ], "вес": 0.0454090909 }, "geometry": { "type": "MultiPolygon", "coordinates": [ [ [ [ 127.531664943566682, 50.291839210281786 ], [ 127.532114101208734, 50.291839210281786 ], [ 127.532114101208734, 50.291552252750535 ], [ 127.531664943566682, 50.291552252750535 ], [ 127.531664943566682, 50.291839210281786 ] ] ] ] } },
{ "type": "Feature", "properties": { "fid": 686, "id": "277887", "Номера": [ 26.7 ], "вес": 0.0454090909 }, "geometry": { "type": "MultiPolygon", "coordinates": [ [ [ [ 127.531215785924601, 50.291839210281786 ], [ 127.531215785924601, 50.292126166082433 ], [ 127.531664943566682, 50.292126166082433 ], [ 127.531664943566682, 50.291839210281786 ], [ 127.531215785924601, 50.291839210281786 ] ] ] ] } },
{ "type": "Feature", "properties": { "fid": 687, "id": "277888", "Номера": [ 26.7 ], "вес": 0.0454090909 }, "geometry": { "type": "MultiPolygon", "coordinates": [ [ [ [ 127.531664943566682, 50.292126166082433 ], [ 127.532114101208734, 50.292126166082433 ], [ 127.532114101208734, 50.291839210281786 ], [ 127.531664943566682, 50.291839210281786 ], [ 127.531664943566682, 50.292126166082433 ] ] ] ] } },
{ "type": "Feature", "properties": { "fid": 688, "id": "277889", "Номера": [ 26.7 ], "вес": 0.0454090909 }, "geometry": { "type": "MultiPolygon", "coordinates": [ [ [ [ 127.531215785924601, 50.291265293488713 ], [ 127.531664943566682, 50.291265293488713 ], [ 127.531664943566682, 50.290978332496294 ], [ 127.531215785924601, 50.290978332496294 ], [ 127.531215785924601, 50.291265293488713 ] ] ] ] } },
{ "type": "Feature", "properties": { "fid": 689, "id": "277890", "Номера": [ 26.7 ], "вес": 0.0454090909 }, "geometry": { "type": "MultiPolygon", "coordinates": [ [ [ [ 127.531664943566682, 50.291265293488713 ], [ 127.532114101208734, 50.291265293488713 ], [ 127.532114101208734, 50.290978332496294 ], [ 127.531664943566682, 50.290978332496294 ], [ 127.531664943566682, 50.291265293488713 ] ] ] ] } },
{ "type": "Feature", "properties": { "fid": 690, "id": "277891", "Номера": [ 26.7 ], "вес": 0.0454090909 }, "geometry": { "type": "MultiPolygon", "coordinates": [ [ [ [ 127.531215785924601, 50.291265293488713 ], [ 127.531215785924601, 50.291552252750535 ], [ 127.531664943566682, 50.291552252750535 ], [ 127.531664943566682, 50.291265293488713 ], [ 127.531215785924601, 50.291265293488713 ] ] ] ] } },
{ "type": "Feature", "properties": { "fid": 691, "id": "277892", "Номера": [ 26.7 ], "вес": 0.0454090909 }, "geometry": { "type": "MultiPolygon", "coordinates": [ [ [ [ 127.531664943566682, 50.291552252750535 ], [ 127.532114101208734, 50.291552252750535 ], [ 127.532114101208734, 50.291265293488713 ], [ 127.531664943566682, 50.291265293488713 ], [ 127.531664943566682, 50.291552252750535 ] ] ] ] } },
{ "type": "Feature", "properties": { "fid": 692, "id": "277893", "Номера": [ 26.7 ], "вес": 0.0454090909 }, "geometry": { "type": "MultiPolygon", "coordinates": [ [ [ [ 127.531215785924601, 50.290691369773285 ], [ 127.531664943566682, 50.290691369773285 ], [ 127.531664943566682, 50.290421846139516 ], [ 127.531215785924601, 50.29041232596559 ], [ 127.531215785924601, 50.290691369773285 ] ] ] ] } },
{ "type": "Feature", "properties": { "fid": 693, "id": "277894", "Номера": [ 26.7 ], "вес": 0.0454090909 }, "geometry": { "type": "MultiPolygon", "coordinates": [ [ [ [ 127.531664943566682, 50.290691369773285 ], [ 127.532114101208734, 50.290691369773285 ], [ 127.532114101208734, 50.29043136631153 ], [ 127.531664943566682, 50.290421846139516 ], [ 127.531664943566682, 50.290691369773285 ] ] ] ] } },
{ "type": "Feature", "properties": { "fid": 694, "id": "277895", "Номера": [ 26.7 ], "вес": 0.0454090909 }, "geometry": { "type": "MultiPolygon", "coordinates": [ [ [ [ 127.531215785924601, 50.290691369773285 ], [ 127.531215785924601, 50.290978332496294 ], [ 127.531664943566682, 50.290978332496294 ], [ 127.531664943566682, 50.290691369773285 ], [ 127.531215785924601, 50.290691369773285 ] ] ] ] } },
{ "type": "Feature", "properties": { "fid": 695, "id": "277896", "Номера": [ 26.7 ], "вес": 0.0454090909 }, "geometry": { "type": "MultiPolygon", "coordinates": [ [ [ [ 127.531664943566682, 50.290978332496294 ], [ 127.532114101208734, 50.290978332496294 ], [ 127.532114101208734, 50.290691369773285 ], [ 127.531664943566682, 50.290691369773285 ], [ 127.531664943566682, 50.290978332496294 ] ] ] ] } },
{ "type": "Feature", "properties": { "fid": 696, "id": "278301", "Номера": [ 26.7 ], "вес": 0.0454090909 }, "geometry": { "type": "MultiPolygon", "coordinates": [ [ [ [ 127.532114101208734, 50.294708690412492 ], [ 127.532302260780952, 50.294708690412492 ], [ 127.532366273746575, 50.294421750186963 ], [ 127.532114101208734, 50.294421750186963 ], [ 127.532114101208734, 50.294708690412492 ] ] ] ] } },
{ "type": "Feature", "properties": { "fid": 697, "id": "278303", "Номера": [ 26.7 ], "вес": 0.0454090909 }, "geometry": { "type": "MultiPolygon", "coordinates": [ [ [ [ 127.532114101208734, 50.294708690412492 ], [ 127.532114101208734, 50.294995628907465 ], [ 127.532238247815357, 50.294995628907465 ], [ 127.532302260780952, 50.294708690412492 ], [ 127.532114101208734, 50.294708690412492 ] ] ] ] } },
{ "type": "Feature", "properties": { "fid": 698, "id": "278305", "Номера": [ 26.7 ], "вес": 0.0454090909 }, "geometry": { "type": "MultiPolygon", "coordinates": [ [ [ [ 127.532114101208734, 50.294134808230879 ], [ 127.532430286712199, 50.294134808230879 ], [ 127.532494299677808, 50.293847864544226 ], [ 127.532114101208734, 50.293847864544226 ], [ 127.532114101208734, 50.294134808230879 ] ] ] ] } },
{ "type": "Feature", "properties": { "fid": 699, "id": "278307", "Номера": [ 26.7 ], "вес": 0.0454090909 }, "geometry": { "type": "MultiPolygon", "coordinates": [ [ [ [ 127.532114101208734, 50.294134808230879 ], [ 127.532114101208734, 50.294421750186963 ], [ 127.532366273746575, 50.294421750186963 ], [ 127.532430286712199, 50.294134808230879 ], [ 127.532114101208734, 50.294134808230879 ] ] ] ] } },
{ "type": "Feature", "properties": { "fid": 700, "id": "278309", "Номера": [ 26.7 ], "вес": 0.0454090909 }, "geometry": { "type": "MultiPolygon", "coordinates": [ [ [ [ 127.532114101208734, 50.293560919127032 ], [ 127.532558312643431, 50.293560919127032 ], [ 127.532563258850786, 50.293538747116493 ], [ 127.532563258850786, 50.293273971979254 ], [ 127.532114101208734, 50.293273971979254 ], [ 127.532114101208734, 50.293560919127032 ] ] ] ] } },
{ "type": "Feature", "properties": { "fid": 701, "id": "278311", "Номера": [ 26.7 ], "вес": 0.0454090909 }, "geometry": { "type": "MultiPolygon", "coordinates": [ [ [ [ 127.532114101208734, 50.293560919127032 ], [ 127.532114101208734, 50.293847864544226 ], [ 127.532494299677808, 50.293847864544226 ], [ 127.532558312643431, 50.293560919127032 ], [ 127.532114101208734, 50.293560919127032 ] ] ] ] } },
{ "type": "Feature", "properties": { "fid": 702, "id": "278313", "Номера": [ 26.7 ], "вес": 0.0454090909 }, "geometry": { "type": "MultiPolygon", "coordinates": [ [ [ [ 127.532114101208734, 50.292987023100906 ], [ 127.532563258850786, 50.292987023100906 ], [ 127.532563258850786, 50.292700072491989 ], [ 127.532114101208734, 50.292700072491989 ], [ 127.532114101208734, 50.292987023100906 ] ] ] ] } },
{ "type": "Feature", "properties": { "fid": 703, "id": "278314", "Номера": [ 26.7 ], "вес": 0.0454090909 }, "geometry": { "type": "MultiPolygon", "coordinates": [ [ [ [ 127.532563258850786, 50.292987023100906 ], [ 127.532686338574663, 50.292987023100906 ], [ 127.532750351540258, 50.292700072491989 ], [ 127.532563258850786, 50.292700072491989 ], [ 127.532563258850786, 50.292987023100906 ] ] ] ] } },
{ "type": "Feature", "properties": { "fid": 704, "id": "278315", "Номера": [ 26.7 ], "вес": 0.0454090909 }, "geometry": { "type": "MultiPolygon", "coordinates": [ [ [ [ 127.532114101208734, 50.292987023100906 ], [ 127.532114101208734, 50.293273971979254 ], [ 127.532563258850786, 50.293273971979254 ], [ 127.532563258850786, 50.292987023100906 ], [ 127.532114101208734, 50.292987023100906 ] ] ] ] } },
{ "type": "Feature", "properties": { "fid": 705, "id": "278317", "Номера": [ 26.7 ], "вес": 0.0454090909 }, "geometry": { "type": "MultiPolygon", "coordinates": [ [ [ [ 127.532114101208734, 50.292413120152496 ], [ 127.532563258850786, 50.292413120152496 ], [ 127.532563258850786, 50.292126166082433 ], [ 127.532114101208734, 50.292126166082433 ], [ 127.532114101208734, 50.292413120152496 ] ] ] ] } },
{ "type": "Feature", "properties": { "fid": 706, "id": "278318", "Номера": [ 26.7 ], "вес": 0.0454090909 }, "geometry": { "type": "MultiPolygon", "coordinates": [ [ [ [ 127.532563258850786, 50.292413120152496 ], [ 127.532814364505882, 50.292413120152496 ], [ 127.532878377471505, 50.292126166082433 ], [ 127.532563258850786, 50.292126166082433 ], [ 127.532563258850786, 50.292413120152496 ] ] ] ] } },
{ "type": "Feature", "properties": { "fid": 707, "id": "278319", "Номера": [ 26.7 ], "вес": 0.0454090909 }, "geometry": { "type": "MultiPolygon", "coordinates": [ [ [ [ 127.532114101208734, 50.292413120152496 ], [ 127.532114101208734, 50.292700072491989 ], [ 127.532563258850786, 50.292700072491989 ], [ 127.532563258850786, 50.292413120152496 ], [ 127.532114101208734, 50.292413120152496 ] ] ] ] } },
{ "type": "Feature", "properties": { "fid": 708, "id": "278320", "Номера": [ 26.7 ], "вес": 0.0454090909 }, "geometry": { "type": "MultiPolygon", "coordinates": [ [ [ [ 127.532563258850786, 50.292700072491989 ], [ 127.532750351540258, 50.292700072491989 ], [ 127.532814364505882, 50.292413120152496 ], [ 127.532563258850786, 50.292413120152496 ], [ 127.532563258850786, 50.292700072491989 ] ] ] ] } },
{ "type": "Feature", "properties": { "fid": 709, "id": "278321", "Номера": [ 26.7 ], "вес": 0.0454090909 }, "geometry": { "type": "MultiPolygon", "coordinates": [ [ [ [ 127.532114101208734, 50.291839210281786 ], [ 127.532563258850786, 50.291839210281786 ], [ 127.532563258850786, 50.291552252750535 ], [ 127.532114101208734, 50.291552252750535 ], [ 127.532114101208734, 50.291839210281786 ] ] ] ] } },
{ "type": "Feature", "properties": { "fid": 710, "id": "278322", "Номера": [ 26.7 ], "вес": 0.0454090909 }, "geometry": { "type": "MultiPolygon", "coordinates": [ [ [ [ 127.532563258850786, 50.291839210281786 ], [ 127.532942390437086, 50.291839210281786 ], [ 127.532964396220777, 50.291740562878154 ], [ 127.53284236580312, 50.291552252750535 ], [ 127.532563258850786, 50.291552252750535 ], [ 127.532563258850786, 50.291839210281786 ] ] ] ] } },
{ "type": "Feature", "properties": { "fid": 711, "id": "278323", "Номера": [ 26.7 ], "вес": 0.0454090909 }, "geometry": { "type": "MultiPolygon", "coordinates": [ [ [ [ 127.532114101208734, 50.291839210281786 ], [ 127.532114101208734, 50.292126166082433 ], [ 127.532563258850786, 50.292126166082433 ], [ 127.532563258850786, 50.291839210281786 ], [ 127.532114101208734, 50.291839210281786 ] ] ] ] } },
{ "type": "Feature", "properties": { "fid": 712, "id": "278324", "Номера": [ 26.7 ], "вес": 0.0454090909 }, "geometry": { "type": "MultiPolygon", "coordinates": [ [ [ [ 127.532563258850786, 50.292126166082433 ], [ 127.532878377471505, 50.292126166082433 ], [ 127.532942390437086, 50.291839210281786 ], [ 127.532563258850786, 50.291839210281786 ], [ 127.532563258850786, 50.292126166082433 ] ] ] ] } },
{ "type": "Feature", "properties": { "fid": 713, "id": "278325", "Номера": [ 26.7 ], "вес": 0.0454090909 }, "geometry": { "type": "MultiPolygon", "coordinates": [ [ [ [ 127.532114101208734, 50.291265293488713 ], [ 127.532563258850786, 50.291265293488713 ], [ 127.532563258850786, 50.291121548597395 ], [ 127.532470451831998, 50.290978332496294 ], [ 127.532114101208734, 50.290978332496294 ], [ 127.532114101208734, 50.291265293488713 ] ] ] ] } },
{ "type": "Feature", "properties": { "fid": 714, "id": "278327", "Номера": [ 26.7 ], "вес": 0.0454090909 }, "geometry": { "type": "MultiPolygon", "coordinates": [ [ [ [ 127.532114101208734, 50.291265293488713 ], [ 127.532114101208734, 50.291552252750535 ], [ 127.532563258850786, 50.291552252750535 ], [ 127.532563258850786, 50.291265293488713 ], [ 127.532114101208734, 50.291265293488713 ] ] ] ] } },
{ "type": "Feature", "properties": { "fid": 715, "id": "278328", "Номера": [ 26.7 ], "вес": 0.0454090909 }, "geometry": { "type": "MultiPolygon", "coordinates": [ [ [ [ 127.532563258850786, 50.291552252750535 ], [ 127.53284236580312, 50.291552252750535 ], [ 127.532656408817559, 50.291265293488713 ], [ 127.532563258850786, 50.291265293488713 ], [ 127.532563258850786, 50.291552252750535 ] ] ] ] } },
{ "type": "Feature", "properties": { "fid": 716, "id": "278331", "Номера": [ 26.7 ], "вес": 0.0454090909 }, "geometry": { "type": "MultiPolygon", "coordinates": [ [ [ [ 127.532114101208734, 50.290691369773285 ], [ 127.532114101208734, 50.290978332496294 ], [ 127.532470451831998, 50.290978332496294 ], [ 127.532284494846422, 50.290691369773285 ], [ 127.532114101208734, 50.290691369773285 ] ] ] ] } },
{ "type": "Feature", "properties": { "fid": 717, "id": "278878", "Номера": [ 24.2, 24.8 ], "вес": 0.1018932347 }, "geometry": { "type": "MultiPolygon", "coordinates": [ [ [ [ 127.533910731776984, 50.258827749382014 ], [ 127.533619602868683, 50.258827749382014 ], [ 127.533692332990157, 50.259114904221192 ], [ 127.533910731776984, 50.259114904221192 ], [ 127.533910731776984, 50.258827749382014 ] ] ] ] } },
{ "type": "Feature", "properties": { "fid": 718, "id": "278880", "Номера": [ 24.2, 24.8 ], "вес": 0.1018932347 }, "geometry": { "type": "MultiPolygon", "coordinates": [ [ [ [ 127.533910731776984, 50.259114904221192 ], [ 127.533692332990157, 50.259114904221192 ], [ 127.533765063111602, 50.259402057329403 ], [ 127.533910731776984, 50.259402057329403 ], [ 127.533910731776984, 50.259114904221192 ] ] ] ] } },
{ "type": "Feature", "properties": { "fid": 719, "id": "278882", "Номера": [ 24.2, 24.8 ], "вес": 0.1018932347 }, "geometry": { "type": "MultiPolygon", "coordinates": [ [ [ [ 127.533910731776984, 50.258253434510792 ], [ 127.533474142625749, 50.258253434510792 ], [ 127.533546872747209, 50.25854059281189 ], [ 127.533910731776984, 50.25854059281189 ], [ 127.533910731776984, 50.258253434510792 ] ] ] ] } },
{ "type": "Feature", "properties": { "fid": 720, "id": "278884", "Номера": [ 24.2, 24.8 ], "вес": 0.1018932347 }, "geometry": { "type": "MultiPolygon", "coordinates": [ [ [ [ 127.533910731776984, 50.25854059281189 ], [ 127.533546872747209, 50.25854059281189 ], [ 127.533619602868683, 50.258827749382014 ], [ 127.533910731776984, 50.258827749382014 ], [ 127.533910731776984, 50.25854059281189 ] ] ] ] } },
{ "type": "Feature", "properties": { "fid": 721, "id": "278886", "Номера": [ 24.2, 24.8 ], "вес": 0.1018932347 }, "geometry": { "type": "MultiPolygon", "coordinates": [ [ [ [ 127.533910731776984, 50.25796627447874 ], [ 127.533910731776984, 50.257948735287577 ], [ 127.533862367679461, 50.257757164561497 ], [ 127.533461574134904, 50.257807407927608 ], [ 127.533461574134904, 50.25796627447874 ], [ 127.533910731776984, 50.25796627447874 ] ] ] ] } },
{ "type": "Feature", "properties": { "fid": 722, "id": "278888", "Номера": [ 24.2, 24.8 ], "вес": 0.1018932347 }, "geometry": { "type": "MultiPolygon", "coordinates": [ [ [ [ 127.533474142625749, 50.258253434510792 ], [ 127.533910731776984, 50.258253434510792 ], [ 127.533910731776984, 50.25796627447874 ], [ 127.533461574134904, 50.25796627447874 ], [ 127.533461574134904, 50.258203810515127 ], [ 127.533474142625749, 50.258253434510792 ] ] ] ] } },
{ "type": "Feature", "properties": { "fid": 723, "id": "279278", "Номера": [ 24.2, 24.8 ], "вес": 0.1018932347 }, "geometry": { "type": "MultiPolygon", "coordinates": [ [ [ [ 127.534809047061074, 50.26227349320984 ], [ 127.53448492456404, 50.26227349320984 ], [ 127.534556319843176, 50.262560627277779 ], [ 127.534809047061074, 50.262560627277779 ], [ 127.534809047061074, 50.26227349320984 ] ] ] ] } },
{ "type": "Feature", "properties": { "fid": 724, "id": "279280", "Номера": [ 24.2, 24.8 ], "вес": 0.1018932347 }, "geometry": { "type": "MultiPolygon", "coordinates": [ [ [ [ 127.534809047061074, 50.262560627277779 ], [ 127.534556319843176, 50.262560627277779 ], [ 127.534627715122284, 50.262847759614807 ], [ 127.534809047061074, 50.262847759614807 ], [ 127.534809047061074, 50.262560627277779 ] ] ] ] } },
{ "type": "Feature", "properties": { "fid": 725, "id": "279282", "Номера": [ 24.2, 24.8 ], "вес": 0.1018932347 }, "geometry": { "type": "MultiPolygon", "coordinates": [ [ [ [ 127.534413529284933, 50.261986357410976 ], [ 127.534809047061074, 50.261986357410976 ], [ 127.534809047061074, 50.261699219881201 ], [ 127.534359889419022, 50.261699219881201 ], [ 127.534359889419022, 50.261770628762882 ], [ 127.534413529284933, 50.261986357410976 ] ] ] ] } },
{ "type": "Feature", "properties": { "fid": 726, "id": "279284", "Номера": [ 24.2, 24.8 ], "вес": 0.1018932347 }, "geometry": { "type": "MultiPolygon", "coordinates": [ [ [ [ 127.534809047061074, 50.261986357410976 ], [ 127.534413529284933, 50.261986357410976 ], [ 127.53448492456404, 50.26227349320984 ], [ 127.534809047061074, 50.26227349320984 ], [ 127.534809047061074, 50.261986357410976 ] ] ] ] } },
{ "type": "Feature", "properties": { "fid": 727, "id": "279286", "Номера": [ 24.2, 24.8 ], "вес": 0.1018932347 }, "geometry": { "type": "MultiPolygon", "coordinates": [ [ [ [ 127.534785124230964, 50.261412080620495 ], [ 127.534712627190459, 50.261124939628857 ], [ 127.534359889419022, 50.261124939628857 ], [ 127.534359889419022, 50.261412080620495 ], [ 127.534785124230964, 50.261412080620495 ] ] ] ] } },
{ "type": "Feature", "properties": { "fid": 728, "id": "279288", "Номера": [ 24.2, 24.8 ], "вес": 0.1018932347 }, "geometry": { "type": "MultiPolygon", "coordinates": [ [ [ [ 127.534809047061074, 50.261699219881201 ], [ 127.534809047061074, 50.261506832041739 ], [ 127.534785124230964, 50.261412080620495 ], [ 127.534359889419022, 50.261412080620495 ], [ 127.534359889419022, 50.261699219881201 ], [ 127.534809047061074, 50.261699219881201 ] ] ] ] } },
{ "type": "Feature", "properties": { "fid": 729, "id": "279289", "Номера": [ 24.2, 24.8 ], "вес": 0.1018932347 }, "geometry": { "type": "MultiPolygon", "coordinates": [ [ [ [ 127.534359889419022, 50.260550652452807 ], [ 127.534055983597483, 50.260550652452807 ], [ 127.534087001989889, 50.260673115808416 ], [ 127.534127948168447, 50.260837796906301 ], [ 127.534359889419022, 50.260837796906301 ], [ 127.534359889419022, 50.260550652452807 ] ] ] ] } },
{ "type": "Feature", "properties": { "fid": 730, "id": "279290", "Номера": [ 24.2, 24.8 ], "вес": 0.1018932347 }, "geometry": { "type": "MultiPolygon", "coordinates": [ [ [ [ 127.534640130149953, 50.260837796906301 ], [ 127.534567633109432, 50.260550652452807 ], [ 127.534359889419022, 50.260550652452807 ], [ 127.534359889419022, 50.260837796906301 ], [ 127.534640130149953, 50.260837796906301 ] ] ] ] } },
{ "type": "Feature", "properties": { "fid": 731, "id": "279291", "Номера": [ 24.2, 24.8 ], "вес": 0.1018932347 }, "geometry": { "type": "MultiPolygon", "coordinates": [ [ [ [ 127.534199343447554, 50.261124939628857 ], [ 127.534359889419022, 50.261124939628857 ], [ 127.534359889419022, 50.260837796906301 ], [ 127.534127948168447, 50.260837796906301 ], [ 127.534199343447554, 50.261124939628857 ] ] ] ] } },
{ "type": "Feature", "properties": { "fid": 732, "id": "279292", "Номера": [ 24.2, 24.8 ], "вес": 0.1018932347 }, "geometry": { "type": "MultiPolygon", "coordinates": [ [ [ [ 127.534712627190459, 50.261124939628857 ], [ 127.534640130149953, 50.260837796906301 ], [ 127.534359889419022, 50.260837796906301 ], [ 127.534359889419022, 50.261124939628857 ], [ 127.534712627190459, 50.261124939628857 ] ] ] ] } },
{ "type": "Feature", "properties": { "fid": 733, "id": "279293", "Номера": [ 24.2, 24.8 ], "вес": 0.1018932347 }, "geometry": { "type": "MultiPolygon", "coordinates": [ [ [ [ 127.533983253476009, 50.260263506268373 ], [ 127.534359889419022, 50.260263506268373 ], [ 127.534359889419022, 50.259976358352993 ], [ 127.533910731776984, 50.259976358352993 ], [ 127.533910731776984, 50.259977181234085 ], [ 127.533983253476009, 50.260263506268373 ] ] ] ] } },
{ "type": "Feature", "properties": { "fid": 734, "id": "279295", "Номера": [ 24.2, 24.8 ], "вес": 0.1018932347 }, "geometry": { "type": "MultiPolygon", "coordinates": [ [ [ [ 127.534055983597483, 50.260550652452807 ], [ 127.534359889419022, 50.260550652452807 ], [ 127.534359889419022, 50.260263506268373 ], [ 127.533983253476009, 50.260263506268373 ], [ 127.534055983597483, 50.260550652452807 ] ] ] ] } },
{ "type": "Feature", "properties": { "fid": 735, "id": "279296", "Номера": [ 24.2, 24.8 ], "вес": 0.1018932347 }, "geometry": { "type": "MultiPolygon", "coordinates": [ [ [ [ 127.534567633109432, 50.260550652452807 ], [ 127.534495136068912, 50.260263506268373 ], [ 127.534359889419022, 50.260263506268373 ], [ 127.534359889419022, 50.260550652452807 ], [ 127.534567633109432, 50.260550652452807 ] ] ] ] } },
{ "type": "Feature", "properties": { "fid": 736, "id": "279297", "Номера": [ 24.2, 24.8 ], "вес": 0.1018932347 }, "geometry": { "type": "MultiPolygon", "coordinates": [ [ [ [ 127.5343501419879, 50.259689208706668 ], [ 127.53427764494738, 50.259402057329403 ], [ 127.533910731776984, 50.259402057329403 ], [ 127.533910731776984, 50.259689208706668 ], [ 127.5343501419879, 50.259689208706668 ] ] ] ] } },
{ "type": "Feature", "properties": { "fid": 737, "id": "279299", "Номера": [ 24.2, 24.8 ], "вес": 0.1018932347 }, "geometry": { "type": "MultiPolygon", "coordinates": [ [ [ [ 127.533910731776984, 50.259976358352993 ], [ 127.534359889419022, 50.259976358352993 ], [ 127.534359889419022, 50.259727816885508 ], [ 127.5343501419879, 50.259689208706668 ], [ 127.533910731776984, 50.259689208706668 ], [ 127.533910731776984, 50.259976358352993 ] ] ] ] } },
{ "type": "Feature", "properties": { "fid": 738, "id": "279301", "Номера": [ 24.2, 24.8 ], "вес": 0.1018932347 }, "geometry": { "type": "MultiPolygon", "coordinates": [ [ [ [ 127.534205147906846, 50.259114904221192 ], [ 127.534132650866354, 50.258827749382014 ], [ 127.533910731776984, 50.258827749382014 ], [ 127.533910731776984, 50.259114904221192 ], [ 127.534205147906846, 50.259114904221192 ] ] ] ] } },
{ "type": "Feature", "properties": { "fid": 739, "id": "279303", "Номера": [ 24.2, 24.8 ], "вес": 0.1018932347 }, "geometry": { "type": "MultiPolygon", "coordinates": [ [ [ [ 127.533910731776984, 50.259402057329403 ], [ 127.53427764494738, 50.259402057329403 ], [ 127.534205147906846, 50.259114904221192 ], [ 127.533910731776984, 50.259114904221192 ], [ 127.533910731776984, 50.259402057329403 ] ] ] ] } },
{ "type": "Feature", "properties": { "fid": 740, "id": "279307", "Номера": [ 24.2, 24.8 ], "вес": 0.1018932347 }, "geometry": { "type": "MultiPolygon", "coordinates": [ [ [ [ 127.533910731776984, 50.258827749382014 ], [ 127.534132650866354, 50.258827749382014 ], [ 127.534060153825848, 50.25854059281189 ], [ 127.533910731776984, 50.25854059281189 ], [ 127.533910731776984, 50.258827749382014 ] ] ] ] } },
{ "type": "Feature", "properties": { "fid": 741, "id": "279714", "Номера": [ 24.2, 24.8 ], "вес": 0.1018932347 }, "geometry": { "type": "MultiPolygon", "coordinates": [ [ [ [ 127.535707362345207, 50.266293212648897 ], [ 127.535498822234231, 50.266293212648897 ], [ 127.53557185599719, 50.266580322484323 ], [ 127.535707362345207, 50.266580322484323 ], [ 127.535707362345207, 50.266293212648897 ] ] ] ] } },
{ "type": "Feature", "properties": { "fid": 742, "id": "279718", "Номера": [ 24.2, 24.8 ], "вес": 0.1018932347 }, "geometry": { "type": "MultiPolygon", "coordinates": [ [ [ [ 127.535707362345207, 50.265718987785441 ], [ 127.53535275470837, 50.265718987785441 ], [ 127.535425788471287, 50.26600610108261 ], [ 127.535707362345207, 50.26600610108261 ], [ 127.535707362345207, 50.265718987785441 ] ] ] ] } },
{ "type": "Feature", "properties": { "fid": 743, "id": "279720", "Номера": [ 24.2, 24.8 ], "вес": 0.1018932347 }, "geometry": { "type": "MultiPolygon", "coordinates": [ [ [ [ 127.535707362345207, 50.26600610108261 ], [ 127.535425788471287, 50.26600610108261 ], [ 127.535498822234231, 50.266293212648897 ], [ 127.535707362345207, 50.266293212648897 ], [ 127.535707362345207, 50.26600610108261 ] ] ] ] } },
{ "type": "Feature", "properties": { "fid": 744, "id": "279722", "Номера": [ 24.2, 24.8 ], "вес": 0.1018932347 }, "geometry": { "type": "MultiPolygon", "coordinates": [ [ [ [ 127.535279720945425, 50.265431872757382 ], [ 127.535707362345207, 50.265431872757382 ], [ 127.535707362345207, 50.265144755998449 ], [ 127.535258204703155, 50.265144755998449 ], [ 127.535258204703155, 50.265347286391204 ], [ 127.535279720945425, 50.265431872757382 ] ] ] ] } },
{ "type": "Feature", "properties": { "fid": 745, "id": "279724", "Номера": [ 24.2, 24.8 ], "вес": 0.1018932347 }, "geometry": { "type": "MultiPolygon", "coordinates": [ [ [ [ 127.535707362345207, 50.265431872757382 ], [ 127.535279720945425, 50.265431872757382 ], [ 127.53535275470837, 50.265718987785441 ], [ 127.535707362345207, 50.265718987785441 ], [ 127.535707362345207, 50.265431872757382 ] ] ] ] } },
{ "type": "Feature", "properties": { "fid": 746, "id": "279725", "Номера": [ 24.2, 24.8 ], "вес": 0.1018932347 }, "geometry": { "type": "MultiPolygon", "coordinates": [ [ [ [ 127.535258204703155, 50.264570517287922 ], [ 127.535060619656619, 50.264570517287922 ], [ 127.535133653419564, 50.264857637508619 ], [ 127.535258204703155, 50.264857637508619 ], [ 127.535258204703155, 50.264570517287922 ] ] ] ] } },
{ "type": "Feature", "properties": { "fid": 747, "id": "279726", "Номера": [ 24.2, 24.8 ], "вес": 0.1018932347 }, "geometry": { "type": "MultiPolygon", "coordinates": [ [ [ [ 127.535653286599086, 50.264857637508619 ], [ 127.535610608617304, 50.264681476921709 ], [ 127.535582591676615, 50.264570517287922 ], [ 127.535258204703155, 50.264570517287922 ], [ 127.535258204703155, 50.264857637508619 ], [ 127.535653286599086, 50.264857637508619 ] ] ] ] } },
{ "type": "Feature", "properties": { "fid": 748, "id": "279728", "Номера": [ 24.2, 24.8 ], "вес": 0.1018932347 }, "geometry": { "type": "MultiPolygon", "coordinates": [ [ [ [ 127.535707362345207, 50.265144755998449 ], [ 127.535707362345207, 50.265080843359392 ], [ 127.535653286599086, 50.264857637508619 ], [ 127.535258204703155, 50.264857637508619 ], [ 127.535258204703155, 50.265144755998449 ], [ 127.535707362345207, 50.265144755998449 ] ] ] ] } },
{ "type": "Feature", "properties": { "fid": 749, "id": "279729", "Номера": [ 24.2, 24.8 ], "вес": 0.1018932347 }, "geometry": { "type": "MultiPolygon", "coordinates": [ [ [ [ 127.535258204703155, 50.263996271653816 ], [ 127.534914552130758, 50.263996271653816 ], [ 127.534987585893703, 50.264283395336321 ], [ 127.535258204703155, 50.264283395336321 ], [ 127.535258204703155, 50.263996271653816 ] ] ] ] } },
{ "type": "Feature", "properties": { "fid": 750, "id": "279730", "Номера": [ 24.2, 24.8 ], "вес": 0.1018932347 }, "geometry": { "type": "MultiPolygon", "coordinates": [ [ [ [ 127.535510094636123, 50.264283395336321 ], [ 127.535437597595617, 50.263996271653816 ], [ 127.535258204703155, 50.263996271653816 ], [ 127.535258204703155, 50.264283395336321 ], [ 127.535510094636123, 50.264283395336321 ] ] ] ] } },
{ "type": "Feature", "properties": { "fid": 751, "id": "279731", "Номера": [ 24.2, 24.8 ], "вес": 0.1018932347 }, "geometry": { "type": "MultiPolygon", "coordinates": [ [ [ [ 127.535060619656619, 50.264570517287922 ], [ 127.535258204703155, 50.264570517287922 ], [ 127.535258204703155, 50.264283395336321 ], [ 127.534987585893703, 50.264283395336321 ], [ 127.535060619656619, 50.264570517287922 ] ] ] ] } },
{ "type": "Feature", "properties": { "fid": 752, "id": "279732", "Номера": [ 24.2, 24.8 ], "вес": 0.1018932347 }, "geometry": { "type": "MultiPolygon", "coordinates": [ [ [ [ 127.535582591676615, 50.264570517287922 ], [ 127.535510094636123, 50.264283395336321 ], [ 127.535258204703155, 50.264283395336321 ], [ 127.535258204703155, 50.264570517287922 ], [ 127.535582591676615, 50.264570517287922 ] ] ] ] } },
{ "type": "Feature", "properties": { "fid": 753, "id": "279733", "Номера": [ 24.2, 24.8 ], "вес": 0.1018932347 }, "geometry": { "type": "MultiPolygon", "coordinates": [ [ [ [ 127.534841900959663, 50.263709146240423 ], [ 127.535258204703155, 50.263709146240423 ], [ 127.535258204703155, 50.263422019096119 ], [ 127.534809047061074, 50.263422019096119 ], [ 127.534809047061074, 50.263577019427004 ], [ 127.534841900959663, 50.263709146240423 ] ] ] ] } },
{ "type": "Feature", "properties": { "fid": 754, "id": "279735", "Номера": [ 24.2, 24.8 ], "вес": 0.1018932347 }, "geometry": { "type": "MultiPolygon", "coordinates": [ [ [ [ 127.534858572012737, 50.263776191206517 ], [ 127.534914552130758, 50.263996271653816 ], [ 127.535258204703155, 50.263996271653816 ], [ 127.535258204703155, 50.263709146240423 ], [ 127.534841900959663, 50.263709146240423 ], [ 127.534858572012737, 50.263776191206517 ] ] ] ] } },
{ "type": "Feature", "properties": { "fid": 755, "id": "279737", "Номера": [ 24.2, 24.8 ], "вес": 0.1018932347 }, "geometry": { "type": "MultiPolygon", "coordinates": [ [ [ [ 127.535220106474071, 50.263134890220925 ], [ 127.535147609433565, 50.262847759614807 ], [ 127.534809047061074, 50.262847759614807 ], [ 127.534809047061074, 50.263134890220925 ], [ 127.535220106474071, 50.263134890220925 ] ] ] ] } },
{ "type": "Feature", "properties": { "fid": 756, "id": "279739", "Номера": [ 24.2, 24.8 ], "вес": 0.1018932347 }, "geometry": { "type": "MultiPolygon", "coordinates": [ [ [ [ 127.534809047061074, 50.263422019096119 ], [ 127.535258204703155, 50.263422019096119 ], [ 127.535258204703155, 50.26328578075703 ], [ 127.535220106474071, 50.263134890220925 ], [ 127.534809047061074, 50.263134890220925 ], [ 127.534809047061074, 50.263422019096119 ] ] ] ] } },
{ "type": "Feature", "properties": { "fid": 757, "id": "279741", "Номера": [ 24.2, 24.8 ], "вес": 0.1018932347 }, "geometry": { "type": "MultiPolygon", "coordinates": [ [ [ [ 127.535075112393045, 50.262560627277779 ], [ 127.535002615352511, 50.26227349320984 ], [ 127.534809047061074, 50.26227349320984 ], [ 127.534809047061074, 50.262560627277779 ], [ 127.535075112393045, 50.262560627277779 ] ] ] ] } },
{ "type": "Feature", "properties": { "fid": 758, "id": "279743", "Номера": [ 24.2, 24.8 ], "вес": 0.1018932347 }, "geometry": { "type": "MultiPolygon", "coordinates": [ [ [ [ 127.534809047061074, 50.262847759614807 ], [ 127.535147609433565, 50.262847759614807 ], [ 127.535075112393045, 50.262560627277779 ], [ 127.534809047061074, 50.262560627277779 ], [ 127.534809047061074, 50.262847759614807 ] ] ] ] } },
{ "type": "Feature", "properties": { "fid": 759, "id": "279747", "Номера": [ 24.2, 24.8 ], "вес": 0.1018932347 }, "geometry": { "type": "MultiPolygon", "coordinates": [ [ [ [ 127.534809047061074, 50.26227349320984 ], [ 127.535002615352511, 50.26227349320984 ], [ 127.534930118312019, 50.261986357410976 ], [ 127.534809047061074, 50.261986357410976 ], [ 127.534809047061074, 50.26227349320984 ] ] ] ] } },
{ "type": "Feature", "properties": { "fid": 760, "id": "280170", "Номера": [ 24.8, 24.2 ], "вес": 0.1018932347 }, "geometry": { "type": "MultiPolygon", "coordinates": [ [ [ [ 127.536605677629325, 50.269738416437271 ], [ 127.536356283845805, 50.269738416437271 ], [ 127.53642530334163, 50.270025505502474 ], [ 127.536605677629325, 50.270025505502474 ], [ 127.536605677629325, 50.269738416437271 ] ] ] ] } },
{ "type": "Feature", "properties": { "fid": 761, "id": "280174", "Номера": [ 24.8, 24.2 ], "вес": 0.1018932347 }, "geometry": { "type": "MultiPolygon", "coordinates": [ [ [ [ 127.536605677629325, 50.269164233114374 ], [ 127.536218244854155, 50.269164233114374 ], [ 127.53628726434998, 50.269451325641242 ], [ 127.536605677629325, 50.269451325641242 ], [ 127.536605677629325, 50.269164233114374 ] ] ] ] } },
{ "type": "Feature", "properties": { "fid": 762, "id": "280176", "Номера": [ 24.8, 24.2 ], "вес": 0.1018932347 }, "geometry": { "type": "MultiPolygon", "coordinates": [ [ [ [ 127.536605677629325, 50.269451325641242 ], [ 127.53628726434998, 50.269451325641242 ], [ 127.536356283845805, 50.269738416437271 ], [ 127.536605677629325, 50.269738416437271 ], [ 127.536605677629325, 50.269451325641242 ] ] ] ] } },
{ "type": "Feature", "properties": { "fid": 763, "id": "280178", "Номера": [ 24.8, 24.2 ], "вес": 0.1018932347 }, "geometry": { "type": "MultiPolygon", "coordinates": [ [ [ [ 127.536605677629325, 50.268877138856666 ], [ 127.536605677629325, 50.268788623033579 ], [ 127.536557564152801, 50.268590042868112 ], [ 127.536156519987273, 50.268590042868112 ], [ 127.536156519987273, 50.268877138856666 ], [ 127.536605677629325, 50.268877138856666 ] ] ] ] } },
{ "type": "Feature", "properties": { "fid": 764, "id": "280180", "Номера": [ 24.8, 24.2 ], "вес": 0.1018932347 }, "geometry": { "type": "MultiPolygon", "coordinates": [ [ [ [ 127.536218244854155, 50.269164233114374 ], [ 127.536605677629325, 50.269164233114374 ], [ 127.536605677629325, 50.268877138856666 ], [ 127.536156519987273, 50.268877138856666 ], [ 127.536156519987273, 50.268907481757651 ], [ 127.536218244854155, 50.269164233114374 ] ] ] ] } },
{ "type": "Feature", "properties": { "fid": 765, "id": "280181", "Номера": [ 24.8, 24.2 ], "вес": 0.1018932347 }, "geometry": { "type": "MultiPolygon", "coordinates": [ [ [ [ 127.536156519987273, 50.268015845698457 ], [ 127.535937024811886, 50.268015845698457 ], [ 127.536010058574803, 50.268302945148712 ], [ 127.536156519987273, 50.268302945148712 ], [ 127.536156519987273, 50.268015845698457 ] ] ] ] } },
{ "type": "Feature", "properties": { "fid": 766, "id": "280182", "Номера": [ 24.8, 24.2 ], "вес": 0.1018932347 }, "geometry": { "type": "MultiPolygon", "coordinates": [ [ [ [ 127.536488004340981, 50.268302945148712 ], [ 127.536418444529176, 50.268015845698457 ], [ 127.536156519987273, 50.268015845698457 ], [ 127.536156519987273, 50.268302945148712 ], [ 127.536488004340981, 50.268302945148712 ] ] ] ] } },
{ "type": "Feature", "properties": { "fid": 767, "id": "280184", "Номера": [ 24.8, 24.2 ], "вес": 0.1018932347 }, "geometry": { "type": "MultiPolygon", "coordinates": [ [ [ [ 127.536557564152801, 50.268590042868112 ], [ 127.536488004340981, 50.268302945148712 ], [ 127.536156519987273, 50.268302945148712 ], [ 127.536156519987273, 50.268590042868112 ], [ 127.536557564152801, 50.268590042868112 ] ] ] ] } },
{ "type": "Feature", "properties": { "fid": 768, "id": "280185", "Номера": [ 24.2, 24.8 ], "вес": 0.1018932347 }, "geometry": { "type": "MultiPolygon", "coordinates": [ [ [ [ 127.536156519987273, 50.267441641605394 ], [ 127.535790957285997, 50.267441641605394 ], [ 127.535863991048942, 50.267728744517349 ], [ 127.536156519987273, 50.267728744517349 ], [ 127.536156519987273, 50.267441641605394 ] ] ] ] } },
{ "type": "Feature", "properties": { "fid": 769, "id": "280186", "Номера": [ 24.8, 24.2 ], "вес": 0.1018932347 }, "geometry": { "type": "MultiPolygon", "coordinates": [ [ [ [ 127.536348884717327, 50.267728744517349 ], [ 127.536279324905522, 50.267441641605394 ], [ 127.536156519987273, 50.267441641605394 ], [ 127.536156519987273, 50.267728744517349 ], [ 127.536348884717327, 50.267728744517349 ] ] ] ] } },
{ "type": "Feature", "properties": { "fid": 770, "id": "280187", "Номера": [ 24.8, 24.2 ], "вес": 0.1018932347 }, "geometry": { "type": "MultiPolygon", "coordinates": [ [ [ [ 127.535937024811886, 50.268015845698457 ], [ 127.536156519987273, 50.268015845698457 ], [ 127.536156519987273, 50.267728744517349 ], [ 127.535863991048942, 50.267728744517349 ], [ 127.535937024811886, 50.268015845698457 ] ] ] ] } },
{ "type": "Feature", "properties": { "fid": 771, "id": "280188", "Номера": [ 24.8, 24.2 ], "вес": 0.1018932347 }, "geometry": { "type": "MultiPolygon", "coordinates": [ [ [ [ 127.536418444529176, 50.268015845698457 ], [ 127.536348884717327, 50.267728744517349 ], [ 127.536156519987273, 50.267728744517349 ], [ 127.536156519987273, 50.268015845698457 ], [ 127.536418444529176, 50.268015845698457 ] ] ] ] } },
{ "type": "Feature", "properties": { "fid": 772, "id": "280189", "Номера": [ 24.8, 24.2 ], "вес": 0.1018932347 }, "geometry": { "type": "MultiPolygon", "coordinates": [ [ [ [ 127.535717923523052, 50.267154536962565 ], [ 127.536156519987273, 50.267154536962565 ], [ 127.536156519987273, 50.266934769280446 ], [ 127.536140205281868, 50.266867430588881 ], [ 127.535707362345207, 50.266867430588881 ], [ 127.535707362345207, 50.267113019539188 ], [ 127.535717923523052, 50.267154536962565 ] ] ] ] } },
{ "type": "Feature", "properties": { "fid": 773, "id": "280191", "Номера": [ 24.2, 24.8 ], "вес": 0.1018932347 }, "geometry": { "type": "MultiPolygon", "coordinates": [ [ [ [ 127.535790957285997, 50.267441641605394 ], [ 127.536156519987273, 50.267441641605394 ], [ 127.536156519987273, 50.267154536962565 ], [ 127.535717923523052, 50.267154536962565 ], [ 127.535790957285997, 50.267441641605394 ] ] ] ] } },
{ "type": "Feature", "properties": { "fid": 774, "id": "280193", "Номера": [ 24.2, 24.8 ], "вес": 0.1018932347 }, "geometry": { "type": "MultiPolygon", "coordinates": [ [ [ [ 127.536070645470019, 50.266580322484323 ], [ 127.536001085658214, 50.266293212648897 ], [ 127.535707362345207, 50.266293212648897 ], [ 127.535707362345207, 50.266580322484323 ], [ 127.536070645470019, 50.266580322484323 ] ] ] ] } },
{ "type": "Feature", "properties": { "fid": 775, "id": "280195", "Номера": [ 24.2, 24.8 ], "вес": 0.1018932347 }, "geometry": { "type": "MultiPolygon", "coordinates": [ [ [ [ 127.535707362345207, 50.266867430588881 ], [ 127.536140205281868, 50.266867430588881 ], [ 127.536070645470019, 50.266580322484323 ], [ 127.535707362345207, 50.266580322484323 ], [ 127.535707362345207, 50.266867430588881 ] ] ] ] } },
{ "type": "Feature", "properties": { "fid": 776, "id": "280197", "Номера": [ 24.2, 24.8 ], "вес": 0.1018932347 }, "geometry": { "type": "MultiPolygon", "coordinates": [ [ [ [ 127.535931525846394, 50.26600610108261 ], [ 127.535861966034588, 50.265718987785441 ], [ 127.535707362345207, 50.265718987785441 ], [ 127.535707362345207, 50.26600610108261 ], [ 127.535931525846394, 50.26600610108261 ] ] ] ] } },
{ "type": "Feature", "properties": { "fid": 777, "id": "280199", "Номера": [ 24.2, 24.8 ], "вес": 0.1018932347 }, "geometry": { "type": "MultiPolygon", "coordinates": [ [ [ [ 127.535707362345207, 50.266293212648897 ], [ 127.536001085658214, 50.266293212648897 ], [ 127.535931525846394, 50.26600610108261 ], [ 127.535707362345207, 50.26600610108261 ], [ 127.535707362345207, 50.266293212648897 ] ] ] ] } },
{ "type": "Feature", "properties": { "fid": 778, "id": "280626", "Номера": [ 24.2, 24.8 ], "вес": 0.1018932347 }, "geometry": { "type": "MultiPolygon", "coordinates": [ [ [ [ 127.537503992913457, 50.27375750584558 ], [ 127.537313994949685, 50.27375750584558 ], [ 127.53738542848771, 50.274044570679436 ], [ 127.537503992913457, 50.274044570679436 ], [ 127.537503992913457, 50.27375750584558 ] ] ] ] } },
{ "type": "Feature", "properties": { "fid": 779, "id": "280630", "Номера": [ 24.2, 24.8 ], "вес": 0.1018932347 }, "geometry": { "type": "MultiPolygon", "coordinates": [ [ [ [ 127.537503992913457, 50.273183370985493 ], [ 127.537174332766583, 50.273183370985493 ], [ 127.537231882336172, 50.273427523639107 ], [ 127.537242561411631, 50.273470439280935 ], [ 127.537503992913457, 50.273470439280935 ], [ 127.537503992913457, 50.273183370985493 ] ] ] ] } },
{ "type": "Feature", "properties": { "fid": 780, "id": "280632", "Номера": [ 24.2, 24.8 ], "вес": 0.1018932347 }, "geometry": { "type": "MultiPolygon", "coordinates": [ [ [ [ 127.537503992913457, 50.273470439280935 ], [ 127.537242561411631, 50.273470439280935 ], [ 127.537313994949685, 50.27375750584558 ], [ 127.537503992913457, 50.27375750584558 ], [ 127.537503992913457, 50.273470439280935 ] ] ] ] } },
{ "type": "Feature", "properties": { "fid": 781, "id": "280634", "Номера": [ 24.2, 24.8 ], "вес": 0.1018932347 }, "geometry": { "type": "MultiPolygon", "coordinates": [ [ [ [ 127.537106667459469, 50.272896300959275 ], [ 127.537503992913457, 50.272896300959275 ], [ 127.537503992913457, 50.272609229202232 ], [ 127.537054835271377, 50.272609229202232 ], [ 127.537054835271377, 50.27267640176072 ], [ 127.537106667459469, 50.272896300959275 ] ] ] ] } },
{ "type": "Feature", "properties": { "fid": 782, "id": "280636", "Номера": [ 24.2, 24.8 ], "вес": 0.1018932347 }, "geometry": { "type": "MultiPolygon", "coordinates": [ [ [ [ 127.537503992913457, 50.272896300959275 ], [ 127.537106667459469, 50.272896300959275 ], [ 127.537174332766583, 50.273183370985493 ], [ 127.537503992913457, 50.273183370985493 ], [ 127.537503992913457, 50.272896300959275 ] ] ] ] } },
{ "type": "Feature", "properties": { "fid": 783, "id": "280638", "Номера": [ 24.2, 24.8 ], "вес": 0.1018932347 }, "geometry": { "type": "MultiPolygon", "coordinates": [ [ [ [ 127.537461841706531, 50.272322155714406 ], [ 127.537392281894697, 50.272035080495762 ], [ 127.537054835271377, 50.272035080495762 ], [ 127.537054835271377, 50.272322155714406 ], [ 127.537461841706531, 50.272322155714406 ] ] ] ] } },
{ "type": "Feature", "properties": { "fid": 784, "id": "280640", "Номера": [ 24.2, 24.8 ], "вес": 0.1018932347 }, "geometry": { "type": "MultiPolygon", "coordinates": [ [ [ [ 127.537503992913457, 50.272609229202232 ], [ 127.537503992913457, 50.272496114039534 ], [ 127.537461841706531, 50.272322155714406 ], [ 127.537054835271377, 50.272322155714406 ], [ 127.537054835271377, 50.272609229202232 ], [ 127.537503992913457, 50.272609229202232 ] ] ] ] } },
{ "type": "Feature", "properties": { "fid": 785, "id": "280641", "Номера": [ 24.8, 24.2 ], "вес": 0.1018932347 }, "geometry": { "type": "MultiPolygon", "coordinates": [ [ [ [ 127.537054835271377, 50.271460924866062 ], [ 127.536768340923885, 50.271460924866062 ], [ 127.536836006230999, 50.271748003546314 ], [ 127.537054835271377, 50.271748003546314 ], [ 127.537054835271377, 50.271460924866062 ] ] ] ] } },
{ "type": "Feature", "properties": { "fid": 786, "id": "280642", "Номера": [ 24.2, 24.8 ], "вес": 0.1018932347 }, "geometry": { "type": "MultiPolygon", "coordinates": [ [ [ [ 127.537322722082877, 50.271748003546314 ], [ 127.537253162271043, 50.271460924866062 ], [ 127.537054835271377, 50.271460924866062 ], [ 127.537054835271377, 50.271748003546314 ], [ 127.537322722082877, 50.271748003546314 ] ] ] ] } },
{ "type": "Feature", "properties": { "fid": 787, "id": "280643", "Номера": [ 24.2, 24.8 ], "вес": 0.1018932347 }, "geometry": { "type": "MultiPolygon", "coordinates": [ [ [ [ 127.536903671538113, 50.272035080495762 ], [ 127.537054835271377, 50.272035080495762 ], [ 127.537054835271377, 50.271748003546314 ], [ 127.536836006230999, 50.271748003546314 ], [ 127.536903671538113, 50.272035080495762 ] ] ] ] } },
{ "type": "Feature", "properties": { "fid": 788, "id": "280644", "Номера": [ 24.2, 24.8 ], "вес": 0.1018932347 }, "geometry": { "type": "MultiPolygon", "coordinates": [ [ [ [ 127.537392281894697, 50.272035080495762 ], [ 127.537322722082877, 50.271748003546314 ], [ 127.537054835271377, 50.271748003546314 ], [ 127.537054835271377, 50.272035080495762 ], [ 127.537392281894697, 50.272035080495762 ] ] ] ] } },
{ "type": "Feature", "properties": { "fid": 789, "id": "280645", "Номера": [ 24.8, 24.2 ], "вес": 0.1018932347 }, "geometry": { "type": "MultiPolygon", "coordinates": [ [ [ [ 127.537054835271377, 50.27088676231309 ], [ 127.536632361829078, 50.27088676231309 ], [ 127.536665413205469, 50.271024237597636 ], [ 127.536700675616743, 50.271173844454985 ], [ 127.537054835271377, 50.271173844454985 ], [ 127.537054835271377, 50.27088676231309 ] ] ] ] } },
{ "type": "Feature", "properties": { "fid": 790, "id": "280647", "Номера": [ 24.8, 24.2 ], "вес": 0.1018932347 }, "geometry": { "type": "MultiPolygon", "coordinates": [ [ [ [ 127.536768340923885, 50.271460924866062 ], [ 127.537054835271377, 50.271460924866062 ], [ 127.537054835271377, 50.271173844454985 ], [ 127.536700675616743, 50.271173844454985 ], [ 127.536768340923885, 50.271460924866062 ] ] ] ] } },
{ "type": "Feature", "properties": { "fid": 791, "id": "280648", "Номера": [ 24.2, 24.8 ], "вес": 0.1018932347 }, "geometry": { "type": "MultiPolygon", "coordinates": [ [ [ [ 127.537253162271043, 50.271460924866062 ], [ 127.537183602459223, 50.271173844454985 ], [ 127.537054835271377, 50.271173844454985 ], [ 127.537054835271377, 50.271460924866062 ], [ 127.537253162271043, 50.271460924866062 ] ] ] ] } },
{ "type": "Feature", "properties": { "fid": 792, "id": "280649", "Номера": [ 24.8, 24.2 ], "вес": 0.1018932347 }, "geometry": { "type": "MultiPolygon", "coordinates": [ [ [ [ 127.537044482835569, 50.270599678440377 ], [ 127.536974923023763, 50.270312592836838 ], [ 127.536605677629325, 50.270312592836838 ], [ 127.536605677629325, 50.270599678440377 ], [ 127.537044482835569, 50.270599678440377 ] ] ] ] } },
{ "type": "Feature", "properties": { "fid": 793, "id": "280651", "Номера": [ 24.8, 24.2 ], "вес": 0.1018932347 }, "geometry": { "type": "MultiPolygon", "coordinates": [ [ [ [ 127.536605677629325, 50.270775770641066 ], [ 127.536632361829078, 50.27088676231309 ], [ 127.537054835271377, 50.27088676231309 ], [ 127.537054835271377, 50.27064240461965 ], [ 127.537044482835569, 50.270599678440377 ], [ 127.536605677629325, 50.270599678440377 ], [ 127.536605677629325, 50.270775770641066 ] ] ] ] } },
{ "type": "Feature", "properties": { "fid": 794, "id": "280653", "Номера": [ 24.8, 24.2 ], "вес": 0.1018932347 }, "geometry": { "type": "MultiPolygon", "coordinates": [ [ [ [ 127.536905363211915, 50.270025505502474 ], [ 127.536835803400109, 50.269738416437271 ], [ 127.536605677629325, 50.269738416437271 ], [ 127.536605677629325, 50.270025505502474 ], [ 127.536905363211915, 50.270025505502474 ] ] ] ] } },
{ "type": "Feature", "properties": { "fid": 795, "id": "280655", "Номера": [ 24.8, 24.2 ], "вес": 0.1018932347 }, "geometry": { "type": "MultiPolygon", "coordinates": [ [ [ [ 127.536605677629325, 50.270312592836838 ], [ 127.536974923023763, 50.270312592836838 ], [ 127.536905363211915, 50.270025505502474 ], [ 127.536605677629325, 50.270025505502474 ], [ 127.536605677629325, 50.270312592836838 ] ] ] ] } },
{ "type": "Feature", "properties": { "fid": 796, "id": "280659", "Номера": [ 24.8, 24.2 ], "вес": 0.1018932347 }, "geometry": { "type": "MultiPolygon", "coordinates": [ [ [ [ 127.536605677629325, 50.269738416437271 ], [ 127.536835803400109, 50.269738416437271 ], [ 127.536766243588261, 50.269451325641242 ], [ 127.536605677629325, 50.269451325641242 ], [ 127.536605677629325, 50.269738416437271 ] ] ] ] } },
{ "type": "Feature", "properties": { "fid": 797, "id": "281106", "Номера": [ 24.2, 24.8 ], "вес": 0.1018932347 }, "geometry": { "type": "MultiPolygon", "coordinates": [ [ [ [ 127.538402308197547, 50.277202169620665 ], [ 127.538171197406115, 50.277202169620665 ], [ 127.538242630944168, 50.277489213685307 ], [ 127.538402308197547, 50.277489213685307 ], [ 127.538402308197547, 50.277202169620665 ] ] ] ] } },
{ "type": "Feature", "properties": { "fid": 798, "id": "281110", "Номера": [ 24.2, 24.8 ], "вес": 0.1018932347 }, "geometry": { "type": "MultiPolygon", "coordinates": [ [ [ [ 127.538402308197547, 50.276628076299147 ], [ 127.538028330330036, 50.276628076299147 ], [ 127.53809976386809, 50.27691512382529 ], [ 127.538402308197547, 50.27691512382529 ], [ 127.538402308197547, 50.276628076299147 ] ] ] ] } },
{ "type": "Feature", "properties": { "fid": 799, "id": "281112", "Номера": [ 24.2, 24.8 ], "вес": 0.1018932347 }, "geometry": { "type": "MultiPolygon", "coordinates": [ [ [ [ 127.538402308197547, 50.27691512382529 ], [ 127.53809976386809, 50.27691512382529 ], [ 127.538171197406115, 50.277202169620665 ], [ 127.538402308197547, 50.277202169620665 ], [ 127.538402308197547, 50.27691512382529 ] ] ] ] } },
{ "type": "Feature", "properties": { "fid": 800, "id": "281114", "Номера": [ 24.2, 24.8 ], "вес": 0.1018932347 }, "geometry": { "type": "MultiPolygon", "coordinates": [ [ [ [ 127.537956896792011, 50.27634102704225 ], [ 127.538402308197547, 50.27634102704225 ], [ 127.538402308197547, 50.27618299790975 ], [ 127.538370833722695, 50.276053976054584 ], [ 127.537953150555509, 50.276053976054584 ], [ 127.537953150555509, 50.276325973079551 ], [ 127.537956896792011, 50.27634102704225 ] ] ] ] } },
{ "type": "Feature", "properties": { "fid": 801, "id": "281116", "Номера": [ 24.2, 24.8 ], "вес": 0.1018932347 }, "geometry": { "type": "MultiPolygon", "coordinates": [ [ [ [ 127.538402308197547, 50.27634102704225 ], [ 127.537956896792011, 50.27634102704225 ], [ 127.538028330330036, 50.276628076299147 ], [ 127.538402308197547, 50.276628076299147 ], [ 127.538402308197547, 50.27634102704225 ] ] ] ] } },
{ "type": "Feature", "properties": { "fid": 802, "id": "281117", "Номера": [ 24.2, 24.8 ], "вес": 0.1018932347 }, "geometry": { "type": "MultiPolygon", "coordinates": [ [ [ [ 127.537953150555509, 50.27547986888699 ], [ 127.537742596177878, 50.27547986888699 ], [ 127.537814029715932, 50.275766923336171 ], [ 127.537953150555509, 50.275766923336171 ], [ 127.537953150555509, 50.27547986888699 ] ] ] ] } },
{ "type": "Feature", "properties": { "fid": 803, "id": "281118", "Номера": [ 24.2, 24.8 ], "вес": 0.1018932347 }, "geometry": { "type": "MultiPolygon", "coordinates": [ [ [ [ 127.538300808422832, 50.275766923336171 ], [ 127.53823078312297, 50.27547986888699 ], [ 127.537953150555509, 50.27547986888699 ], [ 127.537953150555509, 50.275766923336171 ], [ 127.538300808422832, 50.275766923336171 ] ] ] ] } },
{ "type": "Feature", "properties": { "fid": 804, "id": "281120", "Номера": [ 24.2, 24.8 ], "вес": 0.1018932347 }, "geometry": { "type": "MultiPolygon", "coordinates": [ [ [ [ 127.538370833722695, 50.276053976054584 ], [ 127.538300808422832, 50.275766923336171 ], [ 127.537953150555509, 50.275766923336171 ], [ 127.537953150555509, 50.276053976054584 ], [ 127.538370833722695, 50.276053976054584 ] ] ] ] } },
{ "type": "Feature", "properties": { "fid": 805, "id": "281121", "Номера": [ 24.2, 24.8 ], "вес": 0.1018932347 }, "geometry": { "type": "MultiPolygon", "coordinates": [ [ [ [ 127.537953150555509, 50.274905754796293 ], [ 127.537599729101828, 50.274905754796293 ], [ 127.537671162639853, 50.275192812707026 ], [ 127.537953150555509, 50.275192812707026 ], [ 127.537953150555509, 50.274905754796293 ] ] ] ] } },
{ "type": "Feature", "properties": { "fid": 806, "id": "281122", "Номера": [ 24.2, 24.8 ], "вес": 0.1018932347 }, "geometry": { "type": "MultiPolygon", "coordinates": [ [ [ [ 127.538160757823107, 50.275192812707026 ], [ 127.538090732523258, 50.274905754796293 ], [ 127.537953150555509, 50.274905754796293 ], [ 127.537953150555509, 50.275192812707026 ], [ 127.538160757823107, 50.275192812707026 ] ] ] ] } },
{ "type": "Feature", "properties": { "fid": 807, "id": "281123", "Номера": [ 24.2, 24.8 ], "вес": 0.1018932347 }, "geometry": { "type": "MultiPolygon", "coordinates": [ [ [ [ 127.537742596177878, 50.27547986888699 ], [ 127.537953150555509, 50.27547986888699 ], [ 127.537953150555509, 50.275192812707026 ], [ 127.537671162639853, 50.275192812707026 ], [ 127.537742596177878, 50.27547986888699 ] ] ] ] } },
{ "type": "Feature", "properties": { "fid": 808, "id": "281124", "Номера": [ 24.2, 24.8 ], "вес": 0.1018932347 }, "geometry": { "type": "MultiPolygon", "coordinates": [ [ [ [ 127.53823078312297, 50.27547986888699 ], [ 127.538160757823107, 50.275192812707026 ], [ 127.537953150555509, 50.275192812707026 ], [ 127.537953150555509, 50.27547986888699 ], [ 127.53823078312297, 50.27547986888699 ] ] ] ] } },
{ "type": "Feature", "properties": { "fid": 809, "id": "281125", "Номера": [ 24.2, 24.8 ], "вес": 0.1018932347 }, "geometry": { "type": "MultiPolygon", "coordinates": [ [ [ [ 127.537528295563789, 50.274618695154786 ], [ 127.537953150555509, 50.274618695154786 ], [ 127.537953150555509, 50.27434175370977 ], [ 127.537950681923533, 50.274331633782509 ], [ 127.537503992913457, 50.274331633782509 ], [ 127.537503992913457, 50.274521033209552 ], [ 127.537528295563789, 50.274618695154786 ] ] ] ] } },
{ "type": "Feature", "properties": { "fid": 810, "id": "281127", "Номера": [ 24.2, 24.8 ], "вес": 0.1018932347 }, "geometry": { "type": "MultiPolygon", "coordinates": [ [ [ [ 127.537599729101828, 50.274905754796293 ], [ 127.537953150555509, 50.274905754796293 ], [ 127.537953150555509, 50.274618695154786 ], [ 127.537528295563789, 50.274618695154786 ], [ 127.537599729101828, 50.274905754796293 ] ] ] ] } },
{ "type": "Feature", "properties": { "fid": 811, "id": "281129", "Номера": [ 24.2, 24.8 ], "вес": 0.1018932347 }, "geometry": { "type": "MultiPolygon", "coordinates": [ [ [ [ 127.53788065662367, 50.274044570679436 ], [ 127.537810631323822, 50.27375750584558 ], [ 127.537503992913457, 50.27375750584558 ], [ 127.537503992913457, 50.274044570679436 ], [ 127.53788065662367, 50.274044570679436 ] ] ] ] } },
{ "type": "Feature", "properties": { "fid": 812, "id": "281131", "Номера": [ 24.2, 24.8 ], "вес": 0.1018932347 }, "geometry": { "type": "MultiPolygon", "coordinates": [ [ [ [ 127.537503992913457, 50.274331633782509 ], [ 127.537950681923533, 50.274331633782509 ], [ 127.53788065662367, 50.274044570679436 ], [ 127.537503992913457, 50.274044570679436 ], [ 127.537503992913457, 50.274331633782509 ] ] ] ] } },
{ "type": "Feature", "properties": { "fid": 813, "id": "281133", "Номера": [ 24.2, 24.8 ], "вес": 0.1018932347 }, "geometry": { "type": "MultiPolygon", "coordinates": [ [ [ [ 127.537740606023959, 50.273470439280935 ], [ 127.537670580724125, 50.273183370985493 ], [ 127.537503992913457, 50.273183370985493 ], [ 127.537503992913457, 50.273470439280935 ], [ 127.537740606023959, 50.273470439280935 ] ] ] ] } },
{ "type": "Feature", "properties": { "fid": 814, "id": "281135", "Номера": [ 24.2, 24.8 ], "вес": 0.1018932347 }, "geometry": { "type": "MultiPolygon", "coordinates": [ [ [ [ 127.537503992913457, 50.27375750584558 ], [ 127.537810631323822, 50.27375750584558 ], [ 127.537740606023959, 50.273470439280935 ], [ 127.537503992913457, 50.273470439280935 ], [ 127.537503992913457, 50.27375750584558 ] ] ] ] } },
{ "type": "Feature", "properties": { "fid": 815, "id": "281610", "Номера": [ 24.2, 24.8 ], "вес": 0.1018932347 }, "geometry": { "type": "MultiPolygon", "coordinates": [ [ [ [ 127.53930062348168, 50.280646584167705 ], [ 127.539049452378393, 50.280646584167705 ], [ 127.53912431198539, 50.280933607463595 ], [ 127.53930062348168, 50.280933607463595 ], [ 127.53930062348168, 50.280646584167705 ] ] ] ] } },
{ "type": "Feature", "properties": { "fid": 816, "id": "281614", "Номера": [ 24.2, 24.8 ], "вес": 0.1018932347 }, "geometry": { "type": "MultiPolygon", "coordinates": [ [ [ [ 127.53930062348168, 50.280072532383798 ], [ 127.538899733164371, 50.280072532383798 ], [ 127.538974592771396, 50.280359559141111 ], [ 127.53930062348168, 50.280359559141111 ], [ 127.53930062348168, 50.280072532383798 ] ] ] ] } },
{ "type": "Feature", "properties": { "fid": 817, "id": "281616", "Номера": [ 24.2, 24.8 ], "вес": 0.1018932347 }, "geometry": { "type": "MultiPolygon", "coordinates": [ [ [ [ 127.53930062348168, 50.280359559141111 ], [ 127.538974592771396, 50.280359559141111 ], [ 127.539049452378393, 50.280646584167705 ], [ 127.53930062348168, 50.280646584167705 ], [ 127.53930062348168, 50.280359559141111 ] ] ] ] } },
{ "type": "Feature", "properties": { "fid": 818, "id": "281618", "Номера": [ 24.2, 24.8 ], "вес": 0.1018932347 }, "geometry": { "type": "MultiPolygon", "coordinates": [ [ [ [ 127.539281162620838, 50.279785503895781 ], [ 127.539211137320976, 50.27949847367703 ], [ 127.538851465839628, 50.27949847367703 ], [ 127.538851465839628, 50.279785503895781 ], [ 127.539281162620838, 50.279785503895781 ] ] ] ] } },
{ "type": "Feature", "properties": { "fid": 819, "id": "281620", "Номера": [ 24.2, 24.8 ], "вес": 0.1018932347 }, "geometry": { "type": "MultiPolygon", "coordinates": [ [ [ [ 127.538899733164371, 50.280072532383798 ], [ 127.53930062348168, 50.280072532383798 ], [ 127.53930062348168, 50.279865272688468 ], [ 127.539281162620838, 50.279785503895781 ], [ 127.538851465839628, 50.279785503895781 ], [ 127.538851465839628, 50.279887464855932 ], [ 127.538899733164371, 50.280072532383798 ] ] ] ] } },
{ "type": "Feature", "properties": { "fid": 820, "id": "281621", "Номера": [ 24.2, 24.8 ], "вес": 0.1018932347 }, "geometry": { "type": "MultiPolygon", "coordinates": [ [ [ [ 127.538851465839628, 50.278924408047345 ], [ 127.538600294736312, 50.278924408047345 ], [ 127.538675154343338, 50.279211441727554 ], [ 127.538851465839628, 50.279211441727554 ], [ 127.538851465839628, 50.278924408047345 ] ] ] ] } },
{ "type": "Feature", "properties": { "fid": 821, "id": "281622", "Номера": [ 24.2, 24.8 ], "вес": 0.1018932347 }, "geometry": { "type": "MultiPolygon", "coordinates": [ [ [ [ 127.539141112021113, 50.279211441727554 ], [ 127.53907108672125, 50.278924408047345 ], [ 127.538851465839628, 50.278924408047345 ], [ 127.538851465839628, 50.279211441727554 ], [ 127.539141112021113, 50.279211441727554 ] ] ] ] } },
{ "type": "Feature", "properties": { "fid": 822, "id": "281624", "Номера": [ 24.2, 24.8 ], "вес": 0.1018932347 }, "geometry": { "type": "MultiPolygon", "coordinates": [ [ [ [ 127.539211137320976, 50.27949847367703 ], [ 127.539141112021113, 50.279211441727554 ], [ 127.538851465839628, 50.279211441727554 ], [ 127.538851465839628, 50.27949847367703 ], [ 127.539211137320976, 50.27949847367703 ] ] ] ] } },
{ "type": "Feature", "properties": { "fid": 823, "id": "281625", "Номера": [ 24.2, 24.8 ], "вес": 0.1018932347 }, "geometry": { "type": "MultiPolygon", "coordinates": [ [ [ [ 127.538851465839628, 50.27835033549475 ], [ 127.538456931558272, 50.27835033549475 ], [ 127.538528365096298, 50.278637372636418 ], [ 127.538851465839628, 50.278637372636418 ], [ 127.538851465839628, 50.27835033549475 ] ] ] ] } },
{ "type": "Feature", "properties": { "fid": 824, "id": "281627", "Номера": [ 24.2, 24.8 ], "вес": 0.1018932347 }, "geometry": { "type": "MultiPolygon", "coordinates": [ [ [ [ 127.538589454907964, 50.278882844823968 ], [ 127.538600294736312, 50.278924408047345 ], [ 127.538851465839628, 50.278924408047345 ], [ 127.538851465839628, 50.278637372636418 ], [ 127.538528365096298, 50.278637372636418 ], [ 127.538589454907964, 50.278882844823968 ] ] ] ] } },
{ "type": "Feature", "properties": { "fid": 825, "id": "281628", "Номера": [ 24.2, 24.8 ], "вес": 0.1018932347 }, "geometry": { "type": "MultiPolygon", "coordinates": [ [ [ [ 127.53907108672125, 50.278924408047345 ], [ 127.539001061421402, 50.278637372636418 ], [ 127.538851465839628, 50.278637372636418 ], [ 127.538851465839628, 50.278924408047345 ], [ 127.53907108672125, 50.278924408047345 ] ] ] ] } },
{ "type": "Feature", "properties": { "fid": 826, "id": "281629", "Номера": [ 24.2, 24.8 ], "вес": 0.1018932347 }, "geometry": { "type": "MultiPolygon", "coordinates": [ [ [ [ 127.538851465839628, 50.278063296622349 ], [ 127.538851465839628, 50.27802417090237 ], [ 127.538790985521814, 50.277776256019202 ], [ 127.538402308197547, 50.277776256019202 ], [ 127.538402308197547, 50.278063296622349 ], [ 127.538851465839628, 50.278063296622349 ] ] ] ] } },
{ "type": "Feature", "properties": { "fid": 827, "id": "281631", "Номера": [ 24.2, 24.8 ], "вес": 0.1018932347 }, "geometry": { "type": "MultiPolygon", "coordinates": [ [ [ [ 127.538402308197547, 50.278130844522146 ], [ 127.538456931558272, 50.27835033549475 ], [ 127.538851465839628, 50.27835033549475 ], [ 127.538851465839628, 50.278063296622349 ], [ 127.538402308197547, 50.278063296622349 ], [ 127.538402308197547, 50.278130844522146 ] ] ] ] } },
{ "type": "Feature", "properties": { "fid": 828, "id": "281633", "Номера": [ 24.2, 24.8 ], "вес": 0.1018932347 }, "geometry": { "type": "MultiPolygon", "coordinates": [ [ [ [ 127.538720960221966, 50.277489213685307 ], [ 127.538650934922103, 50.277202169620665 ], [ 127.538402308197547, 50.277202169620665 ], [ 127.538402308197547, 50.277489213685307 ], [ 127.538720960221966, 50.277489213685307 ] ] ] ] } },
{ "type": "Feature", "properties": { "fid": 829, "id": "281635", "Номера": [ 24.2, 24.8 ], "вес": 0.1018932347 }, "geometry": { "type": "MultiPolygon", "coordinates": [ [ [ [ 127.538402308197547, 50.277776256019202 ], [ 127.538790985521814, 50.277776256019202 ], [ 127.538720960221966, 50.277489213685307 ], [ 127.538402308197547, 50.277489213685307 ], [ 127.538402308197547, 50.277776256019202 ] ] ] ] } },
{ "type": "Feature", "properties": { "fid": 830, "id": "281639", "Номера": [ 24.2, 24.8 ], "вес": 0.1018932347 }, "geometry": { "type": "MultiPolygon", "coordinates": [ [ [ [ 127.538402308197547, 50.277202169620665 ], [ 127.538650934922103, 50.277202169620665 ], [ 127.53858090962224, 50.27691512382529 ], [ 127.538402308197547, 50.27691512382529 ], [ 127.538402308197547, 50.277202169620665 ] ] ] ] } },
{ "type": "Feature", "properties": { "fid": 831, "id": "282125", "Номера": [ 24.3, 26.4 ], "вес": 0.096422833 }, "geometry": { "type": "MultiPolygon", "coordinates": [ [ [ [ 127.539395924807849, 50.287821647359706 ], [ 127.539749781123746, 50.287821647359706 ], [ 127.539749781123746, 50.287534665599928 ], [ 127.53930062348168, 50.287534665599928 ], [ 127.53930062348168, 50.287633081296015 ], [ 127.539395924807849, 50.287821647359706 ] ] ] ] } },
{ "type": "Feature", "properties": { "fid": 832, "id": "282126", "Номера": [ 24.3, 26.4 ], "вес": 0.096422833 }, "geometry": { "type": "MultiPolygon", "coordinates": [ [ [ [ 127.540016997912787, 50.287821647359706 ], [ 127.540198938765798, 50.287802272736904 ], [ 127.540198938765798, 50.287534665599928 ], [ 127.539749781123746, 50.287534665599928 ], [ 127.539749781123746, 50.287821647359706 ], [ 127.540016997912787, 50.287821647359706 ] ] ] ] } },
{ "type": "Feature", "properties": { "fid": 833, "id": "282130", "Номера": [ 24.3, 26.4 ], "вес": 0.096422833 }, "geometry": { "type": "MultiPolygon", "coordinates": [ [ [ [ 127.540198938765798, 50.286960696888471 ], [ 127.539788578531713, 50.286960696888471 ], [ 127.539855799403298, 50.287247682109523 ], [ 127.540198938765798, 50.287247682109523 ], [ 127.540198938765798, 50.286960696888471 ] ] ] ] } },
{ "type": "Feature", "properties": { "fid": 834, "id": "282131", "Номера": [ 24.3, 26.4 ], "вес": 0.096422833 }, "geometry": { "type": "MultiPolygon", "coordinates": [ [ [ [ 127.539749781123746, 50.287534665599928 ], [ 127.539749781123746, 50.287317325462297 ], [ 127.53930062348168, 50.287392332568224 ], [ 127.53930062348168, 50.287534665599928 ], [ 127.539749781123746, 50.287534665599928 ] ] ] ] } },
{ "type": "Feature", "properties": { "fid": 835, "id": "282132", "Номера": [ 24.3, 26.4 ], "вес": 0.096422833 }, "geometry": { "type": "MultiPolygon", "coordinates": [ [ [ [ 127.540198938765798, 50.287534665599928 ], [ 127.540198938765798, 50.287247682109523 ], [ 127.539855799403298, 50.287247682109523 ], [ 127.539867507174819, 50.287297665774162 ], [ 127.539749781123746, 50.287317325462297 ], [ 127.539749781123746, 50.287534665599928 ], [ 127.540198938765798, 50.287534665599928 ] ] ] ] } },
{ "type": "Feature", "properties": { "fid": 836, "id": "282134", "Номера": [ 24.3, 26.4 ], "вес": 0.096422833 }, "geometry": { "type": "MultiPolygon", "coordinates": [ [ [ [ 127.540198938765798, 50.286673709936792 ], [ 127.540198938765798, 50.286386721254459 ], [ 127.540121602225582, 50.286386721254459 ], [ 127.540122165072674, 50.286395352409173 ], [ 127.539749781123746, 50.286551091366029 ], [ 127.539749781123746, 50.286673709936792 ], [ 127.540198938765798, 50.286673709936792 ] ] ] ] } },
{ "type": "Feature", "properties": { "fid": 837, "id": "282136", "Номера": [ 24.3, 26.4 ], "вес": 0.096422833 }, "geometry": { "type": "MultiPolygon", "coordinates": [ [ [ [ 127.539788578531713, 50.286960696888471 ], [ 127.540198938765798, 50.286960696888471 ], [ 127.540198938765798, 50.286673709936792 ], [ 127.539749781123746, 50.286673709936792 ], [ 127.539749781123746, 50.286795058815251 ], [ 127.539788578531713, 50.286960696888471 ] ] ] ] } },
{ "type": "Feature", "properties": { "fid": 838, "id": "282150", "Номера": [ 24.2, 24.8 ], "вес": 0.1018932347 }, "geometry": { "type": "MultiPolygon", "coordinates": [ [ [ [ 127.540198938765798, 50.284090749492258 ], [ 127.539947767662525, 50.284090749492258 ], [ 127.540022627269551, 50.28437775201985 ], [ 127.540198938765798, 50.28437775201985 ], [ 127.540198938765798, 50.284090749492258 ] ] ] ] } },
{ "type": "Feature", "properties": { "fid": 839, "id": "282154", "Номера": [ 24.2, 24.8 ], "вес": 0.1018932347 }, "geometry": { "type": "MultiPolygon", "coordinates": [ [ [ [ 127.540198938765798, 50.283547262644504 ], [ 127.540191491518968, 50.283516739245051 ], [ 127.539798048448517, 50.283516739245051 ], [ 127.539872908055514, 50.283803745233996 ], [ 127.540198938765798, 50.283803745233996 ], [ 127.540198938765798, 50.283547262644504 ] ] ] ] } },
{ "type": "Feature", "properties": { "fid": 840, "id": "282156", "Номера": [ 24.2, 24.8 ], "вес": 0.1018932347 }, "geometry": { "type": "MultiPolygon", "coordinates": [ [ [ [ 127.540198938765798, 50.283803745233996 ], [ 127.539872908055514, 50.283803745233996 ], [ 127.539947767662525, 50.284090749492258 ], [ 127.540198938765798, 50.284090749492258 ], [ 127.540198938765798, 50.283803745233996 ] ] ] ] } },
{ "type": "Feature", "properties": { "fid": 841, "id": "282158", "Номера": [ 24.2, 24.8 ], "вес": 0.1018932347 }, "geometry": { "type": "MultiPolygon", "coordinates": [ [ [ [ 127.540121466219119, 50.283229731525424 ], [ 127.540051440919257, 50.282942722075113 ], [ 127.539749781123746, 50.282942722075113 ], [ 127.539749781123746, 50.283229731525424 ], [ 127.540121466219119, 50.283229731525424 ] ] ] ] } },
{ "type": "Feature", "properties": { "fid": 842, "id": "282160", "Номера": [ 24.2, 24.8 ], "вес": 0.1018932347 }, "geometry": { "type": "MultiPolygon", "coordinates": [ [ [ [ 127.539798048448517, 50.283516739245051 ], [ 127.540191491518968, 50.283516739245051 ], [ 127.540121466219119, 50.283229731525424 ], [ 127.539749781123746, 50.283229731525424 ], [ 127.539749781123746, 50.283331685108017 ], [ 127.539798048448517, 50.283516739245051 ] ] ] ] } },
{ "type": "Feature", "properties": { "fid": 843, "id": "282161", "Номера": [ 24.2, 24.8 ], "вес": 0.1018932347 }, "geometry": { "type": "MultiPolygon", "coordinates": [ [ [ [ 127.539749781123746, 50.282368697982449 ], [ 127.539498610020473, 50.282368697982449 ], [ 127.53957346962747, 50.282655710894119 ], [ 127.539749781123746, 50.282655710894119 ], [ 127.539749781123746, 50.282368697982449 ] ] ] ] } },
{ "type": "Feature", "properties": { "fid": 844, "id": "282162", "Номера": [ 24.2, 24.8 ], "вес": 0.1018932347 }, "geometry": { "type": "MultiPolygon", "coordinates": [ [ [ [ 127.539981415619394, 50.282655710894119 ], [ 127.539911390319531, 50.282368697982449 ], [ 127.539749781123746, 50.282368697982449 ], [ 127.539749781123746, 50.282655710894119 ], [ 127.539981415619394, 50.282655710894119 ] ] ] ] } },
{ "type": "Feature", "properties": { "fid": 845, "id": "282164", "Номера": [ 24.2, 24.8 ], "вес": 0.1018932347 }, "geometry": { "type": "MultiPolygon", "coordinates": [ [ [ [ 127.540051440919257, 50.282942722075113 ], [ 127.539981415619394, 50.282655710894119 ], [ 127.539749781123746, 50.282655710894119 ], [ 127.539749781123746, 50.282942722075113 ], [ 127.540051440919257, 50.282942722075113 ] ] ] ] } },
{ "type": "Feature", "properties": { "fid": 846, "id": "282165", "Номера": [ 24.2, 24.8 ], "вес": 0.1018932347 }, "geometry": { "type": "MultiPolygon", "coordinates": [ [ [ [ 127.539749781123746, 50.281794666967002 ], [ 127.539348890806451, 50.281794666967002 ], [ 127.539423750413448, 50.282081683340074 ], [ 127.539749781123746, 50.282081683340074 ], [ 127.539749781123746, 50.281794666967002 ] ] ] ] } },
{ "type": "Feature", "properties": { "fid": 847, "id": "282167", "Номера": [ 24.2, 24.8 ], "вес": 0.1018932347 }, "geometry": { "type": "MultiPolygon", "coordinates": [ [ [ [ 127.539498610020473, 50.282368697982449 ], [ 127.539749781123746, 50.282368697982449 ], [ 127.539749781123746, 50.282081683340074 ], [ 127.539423750413448, 50.282081683340074 ], [ 127.539498610020473, 50.282368697982449 ] ] ] ] } },
{ "type": "Feature", "properties": { "fid": 848, "id": "282169", "Номера": [ 24.2, 24.8 ], "вес": 0.1018932347 }, "geometry": { "type": "MultiPolygon", "coordinates": [ [ [ [ 127.539701314419986, 50.281507648863233 ], [ 127.539631289120123, 50.281220629028766 ], [ 127.53930062348168, 50.281220629028766 ], [ 127.53930062348168, 50.281507648863233 ], [ 127.539701314419986, 50.281507648863233 ] ] ] ] } },
{ "type": "Feature", "properties": { "fid": 849, "id": "282171", "Номера": [ 24.2, 24.8 ], "вес": 0.1018932347 }, "geometry": { "type": "MultiPolygon", "coordinates": [ [ [ [ 127.53930062348168, 50.281609606134587 ], [ 127.539348890806451, 50.281794666967002 ], [ 127.539749781123746, 50.281794666967002 ], [ 127.539749781123746, 50.281706303268898 ], [ 127.539701314419986, 50.281507648863233 ], [ 127.53930062348168, 50.281507648863233 ], [ 127.53930062348168, 50.281609606134587 ] ] ] ] } },
{ "type": "Feature", "properties": { "fid": 850, "id": "282173", "Номера": [ 24.2, 24.8 ], "вес": 0.1018932347 }, "geometry": { "type": "MultiPolygon", "coordinates": [ [ [ [ 127.539561263820246, 50.280933607463595 ], [ 127.539491238520384, 50.280646584167705 ], [ 127.53930062348168, 50.280646584167705 ], [ 127.53930062348168, 50.280933607463595 ], [ 127.539561263820246, 50.280933607463595 ] ] ] ] } },
{ "type": "Feature", "properties": { "fid": 851, "id": "282175", "Номера": [ 24.2, 24.8 ], "вес": 0.1018932347 }, "geometry": { "type": "MultiPolygon", "coordinates": [ [ [ [ 127.53930062348168, 50.281220629028766 ], [ 127.539631289120123, 50.281220629028766 ], [ 127.539561263820246, 50.280933607463595 ], [ 127.53930062348168, 50.280933607463595 ], [ 127.53930062348168, 50.281220629028766 ] ] ] ] } },
{ "type": "Feature", "properties": { "fid": 852, "id": "282179", "Номера": [ 24.2, 24.8 ], "вес": 0.1018932347 }, "geometry": { "type": "MultiPolygon", "coordinates": [ [ [ [ 127.53930062348168, 50.280646584167705 ], [ 127.539491238520384, 50.280646584167705 ], [ 127.53942121322055, 50.280359559141111 ], [ 127.53930062348168, 50.280359559141111 ], [ 127.53930062348168, 50.280646584167705 ] ] ] ] } },
{ "type": "Feature", "properties": { "fid": 853, "id": "282693", "Номера": [ 24.3, 26.4 ], "вес": 0.096422833 }, "geometry": { "type": "MultiPolygon", "coordinates": [ [ [ [ 127.54064809640785, 50.287754442544312 ], [ 127.54064809640785, 50.287534665599928 ], [ 127.540198938765798, 50.287534665599928 ], [ 127.540198938765798, 50.287802272736904 ], [ 127.54064809640785, 50.287754442544312 ] ] ] ] } },
{ "type": "Feature", "properties": { "fid": 854, "id": "282694", "Номера": [ 24.3, 26.4 ], "вес": 0.096422833 }, "geometry": { "type": "MultiPolygon", "coordinates": [ [ [ [ 127.54109725404993, 50.287706612303658 ], [ 127.54109725404993, 50.287534665599928 ], [ 127.54064809640785, 50.287534665599928 ], [ 127.54064809640785, 50.287754442544312 ], [ 127.54109725404993, 50.287706612303658 ] ] ] ] } },
{ "type": "Feature", "properties": { "fid": 855, "id": "282697", "Номера": [ 26.4, 24.3 ], "вес": 0.096422833 }, "geometry": { "type": "MultiPolygon", "coordinates": [ [ [ [ 127.54064809640785, 50.287247682109523 ], [ 127.54064809640785, 50.286960696888471 ], [ 127.540198938765798, 50.286960696888471 ], [ 127.540198938765798, 50.287247682109523 ], [ 127.54064809640785, 50.287247682109523 ] ] ] ] } },
{ "type": "Feature", "properties": { "fid": 856, "id": "282698", "Номера": [ 26.4, 24.3 ], "вес": 0.096422833 }, "geometry": { "type": "MultiPolygon", "coordinates": [ [ [ [ 127.54109725404993, 50.287247682109523 ], [ 127.54109725404993, 50.286960696888471 ], [ 127.54064809640785, 50.286960696888471 ], [ 127.54064809640785, 50.287247682109523 ], [ 127.54109725404993, 50.287247682109523 ] ] ] ] } },
{ "type": "Feature", "properties": { "fid": 857, "id": "282699", "Номера": [ 26.4, 24.3 ], "вес": 0.096422833 }, "geometry": { "type": "MultiPolygon", "coordinates": [ [ [ [ 127.540198938765798, 50.287534665599928 ], [ 127.54064809640785, 50.287534665599928 ], [ 127.54064809640785, 50.287247682109523 ], [ 127.540198938765798, 50.287247682109523 ], [ 127.540198938765798, 50.287534665599928 ] ] ] ] } },
{ "type": "Feature", "properties": { "fid": 858, "id": "282700", "Номера": [ 26.4, 24.3 ], "вес": 0.096422833 }, "geometry": { "type": "MultiPolygon", "coordinates": [ [ [ [ 127.54109725404993, 50.287534665599928 ], [ 127.54109725404993, 50.287247682109523 ], [ 127.54064809640785, 50.287247682109523 ], [ 127.54064809640785, 50.287534665599928 ], [ 127.54109725404993, 50.287534665599928 ] ] ] ] } },
{ "type": "Feature", "properties": { "fid": 859, "id": "282701", "Номера": [ 24.3, 26.4 ], "вес": 0.096422833 }, "geometry": { "type": "MultiPolygon", "coordinates": [ [ [ [ 127.54064809640785, 50.286673709936792 ], [ 127.54064809640785, 50.286386721254459 ], [ 127.540198938765798, 50.286386721254459 ], [ 127.540198938765798, 50.286673709936792 ], [ 127.54064809640785, 50.286673709936792 ] ] ] ] } },
{ "type": "Feature", "properties": { "fid": 860, "id": "282702", "Номера": [ 24.3, 26.4 ], "вес": 0.096422833 }, "geometry": { "type": "MultiPolygon", "coordinates": [ [ [ [ 127.54109725404993, 50.286673709936792 ], [ 127.54109725404993, 50.286386721254459 ], [ 127.54064809640785, 50.286386721254459 ], [ 127.54064809640785, 50.286673709936792 ], [ 127.54109725404993, 50.286673709936792 ] ] ] ] } },
{ "type": "Feature", "properties": { "fid": 861, "id": "282703", "Номера": [ 24.3, 26.4 ], "вес": 0.096422833 }, "geometry": { "type": "MultiPolygon", "coordinates": [ [ [ [ 127.540198938765798, 50.286960696888471 ], [ 127.54064809640785, 50.286960696888471 ], [ 127.54064809640785, 50.286673709936792 ], [ 127.540198938765798, 50.286673709936792 ], [ 127.540198938765798, 50.286960696888471 ] ] ] ] } },
{ "type": "Feature", "properties": { "fid": 862, "id": "282704", "Номера": [ 24.3, 26.4 ], "вес": 0.096422833 }, "geometry": { "type": "MultiPolygon", "coordinates": [ [ [ [ 127.54109725404993, 50.286960696888471 ], [ 127.54109725404993, 50.286673709936792 ], [ 127.54064809640785, 50.286673709936792 ], [ 127.54064809640785, 50.286960696888471 ], [ 127.54109725404993, 50.286960696888471 ] ] ] ] } },
{ "type": "Feature", "properties": { "fid": 863, "id": "282705", "Номера": [ 24.2, 24.8 ], "вес": 0.1018932347 }, "geometry": { "type": "MultiPolygon", "coordinates": [ [ [ [ 127.54064809640785, 50.285812738697857 ], [ 127.540412029896075, 50.285812738697857 ], [ 127.540491167194929, 50.286099730841485 ], [ 127.54064809640785, 50.286099730841485 ], [ 127.54064809640785, 50.285812738697857 ] ] ] ] } },
{ "type": "Feature", "properties": { "fid": 864, "id": "282707", "Номера": [ 24.3, 26.4 ], "вес": 0.096422833 }, "geometry": { "type": "MultiPolygon", "coordinates": [ [ [ [ 127.540198938765798, 50.286148614776479 ], [ 127.540198938765798, 50.286386721254459 ], [ 127.54064809640785, 50.286386721254459 ], [ 127.54064809640785, 50.286099730841485 ], [ 127.540646887949919, 50.286099730841485 ], [ 127.540198938765798, 50.286148614776479 ] ] ] ] } },
{ "type": "Feature", "properties": { "fid": 865, "id": "282708", "Номера": [ 24.3, 26.4 ], "вес": 0.096422833 }, "geometry": { "type": "MultiPolygon", "coordinates": [ [ [ [ 127.54109725404993, 50.286386721254459 ], [ 127.54109725404993, 50.286099730841485 ], [ 127.54064809640785, 50.286099730841485 ], [ 127.54064809640785, 50.286386721254459 ], [ 127.54109725404993, 50.286386721254459 ] ] ] ] } },
{ "type": "Feature", "properties": { "fid": 866, "id": "282709", "Номера": [ 24.2, 24.8 ], "вес": 0.1018932347 }, "geometry": { "type": "MultiPolygon", "coordinates": [ [ [ [ 127.54064809640785, 50.285388150816168 ], [ 127.54061164331813, 50.285238749218642 ], [ 127.540253755298394, 50.285238749218642 ], [ 127.540332892597249, 50.285525744823573 ], [ 127.54064809640785, 50.285525744823573 ], [ 127.54064809640785, 50.285388150816168 ] ] ] ] } },
{ "type": "Feature", "properties": { "fid": 867, "id": "282711", "Номера": [ 24.2, 24.8 ], "вес": 0.1018932347 }, "geometry": { "type": "MultiPolygon", "coordinates": [ [ [ [ 127.540412029896075, 50.285812738697857 ], [ 127.54064809640785, 50.285812738697857 ], [ 127.54064809640785, 50.285525744823573 ], [ 127.540332892597249, 50.285525744823573 ], [ 127.540412029896075, 50.285812738697857 ] ] ] ] } },
{ "type": "Feature", "properties": { "fid": 868, "id": "282713", "Номера": [ 24.2, 24.8 ], "вес": 0.1018932347 }, "geometry": { "type": "MultiPolygon", "coordinates": [ [ [ [ 127.540541618018267, 50.284951751883042 ], [ 127.540471592718404, 50.284664752816781 ], [ 127.540198938765798, 50.284664752816781 ], [ 127.540198938765798, 50.284951751883042 ], [ 127.540541618018267, 50.284951751883042 ] ] ] ] } },
{ "type": "Feature", "properties": { "fid": 869, "id": "282715", "Номера": [ 24.2, 24.8 ], "вес": 0.1018932347 }, "geometry": { "type": "MultiPolygon", "coordinates": [ [ [ [ 127.540198938765798, 50.285039953145841 ], [ 127.540253755298394, 50.285238749218642 ], [ 127.54061164331813, 50.285238749218642 ], [ 127.540541618018267, 50.284951751883042 ], [ 127.540198938765798, 50.284951751883042 ], [ 127.540198938765798, 50.285039953145841 ] ] ] ] } },
{ "type": "Feature", "properties": { "fid": 870, "id": "282717", "Номера": [ 24.2, 24.8 ], "вес": 0.1018932347 }, "geometry": { "type": "MultiPolygon", "coordinates": [ [ [ [ 127.540401567418556, 50.28437775201985 ], [ 127.540331542118693, 50.284090749492258 ], [ 127.540198938765798, 50.284090749492258 ], [ 127.540198938765798, 50.28437775201985 ], [ 127.540401567418556, 50.28437775201985 ] ] ] ] } },
{ "type": "Feature", "properties": { "fid": 871, "id": "282719", "Номера": [ 24.2, 24.8 ], "вес": 0.1018932347 }, "geometry": { "type": "MultiPolygon", "coordinates": [ [ [ [ 127.540198938765798, 50.284664752816781 ], [ 127.540471592718404, 50.284664752816781 ], [ 127.540401567418556, 50.28437775201985 ], [ 127.540198938765798, 50.28437775201985 ], [ 127.540198938765798, 50.284664752816781 ] ] ] ] } },
{ "type": "Feature", "properties": { "fid": 872, "id": "283221", "Номера": [ 24.3, 26.4 ], "вес": 0.096422833 }, "geometry": { "type": "MultiPolygon", "coordinates": [ [ [ [ 127.541546411691982, 50.287658782014915 ], [ 127.541546411691982, 50.287534665599928 ], [ 127.54109725404993, 50.287534665599928 ], [ 127.54109725404993, 50.287706612303658 ], [ 127.541546411691982, 50.287658782014915 ] ] ] ] } },
{ "type": "Feature", "properties": { "fid": 873, "id": "283222", "Номера": [ 24.3, 26.4 ], "вес": 0.096422833 }, "geometry": { "type": "MultiPolygon", "coordinates": [ [ [ [ 127.541995569334048, 50.287610951678118 ], [ 127.541995569334048, 50.287534665599928 ], [ 127.541546411691982, 50.287534665599928 ], [ 127.541546411691982, 50.287658782014915 ], [ 127.541995569334048, 50.287610951678118 ] ] ] ] } },
{ "type": "Feature", "properties": { "fid": 874, "id": "283225", "Номера": [ 26.4, 24.3 ], "вес": 0.096422833 }, "geometry": { "type": "MultiPolygon", "coordinates": [ [ [ [ 127.541546411691982, 50.287247682109523 ], [ 127.541546411691982, 50.286960696888471 ], [ 127.54109725404993, 50.286960696888471 ], [ 127.54109725404993, 50.287247682109523 ], [ 127.541546411691982, 50.287247682109523 ] ] ] ] } },
{ "type": "Feature", "properties": { "fid": 875, "id": "283226", "Номера": [ 26.4, 24.3 ], "вес": 0.096422833 }, "geometry": { "type": "MultiPolygon", "coordinates": [ [ [ [ 127.541995569334048, 50.287247682109523 ], [ 127.541995569334048, 50.286960696888471 ], [ 127.541546411691982, 50.286960696888471 ], [ 127.541546411691982, 50.287247682109523 ], [ 127.541995569334048, 50.287247682109523 ] ] ] ] } },
{ "type": "Feature", "properties": { "fid": 876, "id": "283227", "Номера": [ 26.4, 24.3 ], "вес": 0.096422833 }, "geometry": { "type": "MultiPolygon", "coordinates": [ [ [ [ 127.54109725404993, 50.287534665599928 ], [ 127.541546411691982, 50.287534665599928 ], [ 127.541546411691982, 50.287247682109523 ], [ 127.54109725404993, 50.287247682109523 ], [ 127.54109725404993, 50.287534665599928 ] ] ] ] } },
{ "type": "Feature", "properties": { "fid": 877, "id": "283228", "Номера": [ 26.4, 24.3 ], "вес": 0.096422833 }, "geometry": { "type": "MultiPolygon", "coordinates": [ [ [ [ 127.541995569334048, 50.287534665599928 ], [ 127.541995569334048, 50.287247682109523 ], [ 127.541546411691982, 50.287247682109523 ], [ 127.541546411691982, 50.287534665599928 ], [ 127.541995569334048, 50.287534665599928 ] ] ] ] } },
{ "type": "Feature", "properties": { "fid": 878, "id": "283229", "Номера": [ 24.3, 26.4 ], "вес": 0.096422833 }, "geometry": { "type": "MultiPolygon", "coordinates": [ [ [ [ 127.541546411691982, 50.286673709936792 ], [ 127.541546411691982, 50.286386721254459 ], [ 127.54109725404993, 50.286386721254459 ], [ 127.54109725404993, 50.286673709936792 ], [ 127.541546411691982, 50.286673709936792 ] ] ] ] } },
{ "type": "Feature", "properties": { "fid": 879, "id": "283230", "Номера": [ 24.3, 26.4 ], "вес": 0.096422833 }, "geometry": { "type": "MultiPolygon", "coordinates": [ [ [ [ 127.541995569334048, 50.286673709936792 ], [ 127.541995569334048, 50.286386721254459 ], [ 127.541546411691982, 50.286386721254459 ], [ 127.541546411691982, 50.286673709936792 ], [ 127.541995569334048, 50.286673709936792 ] ] ] ] } },
{ "type": "Feature", "properties": { "fid": 880, "id": "283231", "Номера": [ 24.3, 26.4 ], "вес": 0.096422833 }, "geometry": { "type": "MultiPolygon", "coordinates": [ [ [ [ 127.54109725404993, 50.286960696888471 ], [ 127.541546411691982, 50.286960696888471 ], [ 127.541546411691982, 50.286673709936792 ], [ 127.54109725404993, 50.286673709936792 ], [ 127.54109725404993, 50.286960696888471 ] ] ] ] } },
{ "type": "Feature", "properties": { "fid": 881, "id": "283232", "Номера": [ 24.3, 26.4 ], "вес": 0.096422833 }, "geometry": { "type": "MultiPolygon", "coordinates": [ [ [ [ 127.541995569334048, 50.286960696888471 ], [ 127.541995569334048, 50.286673709936792 ], [ 127.541546411691982, 50.286673709936792 ], [ 127.541546411691982, 50.286960696888471 ], [ 127.541995569334048, 50.286960696888471 ] ] ] ] } },
{ "type": "Feature", "properties": { "fid": 882, "id": "283234", "Номера": [ 24.3, 26.4 ], "вес": 0.096422833 }, "geometry": { "type": "MultiPolygon", "coordinates": [ [ [ [ 127.541995569334048, 50.286099730841485 ], [ 127.541995569334048, 50.285952551225449 ], [ 127.541546411691982, 50.286001567188933 ], [ 127.541546411691982, 50.286099730841485 ], [ 127.541995569334048, 50.286099730841485 ] ] ] ] } },
{ "type": "Feature", "properties": { "fid": 883, "id": "283235", "Номера": [ 24.3, 26.4 ], "вес": 0.096422833 }, "geometry": { "type": "MultiPolygon", "coordinates": [ [ [ [ 127.54109725404993, 50.286386721254459 ], [ 127.541546411691982, 50.286386721254459 ], [ 127.541546411691982, 50.286099730841485 ], [ 127.54109725404993, 50.286099730841485 ], [ 127.54109725404993, 50.286386721254459 ] ] ] ] } },
{ "type": "Feature", "properties": { "fid": 884, "id": "283236", "Номера": [ 24.3, 26.4 ], "вес": 0.096422833 }, "geometry": { "type": "MultiPolygon", "coordinates": [ [ [ [ 127.541995569334048, 50.286386721254459 ], [ 127.541995569334048, 50.286099730841485 ], [ 127.541546411691982, 50.286099730841485 ], [ 127.541546411691982, 50.286386721254459 ], [ 127.541995569334048, 50.286386721254459 ] ] ] ] } },
{ "type": "Feature", "properties": { "fid": 885, "id": "283733", "Номера": [ 24.3, 26.4 ], "вес": 0.096422833 }, "geometry": { "type": "MultiPolygon", "coordinates": [ [ [ [ 127.5424447269761, 50.287247682109523 ], [ 127.5424447269761, 50.286960696888471 ], [ 127.541995569334048, 50.286960696888471 ], [ 127.541995569334048, 50.287247682109523 ], [ 127.5424447269761, 50.287247682109523 ] ] ] ] } },
{ "type": "Feature", "properties": { "fid": 886, "id": "283734", "Номера": [ 24.3, 26.4 ], "вес": 0.096422833 }, "geometry": { "type": "MultiPolygon", "coordinates": [ [ [ [ 127.542893884618152, 50.287247682109523 ], [ 127.542893884618152, 50.286960696888471 ], [ 127.5424447269761, 50.286960696888471 ], [ 127.5424447269761, 50.287247682109523 ], [ 127.542893884618152, 50.287247682109523 ] ] ] ] } },
{ "type": "Feature", "properties": { "fid": 887, "id": "283735", "Номера": [ 24.3, 26.4 ], "вес": 0.096422833 }, "geometry": { "type": "MultiPolygon", "coordinates": [ [ [ [ 127.541995569334048, 50.287534665599928 ], [ 127.5424447269761, 50.287534665599928 ], [ 127.5424447269761, 50.287247682109523 ], [ 127.541995569334048, 50.287247682109523 ], [ 127.541995569334048, 50.287534665599928 ] ] ] ] } },
{ "type": "Feature", "properties": { "fid": 888, "id": "283736", "Номера": [ 24.3, 26.4 ], "вес": 0.096422833 }, "geometry": { "type": "MultiPolygon", "coordinates": [ [ [ [ 127.54271194376517, 50.287534665599928 ], [ 127.542893884618152, 50.287515290860291 ], [ 127.542893884618152, 50.287247682109523 ], [ 127.5424447269761, 50.287247682109523 ], [ 127.5424447269761, 50.287534665599928 ], [ 127.54271194376517, 50.287534665599928 ] ] ] ] } },
{ "type": "Feature", "properties": { "fid": 889, "id": "283737", "Номера": [ 24.3, 26.4 ], "вес": 0.096422833 }, "geometry": { "type": "MultiPolygon", "coordinates": [ [ [ [ 127.5424447269761, 50.286673709936792 ], [ 127.5424447269761, 50.286386721254459 ], [ 127.541995569334048, 50.286386721254459 ], [ 127.541995569334048, 50.286673709936792 ], [ 127.5424447269761, 50.286673709936792 ] ] ] ] } },
{ "type": "Feature", "properties": { "fid": 890, "id": "283738", "Номера": [ 24.3, 26.4 ], "вес": 0.096422833 }, "geometry": { "type": "MultiPolygon", "coordinates": [ [ [ [ 127.542893884618152, 50.286673709936792 ], [ 127.542893884618152, 50.286386721254459 ], [ 127.5424447269761, 50.286386721254459 ], [ 127.5424447269761, 50.286673709936792 ], [ 127.542893884618152, 50.286673709936792 ] ] ] ] } },
{ "type": "Feature", "properties": { "fid": 891, "id": "283739", "Номера": [ 24.3, 26.4 ], "вес": 0.096422833 }, "geometry": { "type": "MultiPolygon", "coordinates": [ [ [ [ 127.541995569334048, 50.286960696888471 ], [ 127.5424447269761, 50.286960696888471 ], [ 127.5424447269761, 50.286673709936792 ], [ 127.541995569334048, 50.286673709936792 ], [ 127.541995569334048, 50.286960696888471 ] ] ] ] } },
{ "type": "Feature", "properties": { "fid": 892, "id": "283740", "Номера": [ 24.3, 26.4 ], "вес": 0.096422833 }, "geometry": { "type": "MultiPolygon", "coordinates": [ [ [ [ 127.542893884618152, 50.286960696888471 ], [ 127.542893884618152, 50.286673709936792 ], [ 127.5424447269761, 50.286673709936792 ], [ 127.5424447269761, 50.286960696888471 ], [ 127.542893884618152, 50.286960696888471 ] ] ] ] } },
{ "type": "Feature", "properties": { "fid": 893, "id": "283741", "Номера": [ 24.3, 26.4 ], "вес": 0.096422833 }, "geometry": { "type": "MultiPolygon", "coordinates": [ [ [ [ 127.5424447269761, 50.286099730841485 ], [ 127.5424447269761, 50.285903535211489 ], [ 127.541995569334048, 50.285952551225449 ], [ 127.541995569334048, 50.286099730841485 ], [ 127.5424447269761, 50.286099730841485 ] ] ] ] } },
{ "type": "Feature", "properties": { "fid": 894, "id": "283742", "Номера": [ 24.3, 26.4 ], "вес": 0.096422833 }, "geometry": { "type": "MultiPolygon", "coordinates": [ [ [ [ 127.542893884618152, 50.286099730841485 ], [ 127.542893884618152, 50.285854519147037 ], [ 127.5424447269761, 50.285903535211489 ], [ 127.5424447269761, 50.286099730841485 ], [ 127.542893884618152, 50.286099730841485 ] ] ] ] } },
{ "type": "Feature", "properties": { "fid": 895, "id": "283743", "Номера": [ 24.3, 26.4 ], "вес": 0.096422833 }, "geometry": { "type": "MultiPolygon", "coordinates": [ [ [ [ 127.541995569334048, 50.286386721254459 ], [ 127.5424447269761, 50.286386721254459 ], [ 127.5424447269761, 50.286099730841485 ], [ 127.541995569334048, 50.286099730841485 ], [ 127.541995569334048, 50.286386721254459 ] ] ] ] } },
{ "type": "Feature", "properties": { "fid": 896, "id": "283744", "Номера": [ 24.3, 26.4 ], "вес": 0.096422833 }, "geometry": { "type": "MultiPolygon", "coordinates": [ [ [ [ 127.542893884618152, 50.286386721254459 ], [ 127.542893884618152, 50.286099730841485 ], [ 127.5424447269761, 50.286099730841485 ], [ 127.5424447269761, 50.286386721254459 ], [ 127.542893884618152, 50.286386721254459 ] ] ] ] } },
{ "type": "Feature", "properties": { "fid": 897, "id": "284221", "Номера": [ 24.3, 26.4 ], "вес": 0.096422833 }, "geometry": { "type": "MultiPolygon", "coordinates": [ [ [ [ 127.543343042260233, 50.287247682109523 ], [ 127.543343042260233, 50.286960696888471 ], [ 127.542893884618152, 50.286960696888471 ], [ 127.542893884618152, 50.287247682109523 ], [ 127.543343042260233, 50.287247682109523 ] ] ] ] } },
{ "type": "Feature", "properties": { "fid": 898, "id": "284222", "Номера": [ 24.3, 26.4 ], "вес": 0.096422833 }, "geometry": { "type": "MultiPolygon", "coordinates": [ [ [ [ 127.543688092762338, 50.287247682109523 ], [ 127.543614672763155, 50.286960696888471 ], [ 127.543343042260233, 50.286960696888471 ], [ 127.543343042260233, 50.287247682109523 ], [ 127.543688092762338, 50.287247682109523 ] ] ] ] } },
{ "type": "Feature", "properties": { "fid": 899, "id": "284223", "Номера": [ 24.3, 26.4 ], "вес": 0.096422833 }, "geometry": { "type": "MultiPolygon", "coordinates": [ [ [ [ 127.542893884618152, 50.287515290860291 ], [ 127.543343042260233, 50.287467460379261 ], [ 127.543343042260233, 50.287247682109523 ], [ 127.542893884618152, 50.287247682109523 ], [ 127.542893884618152, 50.287515290860291 ] ] ] ] } },
{ "type": "Feature", "properties": { "fid": 900, "id": "284224", "Номера": [ 24.3, 26.4 ], "вес": 0.096422833 }, "geometry": { "type": "MultiPolygon", "coordinates": [ [ [ [ 127.543733677078322, 50.287425861913469 ], [ 127.543688092762338, 50.287247682109523 ], [ 127.543343042260233, 50.287247682109523 ], [ 127.543343042260233, 50.287467460379261 ], [ 127.543733677078322, 50.287425861913469 ] ] ] ] } },
{ "type": "Feature", "properties": { "fid": 901, "id": "284225", "Номера": [ 24.3, 26.4 ], "вес": 0.096422833 }, "geometry": { "type": "MultiPolygon", "coordinates": [ [ [ [ 127.543343042260233, 50.286673709936792 ], [ 127.543343042260233, 50.286386721254459 ], [ 127.542893884618152, 50.286386721254459 ], [ 127.542893884618152, 50.286673709936792 ], [ 127.543343042260233, 50.286673709936792 ] ] ] ] } },
{ "type": "Feature", "properties": { "fid": 902, "id": "284226", "Номера": [ 24.3, 26.4 ], "вес": 0.096422833 }, "geometry": { "type": "MultiPolygon", "coordinates": [ [ [ [ 127.543541252763987, 50.286673709936792 ], [ 127.54346783276479, 50.286386721254459 ], [ 127.543343042260233, 50.286386721254459 ], [ 127.543343042260233, 50.286673709936792 ], [ 127.543541252763987, 50.286673709936792 ] ] ] ] } },
{ "type": "Feature", "properties": { "fid": 903, "id": "284227", "Номера": [ 24.3, 26.4 ], "вес": 0.096422833 }, "geometry": { "type": "MultiPolygon", "coordinates": [ [ [ [ 127.542893884618152, 50.286960696888471 ], [ 127.543343042260233, 50.286960696888471 ], [ 127.543343042260233, 50.286673709936792 ], [ 127.542893884618152, 50.286673709936792 ], [ 127.542893884618152, 50.286960696888471 ] ] ] ] } },
{ "type": "Feature", "properties": { "fid": 904, "id": "284228", "Номера": [ 24.3, 26.4 ], "вес": 0.096422833 }, "geometry": { "type": "MultiPolygon", "coordinates": [ [ [ [ 127.543614672763155, 50.286960696888471 ], [ 127.543541252763987, 50.286673709936792 ], [ 127.543343042260233, 50.286673709936792 ], [ 127.543343042260233, 50.286960696888471 ], [ 127.543614672763155, 50.286960696888471 ] ] ] ] } },
{ "type": "Feature", "properties": { "fid": 905, "id": "284229", "Номера": [ 24.3, 26.4 ], "вес": 0.096422833 }, "geometry": { "type": "MultiPolygon", "coordinates": [ [ [ [ 127.543343042260233, 50.286099730841485 ], [ 127.543343042260233, 50.285898928358847 ], [ 127.543340114872578, 50.285887485449841 ], [ 127.543224361282668, 50.285818454570915 ], [ 127.542893884618152, 50.285854519147037 ], [ 127.542893884618152, 50.286099730841485 ], [ 127.543343042260233, 50.286099730841485 ] ] ] ] } },
{ "type": "Feature", "properties": { "fid": 906, "id": "284231", "Номера": [ 24.3, 26.4 ], "вес": 0.096422833 }, "geometry": { "type": "MultiPolygon", "coordinates": [ [ [ [ 127.542893884618152, 50.286386721254459 ], [ 127.543343042260233, 50.286386721254459 ], [ 127.543343042260233, 50.286099730841485 ], [ 127.542893884618152, 50.286099730841485 ], [ 127.542893884618152, 50.286386721254459 ] ] ] ] } },
{ "type": "Feature", "properties": { "fid": 907, "id": "286082", "Номера": [ 26.3, 26.8 ], "вес": 0.0908181818 }, "geometry": { "type": "MultiPolygon", "coordinates": [ [ [ [ 127.547282184606161, 50.25222271033045 ], [ 127.547385461038743, 50.25222271033045 ], [ 127.547385461038743, 50.251935513947423 ], [ 127.546936303396706, 50.251935513947423 ], [ 127.546936303396706, 50.25193807504629 ], [ 127.547282184606161, 50.25222271033045 ] ] ] ] } },
{ "type": "Feature", "properties": { "fid": 908, "id": "286085", "Номера": [ 26.3, 26.8 ], "вес": 0.0908181818 }, "geometry": { "type": "MultiPolygon", "coordinates": [ [ [ [ 127.546584197847864, 50.251648315833364 ], [ 127.546936303396706, 50.251648315833364 ], [ 127.546936303396706, 50.25136111598826 ], [ 127.546487145754654, 50.25136111598826 ], [ 127.546487145754654, 50.251568448170644 ], [ 127.546584197847864, 50.251648315833364 ] ] ] ] } },
{ "type": "Feature", "properties": { "fid": 909, "id": "286086", "Номера": [ 26.3, 26.8 ], "вес": 0.0908181818 }, "geometry": { "type": "MultiPolygon", "coordinates": [ [ [ [ 127.547385461038743, 50.251648315833364 ], [ 127.547385461038743, 50.25136111598826 ], [ 127.546936303396706, 50.25136111598826 ], [ 127.546936303396706, 50.251648315833364 ], [ 127.547385461038743, 50.251648315833364 ] ] ] ] } },
{ "type": "Feature", "properties": { "fid": 910, "id": "286087", "Номера": [ 26.3, 26.8 ], "вес": 0.0908181818 }, "geometry": { "type": "MultiPolygon", "coordinates": [ [ [ [ 127.546933191227026, 50.251935513947423 ], [ 127.546936303396706, 50.251935513947423 ], [ 127.546936303396706, 50.251648315833364 ], [ 127.546584197847864, 50.251648315833364 ], [ 127.546933191227026, 50.251935513947423 ] ] ] ] } },
{ "type": "Feature", "properties": { "fid": 911, "id": "286088", "Номера": [ 26.3, 26.8 ], "вес": 0.0908181818 }, "geometry": { "type": "MultiPolygon", "coordinates": [ [ [ [ 127.547385461038743, 50.251935513947423 ], [ 127.547385461038743, 50.251648315833364 ], [ 127.546936303396706, 50.251648315833364 ], [ 127.546936303396706, 50.251935513947423 ], [ 127.547385461038743, 50.251935513947423 ] ] ] ] } },
{ "type": "Feature", "properties": { "fid": 912, "id": "286091", "Номера": [ 26.3, 26.8 ], "вес": 0.0890581395 }, "geometry": { "type": "MultiPolygon", "coordinates": [ [ [ [ 127.546936303396706, 50.25136111598826 ], [ 127.546936303396706, 50.251088677224665 ], [ 127.546637581914396, 50.251161076046444 ], [ 127.546585433982472, 50.251264814717238 ], [ 127.546487145754654, 50.251302523297191 ], [ 127.546487145754654, 50.25136111598826 ], [ 127.546936303396706, 50.25136111598826 ] ] ] ] } },
{ "type": "Feature", "properties": { "fid": 913, "id": "286092", "Номера": [ 26.3, 26.8 ], "вес": 0.0890581395 }, "geometry": { "type": "MultiPolygon", "coordinates": [ [ [ [ 127.547385461038743, 50.25136111598826 ], [ 127.547385461038743, 50.251073914412117 ], [ 127.54699721550972, 50.251073914412117 ], [ 127.546936303396706, 50.251088677224665 ], [ 127.546936303396706, 50.25136111598826 ], [ 127.547385461038743, 50.25136111598826 ] ] ] ] } },
{ "type": "Feature", "properties": { "fid": 914, "id": "286490", "Номера": [ 26.3, 26.8 ], "вес": 0.0908181818 }, "geometry": { "type": "MultiPolygon", "coordinates": [ [ [ [ 127.547980171364472, 50.252797097903411 ], [ 127.548283776322876, 50.252797097903411 ], [ 127.548283776322876, 50.252509904982439 ], [ 127.547834618680824, 50.252509904982439 ], [ 127.547834618680824, 50.252677320195772 ], [ 127.547980171364472, 50.252797097903411 ] ] ] ] } },
{ "type": "Feature", "properties": { "fid": 915, "id": "286493", "Номера": [ 26.3, 26.8 ], "вес": 0.0908181818 }, "geometry": { "type": "MultiPolygon", "coordinates": [ [ [ [ 127.547834618680824, 50.25222271033045 ], [ 127.547834618680824, 50.251935513947423 ], [ 127.547385461038743, 50.251935513947423 ], [ 127.547385461038743, 50.25222271033045 ], [ 127.547834618680824, 50.25222271033045 ] ] ] ] } },
{ "type": "Feature", "properties": { "fid": 916, "id": "286494", "Номера": [ 26.3, 26.8 ], "вес": 0.0908181818 }, "geometry": { "type": "MultiPolygon", "coordinates": [ [ [ [ 127.548283776322876, 50.25222271033045 ], [ 127.548283776322876, 50.251935513947423 ], [ 127.547834618680824, 50.251935513947423 ], [ 127.547834618680824, 50.25222271033045 ], [ 127.548283776322876, 50.25222271033045 ] ] ] ] } },
{ "type": "Feature", "properties": { "fid": 917, "id": "286495", "Номера": [ 26.3, 26.8 ], "вес": 0.0908181818 }, "geometry": { "type": "MultiPolygon", "coordinates": [ [ [ [ 127.547385461038743, 50.252307699054661 ], [ 127.547631177985323, 50.252509904982439 ], [ 127.547834618680824, 50.252509904982439 ], [ 127.547834618680824, 50.25222271033045 ], [ 127.547385461038743, 50.25222271033045 ], [ 127.547385461038743, 50.252307699054661 ] ] ] ] } },
{ "type": "Feature", "properties": { "fid": 918, "id": "286496", "Номера": [ 26.3, 26.8 ], "вес": 0.0908181818 }, "geometry": { "type": "MultiPolygon", "coordinates": [ [ [ [ 127.548283776322876, 50.252509904982439 ], [ 127.548283776322876, 50.25222271033045 ], [ 127.547834618680824, 50.25222271033045 ], [ 127.547834618680824, 50.252509904982439 ], [ 127.548283776322876, 50.252509904982439 ] ] ] ] } },
{ "type": "Feature", "properties": { "fid": 919, "id": "286497", "Номера": [ 26.3, 26.8 ], "вес": 0.0908181818 }, "geometry": { "type": "MultiPolygon", "coordinates": [ [ [ [ 127.547834618680824, 50.251648315833364 ], [ 127.547834618680824, 50.25136111598826 ], [ 127.547385461038743, 50.25136111598826 ], [ 127.547385461038743, 50.251648315833364 ], [ 127.547834618680824, 50.251648315833364 ] ] ] ] } },
{ "type": "Feature", "properties": { "fid": 920, "id": "286498", "Номера": [ 26.3, 26.8 ], "вес": 0.0908181818 }, "geometry": { "type": "MultiPolygon", "coordinates": [ [ [ [ 127.548283776322876, 50.251648315833364 ], [ 127.548283776322876, 50.25136111598826 ], [ 127.547834618680824, 50.25136111598826 ], [ 127.547834618680824, 50.251648315833364 ], [ 127.548283776322876, 50.251648315833364 ] ] ] ] } },
{ "type": "Feature", "properties": { "fid": 921, "id": "286499", "Номера": [ 26.3, 26.8 ], "вес": 0.0908181818 }, "geometry": { "type": "MultiPolygon", "coordinates": [ [ [ [ 127.547385461038743, 50.251935513947423 ], [ 127.547834618680824, 50.251935513947423 ], [ 127.547834618680824, 50.251648315833364 ], [ 127.547385461038743, 50.251648315833364 ], [ 127.547385461038743, 50.251935513947423 ] ] ] ] } },
{ "type": "Feature", "properties": { "fid": 922, "id": "286500", "Номера": [ 26.3, 26.8 ], "вес": 0.0908181818 }, "geometry": { "type": "MultiPolygon", "coordinates": [ [ [ [ 127.548283776322876, 50.251935513947423 ], [ 127.548283776322876, 50.251648315833364 ], [ 127.547834618680824, 50.251648315833364 ], [ 127.547834618680824, 50.251935513947423 ], [ 127.548283776322876, 50.251935513947423 ] ] ] ] } },
{ "type": "Feature", "properties": { "fid": 923, "id": "286503", "Номера": [ 26.3, 26.8 ], "вес": 0.0908181818 }, "geometry": { "type": "MultiPolygon", "coordinates": [ [ [ [ 127.547385461038743, 50.25136111598826 ], [ 127.547834618680824, 50.25136111598826 ], [ 127.547834618680824, 50.251073914412117 ], [ 127.547385461038743, 50.251073914412117 ], [ 127.547385461038743, 50.25136111598826 ] ] ] ] } },
{ "type": "Feature", "properties": { "fid": 924, "id": "286504", "Номера": [ 26.3, 26.8 ], "вес": 0.0908181818 }, "geometry": { "type": "MultiPolygon", "coordinates": [ [ [ [ 127.548283776322876, 50.25136111598826 ], [ 127.548283776322876, 50.251073914412117 ], [ 127.54825820790758, 50.251073914412117 ], [ 127.548184637227763, 50.251094386781688 ], [ 127.5480267609382, 50.251073914412117 ], [ 127.547834618680824, 50.251073914412117 ], [ 127.547834618680824, 50.25136111598826 ], [ 127.548283776322876, 50.25136111598826 ] ] ] ] } },
{ "type": "Feature", "properties": { "fid": 925, "id": "286909", "Номера": [ 26.3, 26.8 ], "вес": 0.0908181818 }, "geometry": { "type": "MultiPolygon", "coordinates": [ [ [ [ 127.548553174936956, 50.252797097903411 ], [ 127.548732933964956, 50.252715027759002 ], [ 127.548732933964956, 50.252509904982439 ], [ 127.548283776322876, 50.252509904982439 ], [ 127.548283776322876, 50.252797097903411 ], [ 127.548553174936956, 50.252797097903411 ] ] ] ] } },
{ "type": "Feature", "properties": { "fid": 926, "id": "286910", "Номера": [ 26.3, 26.8 ], "вес": 0.0908181818 }, "geometry": { "type": "MultiPolygon", "coordinates": [ [ [ [ 127.549182091606994, 50.252509961320726 ], [ 127.549182091606994, 50.252509904982439 ], [ 127.548732933964956, 50.252509904982439 ], [ 127.548732933964956, 50.252715027759002 ], [ 127.549182091606994, 50.252509961320726 ] ] ] ] } },
{ "type": "Feature", "properties": { "fid": 927, "id": "286913", "Номера": [ 26.3, 26.8 ], "вес": 0.0908181818 }, "geometry": { "type": "MultiPolygon", "coordinates": [ [ [ [ 127.548732933964956, 50.25222271033045 ], [ 127.548732933964956, 50.251935513947423 ], [ 127.548283776322876, 50.251935513947423 ], [ 127.548283776322876, 50.25222271033045 ], [ 127.548732933964956, 50.25222271033045 ] ] ] ] } },
{ "type": "Feature", "properties": { "fid": 928, "id": "286914", "Номера": [ 26.3, 26.8 ], "вес": 0.0908181818 }, "geometry": { "type": "MultiPolygon", "coordinates": [ [ [ [ 127.549182091606994, 50.25222271033045 ], [ 127.549182091606994, 50.251935513947423 ], [ 127.548732933964956, 50.251935513947423 ], [ 127.548732933964956, 50.25222271033045 ], [ 127.549182091606994, 50.25222271033045 ] ] ] ] } },
{ "type": "Feature", "properties": { "fid": 929, "id": "286915", "Номера": [ 26.3, 26.8 ], "вес": 0.0908181818 }, "geometry": { "type": "MultiPolygon", "coordinates": [ [ [ [ 127.548283776322876, 50.252509904982439 ], [ 127.548732933964956, 50.252509904982439 ], [ 127.548732933964956, 50.25222271033045 ], [ 127.548283776322876, 50.25222271033045 ], [ 127.548283776322876, 50.252509904982439 ] ] ] ] } },
{ "type": "Feature", "properties": { "fid": 930, "id": "286916", "Номера": [ 26.3, 26.8 ], "вес": 0.0908181818 }, "geometry": { "type": "MultiPolygon", "coordinates": [ [ [ [ 127.549182091606994, 50.252509904982439 ], [ 127.549182091606994, 50.25222271033045 ], [ 127.548732933964956, 50.25222271033045 ], [ 127.548732933964956, 50.252509904982439 ], [ 127.549182091606994, 50.252509904982439 ] ] ] ] } },
{ "type": "Feature", "properties": { "fid": 931, "id": "286917", "Номера": [ 26.3, 26.8 ], "вес": 0.0908181818 }, "geometry": { "type": "MultiPolygon", "coordinates": [ [ [ [ 127.548732933964956, 50.251648315833364 ], [ 127.548732933964956, 50.25136111598826 ], [ 127.548283776322876, 50.25136111598826 ], [ 127.548283776322876, 50.251648315833364 ], [ 127.548732933964956, 50.251648315833364 ] ] ] ] } },
{ "type": "Feature", "properties": { "fid": 932, "id": "286918", "Номера": [ 26.3, 26.8 ], "вес": 0.0908181818 }, "geometry": { "type": "MultiPolygon", "coordinates": [ [ [ [ 127.549182091606994, 50.251648315833364 ], [ 127.549182091606994, 50.25136111598826 ], [ 127.548732933964956, 50.25136111598826 ], [ 127.548732933964956, 50.251648315833364 ], [ 127.549182091606994, 50.251648315833364 ] ] ] ] } },
{ "type": "Feature", "properties": { "fid": 933, "id": "286919", "Номера": [ 26.3, 26.8 ], "вес": 0.0908181818 }, "geometry": { "type": "MultiPolygon", "coordinates": [ [ [ [ 127.548283776322876, 50.251935513947423 ], [ 127.548732933964956, 50.251935513947423 ], [ 127.548732933964956, 50.251648315833364 ], [ 127.548283776322876, 50.251648315833364 ], [ 127.548283776322876, 50.251935513947423 ] ] ] ] } },
{ "type": "Feature", "properties": { "fid": 934, "id": "286920", "Номера": [ 26.3, 26.8 ], "вес": 0.0908181818 }, "geometry": { "type": "MultiPolygon", "coordinates": [ [ [ [ 127.549182091606994, 50.251935513947423 ], [ 127.549182091606994, 50.251648315833364 ], [ 127.548732933964956, 50.251648315833364 ], [ 127.548732933964956, 50.251935513947423 ], [ 127.549182091606994, 50.251935513947423 ] ] ] ] } },
{ "type": "Feature", "properties": { "fid": 935, "id": "286922", "Номера": [ 26.3, 26.8 ], "вес": 0.0908181818 }, "geometry": { "type": "MultiPolygon", "coordinates": [ [ [ [ 127.549182091606994, 50.251073914412117 ], [ 127.549182091606994, 50.250786711104944 ], [ 127.549156354338521, 50.250786711104944 ], [ 127.548810412410702, 50.250920253261427 ], [ 127.548732933964956, 50.250941813106664 ], [ 127.548732933964956, 50.251073914412117 ], [ 127.549182091606994, 50.251073914412117 ] ] ] ] } },
{ "type": "Feature", "properties": { "fid": 936, "id": "286923", "Номера": [ 26.3, 26.8 ], "вес": 0.0908181818 }, "geometry": { "type": "MultiPolygon", "coordinates": [ [ [ [ 127.548283776322876, 50.25136111598826 ], [ 127.548732933964956, 50.25136111598826 ], [ 127.548732933964956, 50.251073914412117 ], [ 127.548283776322876, 50.251073914412117 ], [ 127.548283776322876, 50.25136111598826 ] ] ] ] } },
{ "type": "Feature", "properties": { "fid": 937, "id": "286924", "Номера": [ 26.3, 26.8 ], "вес": 0.0908181818 }, "geometry": { "type": "MultiPolygon", "coordinates": [ [ [ [ 127.549182091606994, 50.25136111598826 ], [ 127.549182091606994, 50.251073914412117 ], [ 127.548732933964956, 50.251073914412117 ], [ 127.548732933964956, 50.25136111598826 ], [ 127.549182091606994, 50.25136111598826 ] ] ] ] } },
{ "type": "Feature", "properties": { "fid": 938, "id": "287365", "Номера": [ 26.3, 26.8 ], "вес": 0.0908181818 }, "geometry": { "type": "MultiPolygon", "coordinates": [ [ [ [ 127.549631249249046, 50.25222271033045 ], [ 127.549631249249046, 50.251935513947423 ], [ 127.549182091606994, 50.251935513947423 ], [ 127.549182091606994, 50.25222271033045 ], [ 127.549631249249046, 50.25222271033045 ] ] ] ] } },
{ "type": "Feature", "properties": { "fid": 939, "id": "287366", "Номера": [ 26.3, 26.8 ], "вес": 0.0908181818 }, "geometry": { "type": "MultiPolygon", "coordinates": [ [ [ [ 127.549811255072342, 50.25222271033045 ], [ 127.550080406891126, 50.252099825796492 ], [ 127.550080406891126, 50.251935513947423 ], [ 127.549631249249046, 50.251935513947423 ], [ 127.549631249249046, 50.25222271033045 ], [ 127.549811255072342, 50.25222271033045 ] ] ] ] } },
{ "type": "Feature", "properties": { "fid": 940, "id": "287367", "Номера": [ 26.3, 26.8 ], "вес": 0.0908181818 }, "geometry": { "type": "MultiPolygon", "coordinates": [ [ [ [ 127.549182091606994, 50.252509904982439 ], [ 127.549182215004663, 50.252509904982439 ], [ 127.549631249249046, 50.252304893999892 ], [ 127.549631249249046, 50.25222271033045 ], [ 127.549182091606994, 50.25222271033045 ], [ 127.549182091606994, 50.252509904982439 ] ] ] ] } },
{ "type": "Feature", "properties": { "fid": 941, "id": "287369", "Номера": [ 26.3, 26.8 ], "вес": 0.0908181818 }, "geometry": { "type": "MultiPolygon", "coordinates": [ [ [ [ 127.549631249249046, 50.251648315833364 ], [ 127.549631249249046, 50.25136111598826 ], [ 127.549182091606994, 50.25136111598826 ], [ 127.549182091606994, 50.251648315833364 ], [ 127.549631249249046, 50.251648315833364 ] ] ] ] } },
{ "type": "Feature", "properties": { "fid": 942, "id": "287370", "Номера": [ 26.3, 26.8 ], "вес": 0.0908181818 }, "geometry": { "type": "MultiPolygon", "coordinates": [ [ [ [ 127.550080406891126, 50.251648315833364 ], [ 127.550080406891126, 50.25136111598826 ], [ 127.549631249249046, 50.25136111598826 ], [ 127.549631249249046, 50.251648315833364 ], [ 127.550080406891126, 50.251648315833364 ] ] ] ] } },
{ "type": "Feature", "properties": { "fid": 943, "id": "287371", "Номера": [ 26.3, 26.8 ], "вес": 0.0908181818 }, "geometry": { "type": "MultiPolygon", "coordinates": [ [ [ [ 127.549182091606994, 50.251935513947423 ], [ 127.549631249249046, 50.251935513947423 ], [ 127.549631249249046, 50.251648315833364 ], [ 127.549182091606994, 50.251648315833364 ], [ 127.549182091606994, 50.251935513947423 ] ] ] ] } },
{ "type": "Feature", "properties": { "fid": 944, "id": "287372", "Номера": [ 26.3, 26.8 ], "вес": 0.0908181818 }, "geometry": { "type": "MultiPolygon", "coordinates": [ [ [ [ 127.550080406891126, 50.251935513947423 ], [ 127.550080406891126, 50.251648315833364 ], [ 127.549631249249046, 50.251648315833364 ], [ 127.549631249249046, 50.251935513947423 ], [ 127.550080406891126, 50.251935513947423 ] ] ] ] } },
{ "type": "Feature", "properties": { "fid": 945, "id": "287373", "Номера": [ 26.3, 26.8 ], "вес": 0.0908181818 }, "geometry": { "type": "MultiPolygon", "coordinates": [ [ [ [ 127.549631249249046, 50.251073914412117 ], [ 127.549631249249046, 50.250786711104944 ], [ 127.549182091606994, 50.250786711104944 ], [ 127.549182091606994, 50.251073914412117 ], [ 127.549631249249046, 50.251073914412117 ] ] ] ] } },
{ "type": "Feature", "properties": { "fid": 946, "id": "287374", "Номера": [ 26.3, 26.8 ], "вес": 0.0908181818 }, "geometry": { "type": "MultiPolygon", "coordinates": [ [ [ [ 127.550080406891126, 50.251073914412117 ], [ 127.550080406891126, 50.250786711104944 ], [ 127.549631249249046, 50.250786711104944 ], [ 127.549631249249046, 50.251073914412117 ], [ 127.550080406891126, 50.251073914412117 ] ] ] ] } },
{ "type": "Feature", "properties": { "fid": 947, "id": "287375", "Номера": [ 26.3, 26.8 ], "вес": 0.0908181818 }, "geometry": { "type": "MultiPolygon", "coordinates": [ [ [ [ 127.549182091606994, 50.25136111598826 ], [ 127.549631249249046, 50.25136111598826 ], [ 127.549631249249046, 50.251073914412117 ], [ 127.549182091606994, 50.251073914412117 ], [ 127.549182091606994, 50.25136111598826 ] ] ] ] } },
{ "type": "Feature", "properties": { "fid": 948, "id": "287376", "Номера": [ 26.3, 26.8 ], "вес": 0.0908181818 }, "geometry": { "type": "MultiPolygon", "coordinates": [ [ [ [ 127.550080406891126, 50.25136111598826 ], [ 127.550080406891126, 50.251073914412117 ], [ 127.549631249249046, 50.251073914412117 ], [ 127.549631249249046, 50.25136111598826 ], [ 127.550080406891126, 50.25136111598826 ] ] ] ] } },
{ "type": "Feature", "properties": { "fid": 949, "id": "287379", "Номера": [ 26.3, 26.8 ], "вес": 0.0890581395 }, "geometry": { "type": "MultiPolygon", "coordinates": [ [ [ [ 127.549631249249046, 50.250786711104944 ], [ 127.549631249249046, 50.250603389292216 ], [ 127.549182091606994, 50.250776775866591 ], [ 127.549182091606994, 50.250786711104944 ], [ 127.549631249249046, 50.250786711104944 ] ] ] ] } },
{ "type": "Feature", "properties": { "fid": 950, "id": "287380", "Номера": [ 26.3, 26.8 ], "вес": 0.0890581395 }, "geometry": { "type": "MultiPolygon", "coordinates": [ [ [ [ 127.550080406891126, 50.250786711104944 ], [ 127.550080406891126, 50.250499506066717 ], [ 127.549900357794712, 50.250499506066717 ], [ 127.549631249249046, 50.250603389292216 ], [ 127.549631249249046, 50.250786711104944 ], [ 127.550080406891126, 50.250786711104944 ] ] ] ] } },
{ "type": "Feature", "properties": { "fid": 951, "id": "287833", "Номера": [ 26.3, 26.8 ], "вес": 0.0908181818 }, "geometry": { "type": "MultiPolygon", "coordinates": [ [ [ [ 127.550529564533178, 50.251648315833364 ], [ 127.550529564533178, 50.25136111598826 ], [ 127.550080406891126, 50.25136111598826 ], [ 127.550080406891126, 50.251648315833364 ], [ 127.550529564533178, 50.251648315833364 ] ] ] ] } },
{ "type": "Feature", "properties": { "fid": 952, "id": "287834", "Номера": [ 26.3, 26.8 ], "вес": 0.0908181818 }, "geometry": { "type": "MultiPolygon", "coordinates": [ [ [ [ 127.550978722175245, 50.251648315833364 ], [ 127.550978722175245, 50.25136111598826 ], [ 127.550529564533178, 50.25136111598826 ], [ 127.550529564533178, 50.251648315833364 ], [ 127.550978722175245, 50.251648315833364 ] ] ] ] } },
{ "type": "Feature", "properties": { "fid": 953, "id": "287835", "Номера": [ 26.3, 26.8 ], "вес": 0.0908181818 }, "geometry": { "type": "MultiPolygon", "coordinates": [ [ [ [ 127.550080406891126, 50.251935513947423 ], [ 127.550440295140049, 50.251935513947423 ], [ 127.550529564533178, 50.251894756710534 ], [ 127.550529564533178, 50.251648315833364 ], [ 127.550080406891126, 50.251648315833364 ], [ 127.550080406891126, 50.251935513947423 ] ] ] ] } },
{ "type": "Feature", "properties": { "fid": 954, "id": "287836", "Номера": [ 26.3, 26.8 ], "вес": 0.0908181818 }, "geometry": { "type": "MultiPolygon", "coordinates": [ [ [ [ 127.550978722175245, 50.251689686741997 ], [ 127.550978722175245, 50.251648315833364 ], [ 127.550529564533178, 50.251648315833364 ], [ 127.550529564533178, 50.251894756710534 ], [ 127.550978722175245, 50.251689686741997 ] ] ] ] } },
{ "type": "Feature", "properties": { "fid": 955, "id": "287837", "Номера": [ 26.3, 26.8 ], "вес": 0.0908181818 }, "geometry": { "type": "MultiPolygon", "coordinates": [ [ [ [ 127.550529564533178, 50.251073914412117 ], [ 127.550529564533178, 50.250786711104944 ], [ 127.550080406891126, 50.250786711104944 ], [ 127.550080406891126, 50.251073914412117 ], [ 127.550529564533178, 50.251073914412117 ] ] ] ] } },
{ "type": "Feature", "properties": { "fid": 956, "id": "287838", "Номера": [ 26.3, 26.8 ], "вес": 0.0908181818 }, "geometry": { "type": "MultiPolygon", "coordinates": [ [ [ [ 127.550978722175245, 50.251073914412117 ], [ 127.550978722175245, 50.250786711104944 ], [ 127.550529564533178, 50.250786711104944 ], [ 127.550529564533178, 50.251073914412117 ], [ 127.550978722175245, 50.251073914412117 ] ] ] ] } },
{ "type": "Feature", "properties": { "fid": 957, "id": "287839", "Номера": [ 26.3, 26.8 ], "вес": 0.0908181818 }, "geometry": { "type": "MultiPolygon", "coordinates": [ [ [ [ 127.550080406891126, 50.25136111598826 ], [ 127.550529564533178, 50.25136111598826 ], [ 127.550529564533178, 50.251073914412117 ], [ 127.550080406891126, 50.251073914412117 ], [ 127.550080406891126, 50.25136111598826 ] ] ] ] } },
{ "type": "Feature", "properties": { "fid": 958, "id": "287840", "Номера": [ 26.3, 26.8 ], "вес": 0.0908181818 }, "geometry": { "type": "MultiPolygon", "coordinates": [ [ [ [ 127.550978722175245, 50.25136111598826 ], [ 127.550978722175245, 50.251073914412117 ], [ 127.550529564533178, 50.251073914412117 ], [ 127.550529564533178, 50.25136111598826 ], [ 127.550978722175245, 50.25136111598826 ] ] ] ] } },
{ "type": "Feature", "properties": { "fid": 959, "id": "287841", "Номера": [ 26.3, 26.8 ], "вес": 0.0890581395 }, "geometry": { "type": "MultiPolygon", "coordinates": [ [ [ [ 127.550529564533178, 50.250499506066717 ], [ 127.550529564533178, 50.250212299297438 ], [ 127.550377920268375, 50.250212299297438 ], [ 127.550374850368044, 50.250316338462945 ], [ 127.550080406891126, 50.250430002086944 ], [ 127.550080406891126, 50.250499506066717 ], [ 127.550529564533178, 50.250499506066717 ] ] ] ] } },
{ "type": "Feature", "properties": { "fid": 960, "id": "287842", "Номера": [ 26.3, 26.8 ], "вес": 0.0890581395 }, "geometry": { "type": "MultiPolygon", "coordinates": [ [ [ [ 127.550978722175245, 50.250499506066717 ], [ 127.550978722175245, 50.250212299297438 ], [ 127.550529564533178, 50.250212299297438 ], [ 127.550529564533178, 50.250499506066717 ], [ 127.550978722175245, 50.250499506066717 ] ] ] ] } },
{ "type": "Feature", "properties": { "fid": 961, "id": "287843", "Номера": [ 26.3, 26.8 ], "вес": 0.0890581395 }, "geometry": { "type": "MultiPolygon", "coordinates": [ [ [ [ 127.550080406891126, 50.250786711104944 ], [ 127.550529564533178, 50.250786711104944 ], [ 127.550529564533178, 50.250499506066717 ], [ 127.550080406891126, 50.250499506066717 ], [ 127.550080406891126, 50.250786711104944 ] ] ] ] } },
{ "type": "Feature", "properties": { "fid": 962, "id": "287844", "Номера": [ 26.3, 26.8 ], "вес": 0.0890581395 }, "geometry": { "type": "MultiPolygon", "coordinates": [ [ [ [ 127.550978722175245, 50.250786711104944 ], [ 127.550978722175245, 50.250499506066717 ], [ 127.550529564533178, 50.250499506066717 ], [ 127.550529564533178, 50.250786711104944 ], [ 127.550978722175245, 50.250786711104944 ] ] ] ] } },
{ "type": "Feature", "properties": { "fid": 963, "id": "287848", "Номера": [ 26.3, 26.8 ], "вес": 0.0876892178 }, "geometry": { "type": "MultiPolygon", "coordinates": [ [ [ [ 127.550978722175245, 50.250212299297438 ], [ 127.550978722175245, 50.249947607319442 ], [ 127.550529564533178, 50.25007705355722 ], [ 127.550529564533178, 50.250212299297438 ], [ 127.550978722175245, 50.250212299297438 ] ] ] ] } },
{ "type": "Feature", "properties": { "fid": 964, "id": "288297", "Номера": [ 26.3, 26.8 ], "вес": 0.0908181818 }, "geometry": { "type": "MultiPolygon", "coordinates": [ [ [ [ 127.551069335207742, 50.251648315833364 ], [ 127.551427879817297, 50.251484615890909 ], [ 127.551427879817297, 50.25136111598826 ], [ 127.550978722175245, 50.25136111598826 ], [ 127.550978722175245, 50.251648315833364 ], [ 127.551069335207742, 50.251648315833364 ] ] ] ] } },
{ "type": "Feature", "properties": { "fid": 965, "id": "288301", "Номера": [ 26.3, 26.8 ], "вес": 0.0908181818 }, "geometry": { "type": "MultiPolygon", "coordinates": [ [ [ [ 127.551427879817297, 50.251073914412117 ], [ 127.551427879817297, 50.250786711104944 ], [ 127.550978722175245, 50.250786711104944 ], [ 127.550978722175245, 50.251073914412117 ], [ 127.551427879817297, 50.251073914412117 ] ] ] ] } },
{ "type": "Feature", "properties": { "fid": 966, "id": "288302", "Номера": [ 26.3, 26.8 ], "вес": 0.0908181818 }, "geometry": { "type": "MultiPolygon", "coordinates": [ [ [ [ 127.551877037459349, 50.251073914412117 ], [ 127.551877037459349, 50.250786711104944 ], [ 127.551427879817297, 50.250786711104944 ], [ 127.551427879817297, 50.251073914412117 ], [ 127.551877037459349, 50.251073914412117 ] ] ] ] } },
{ "type": "Feature", "properties": { "fid": 967, "id": "288303", "Номера": [ 26.3, 26.8 ], "вес": 0.0908181818 }, "geometry": { "type": "MultiPolygon", "coordinates": [ [ [ [ 127.550978722175245, 50.25136111598826 ], [ 127.551427879817297, 50.25136111598826 ], [ 127.551427879817297, 50.251073914412117 ], [ 127.550978722175245, 50.251073914412117 ], [ 127.550978722175245, 50.25136111598826 ] ] ] ] } },
{ "type": "Feature", "properties": { "fid": 968, "id": "288304", "Номера": [ 26.3, 26.8 ], "вес": 0.0908181818 }, "geometry": { "type": "MultiPolygon", "coordinates": [ [ [ [ 127.551698375275436, 50.25136111598826 ], [ 127.551877037459349, 50.251279544157249 ], [ 127.551877037459349, 50.251073914412117 ], [ 127.551427879817297, 50.251073914412117 ], [ 127.551427879817297, 50.25136111598826 ], [ 127.551698375275436, 50.25136111598826 ] ] ] ] } },
{ "type": "Feature", "properties": { "fid": 969, "id": "288305", "Номера": [ 26.3, 26.8 ], "вес": 0.0908181818 }, "geometry": { "type": "MultiPolygon", "coordinates": [ [ [ [ 127.551427879817297, 50.250499506066717 ], [ 127.551427879817297, 50.250212299297438 ], [ 127.550978722175245, 50.250212299297438 ], [ 127.550978722175245, 50.250499506066717 ], [ 127.551427879817297, 50.250499506066717 ] ] ] ] } },
{ "type": "Feature", "properties": { "fid": 970, "id": "288306", "Номера": [ 26.3, 26.8 ], "вес": 0.0908181818 }, "geometry": { "type": "MultiPolygon", "coordinates": [ [ [ [ 127.551877037459349, 50.250499506066717 ], [ 127.551877037459349, 50.250212299297438 ], [ 127.551427879817297, 50.250212299297438 ], [ 127.551427879817297, 50.250499506066717 ], [ 127.551877037459349, 50.250499506066717 ] ] ] ] } },
{ "type": "Feature", "properties": { "fid": 971, "id": "288307", "Номера": [ 26.3, 26.8 ], "вес": 0.0908181818 }, "geometry": { "type": "MultiPolygon", "coordinates": [ [ [ [ 127.550978722175245, 50.250786711104944 ], [ 127.551427879817297, 50.250786711104944 ], [ 127.551427879817297, 50.250499506066717 ], [ 127.550978722175245, 50.250499506066717 ], [ 127.550978722175245, 50.250786711104944 ] ] ] ] } },
{ "type": "Feature", "properties": { "fid": 972, "id": "288308", "Номера": [ 26.3, 26.8 ], "вес": 0.0908181818 }, "geometry": { "type": "MultiPolygon", "coordinates": [ [ [ [ 127.551877037459349, 50.250786711104944 ], [ 127.551877037459349, 50.250499506066717 ], [ 127.551427879817297, 50.250499506066717 ], [ 127.551427879817297, 50.250786711104944 ], [ 127.551877037459349, 50.250786711104944 ] ] ] ] } },
{ "type": "Feature", "properties": { "fid": 973, "id": "288310", "Номера": [ 26.3, 26.8 ], "вес": 0.0890581395 }, "geometry": { "type": "MultiPolygon", "coordinates": [ [ [ [ 127.551877037459349, 50.249925090797099 ], [ 127.551877037459349, 50.249688713788998 ], [ 127.551427879817297, 50.249818160730037 ], [ 127.551427879817297, 50.249925090797099 ], [ 127.551877037459349, 50.249925090797099 ] ] ] ] } },
{ "type": "Feature", "properties": { "fid": 974, "id": "288311", "Номера": [ 26.3, 26.8 ], "вес": 0.0890581395 }, "geometry": { "type": "MultiPolygon", "coordinates": [ [ [ [ 127.550978722175245, 50.249947607319442 ], [ 127.550978722175245, 50.250212299297438 ], [ 127.551427879817297, 50.250212299297438 ], [ 127.551427879817297, 50.249925090797099 ], [ 127.551056850764624, 50.249925090797099 ], [ 127.550978722175245, 50.249947607319442 ] ] ] ] } },
{ "type": "Feature", "properties": { "fid": 975, "id": "288312", "Номера": [ 26.3, 26.8 ], "вес": 0.0890581395 }, "geometry": { "type": "MultiPolygon", "coordinates": [ [ [ [ 127.551877037459349, 50.250212299297438 ], [ 127.551877037459349, 50.249925090797099 ], [ 127.551427879817297, 50.249925090797099 ], [ 127.551427879817297, 50.250212299297438 ], [ 127.551877037459349, 50.250212299297438 ] ] ] ] } },
{ "type": "Feature", "properties": { "fid": 976, "id": "288781", "Номера": [ 26.3, 26.8 ], "вес": 0.0908181818 }, "geometry": { "type": "MultiPolygon", "coordinates": [ [ [ [ 127.552326195101429, 50.251073914412117 ], [ 127.552326195101429, 50.250786711104944 ], [ 127.551877037459349, 50.250786711104944 ], [ 127.551877037459349, 50.251073914412117 ], [ 127.552326195101429, 50.251073914412117 ] ] ] ] } },
{ "type": "Feature", "properties": { "fid": 977, "id": "288782", "Номера": [ 26.3, 26.8 ], "вес": 0.0908181818 }, "geometry": { "type": "MultiPolygon", "coordinates": [ [ [ [ 127.552327415343115, 50.251073914412117 ], [ 127.552775352743467, 50.250869398042219 ], [ 127.552775352743467, 50.250786711104944 ], [ 127.552326195101429, 50.250786711104944 ], [ 127.552326195101429, 50.251073914412117 ], [ 127.552327415343115, 50.251073914412117 ] ] ] ] } },
{ "type": "Feature", "properties": { "fid": 978, "id": "288783", "Номера": [ 26.3, 26.8 ], "вес": 0.0908181818 }, "geometry": { "type": "MultiPolygon", "coordinates": [ [ [ [ 127.551877037459349, 50.251279544157249 ], [ 127.552326195101429, 50.25107447154101 ], [ 127.552326195101429, 50.251073914412117 ], [ 127.551877037459349, 50.251073914412117 ], [ 127.551877037459349, 50.251279544157249 ] ] ] ] } },
{ "type": "Feature", "properties": { "fid": 979, "id": "288785", "Номера": [ 26.3, 26.8 ], "вес": 0.0908181818 }, "geometry": { "type": "MultiPolygon", "coordinates": [ [ [ [ 127.552326195101429, 50.250499506066717 ], [ 127.552326195101429, 50.250212299297438 ], [ 127.551877037459349, 50.250212299297438 ], [ 127.551877037459349, 50.250499506066717 ], [ 127.552326195101429, 50.250499506066717 ] ] ] ] } },
{ "type": "Feature", "properties": { "fid": 980, "id": "288786", "Номера": [ 26.3, 26.8 ], "вес": 0.0908181818 }, "geometry": { "type": "MultiPolygon", "coordinates": [ [ [ [ 127.552775352743467, 50.250499506066717 ], [ 127.552775352743467, 50.250212299297438 ], [ 127.552326195101429, 50.250212299297438 ], [ 127.552326195101429, 50.250499506066717 ], [ 127.552775352743467, 50.250499506066717 ] ] ] ] } },
{ "type": "Feature", "properties": { "fid": 981, "id": "288787", "Номера": [ 26.3, 26.8 ], "вес": 0.0908181818 }, "geometry": { "type": "MultiPolygon", "coordinates": [ [ [ [ 127.551877037459349, 50.250786711104944 ], [ 127.552326195101429, 50.250786711104944 ], [ 127.552326195101429, 50.250499506066717 ], [ 127.551877037459349, 50.250499506066717 ], [ 127.551877037459349, 50.250786711104944 ] ] ] ] } },
{ "type": "Feature", "properties": { "fid": 982, "id": "288788", "Номера": [ 26.3, 26.8 ], "вес": 0.0908181818 }, "geometry": { "type": "MultiPolygon", "coordinates": [ [ [ [ 127.552775352743467, 50.250786711104944 ], [ 127.552775352743467, 50.250499506066717 ], [ 127.552326195101429, 50.250499506066717 ], [ 127.552326195101429, 50.250786711104944 ], [ 127.552775352743467, 50.250786711104944 ] ] ] ] } },
{ "type": "Feature", "properties": { "fid": 983, "id": "288789", "Номера": [ 26.3, 26.8 ], "вес": 0.0890581395 }, "geometry": { "type": "MultiPolygon", "coordinates": [ [ [ [ 127.552326195101429, 50.249925090797099 ], [ 127.552326195101429, 50.249637880565707 ], [ 127.552053419282942, 50.249637880565707 ], [ 127.551877037459349, 50.249688713788998 ], [ 127.551877037459349, 50.249925090797099 ], [ 127.552326195101429, 50.249925090797099 ] ] ] ] } },
{ "type": "Feature", "properties": { "fid": 984, "id": "288790", "Номера": [ 26.3, 26.8 ], "вес": 0.0890581395 }, "geometry": { "type": "MultiPolygon", "coordinates": [ [ [ [ 127.552775352743467, 50.249925090797099 ], [ 127.552775352743467, 50.249637880565707 ], [ 127.552326195101429, 50.249637880565707 ], [ 127.552326195101429, 50.249925090797099 ], [ 127.552775352743467, 50.249925090797099 ] ] ] ] } },
{ "type": "Feature", "properties": { "fid": 985, "id": "288791", "Номера": [ 26.3, 26.8 ], "вес": 0.0890581395 }, "geometry": { "type": "MultiPolygon", "coordinates": [ [ [ [ 127.551877037459349, 50.250212299297438 ], [ 127.552326195101429, 50.250212299297438 ], [ 127.552326195101429, 50.249925090797099 ], [ 127.551877037459349, 50.249925090797099 ], [ 127.551877037459349, 50.250212299297438 ] ] ] ] } },
{ "type": "Feature", "properties": { "fid": 986, "id": "288792", "Номера": [ 26.3, 26.8 ], "вес": 0.0890581395 }, "geometry": { "type": "MultiPolygon", "coordinates": [ [ [ [ 127.552775352743467, 50.250212299297438 ], [ 127.552775352743467, 50.249925090797099 ], [ 127.552326195101429, 50.249925090797099 ], [ 127.552326195101429, 50.250212299297438 ], [ 127.552775352743467, 50.250212299297438 ] ] ] ] } },
{ "type": "Feature", "properties": { "fid": 987, "id": "288796", "Номера": [ 26.3, 26.8 ], "вес": 0.0876892178 }, "geometry": { "type": "MultiPolygon", "coordinates": [ [ [ [ 127.552775352743467, 50.249637880565707 ], [ 127.552775352743467, 50.249429818851986 ], [ 127.552326195101429, 50.249559266496306 ], [ 127.552326195101429, 50.249637880565707 ], [ 127.552775352743467, 50.249637880565707 ] ] ] ] } },
{ "type": "Feature", "properties": { "fid": 988, "id": "289301", "Номера": [ 26.3, 26.8 ], "вес": 0.0908181818 }, "geometry": { "type": "MultiPolygon", "coordinates": [ [ [ [ 127.553224510385547, 50.250499506066717 ], [ 127.553224510385547, 50.250212299297438 ], [ 127.552775352743467, 50.250212299297438 ], [ 127.552775352743467, 50.250499506066717 ], [ 127.553224510385547, 50.250499506066717 ] ] ] ] } },
{ "type": "Feature", "properties": { "fid": 989, "id": "289302", "Номера": [ 26.3, 26.8 ], "вес": 0.0908181818 }, "geometry": { "type": "MultiPolygon", "coordinates": [ [ [ [ 127.553585495478501, 50.250499506066717 ], [ 127.553673668027599, 50.250459248396908 ], [ 127.553673668027599, 50.250212299297438 ], [ 127.553224510385547, 50.250212299297438 ], [ 127.553224510385547, 50.250499506066717 ], [ 127.553585495478501, 50.250499506066717 ] ] ] ] } },
{ "type": "Feature", "properties": { "fid": 990, "id": "289303", "Номера": [ 26.3, 26.8 ], "вес": 0.0908181818 }, "geometry": { "type": "MultiPolygon", "coordinates": [ [ [ [ 127.552775352743467, 50.250786711104944 ], [ 127.552956455410808, 50.250786711104944 ], [ 127.553224510385547, 50.25066432366085 ], [ 127.553224510385547, 50.250499506066717 ], [ 127.552775352743467, 50.250499506066717 ], [ 127.552775352743467, 50.250786711104944 ] ] ] ] } },
{ "type": "Feature", "properties": { "fid": 991, "id": "289305", "Номера": [ 26.3, 26.8 ], "вес": 0.0890581395 }, "geometry": { "type": "MultiPolygon", "coordinates": [ [ [ [ 127.553224510385547, 50.249925090797099 ], [ 127.553224510385547, 50.249637880565707 ], [ 127.552775352743467, 50.249637880565707 ], [ 127.552775352743467, 50.249925090797099 ], [ 127.553224510385547, 50.249925090797099 ] ] ] ] } },
{ "type": "Feature", "properties": { "fid": 992, "id": "289306", "Номера": [ 26.3, 26.8 ], "вес": 0.0890581395 }, "geometry": { "type": "MultiPolygon", "coordinates": [ [ [ [ 127.553673668027599, 50.249925090797099 ], [ 127.553673668027599, 50.249637880565707 ], [ 127.553224510385547, 50.249637880565707 ], [ 127.553224510385547, 50.249925090797099 ], [ 127.553673668027599, 50.249925090797099 ] ] ] ] } },
{ "type": "Feature", "properties": { "fid": 993, "id": "289307", "Номера": [ 26.3, 26.8 ], "вес": 0.0890581395 }, "geometry": { "type": "MultiPolygon", "coordinates": [ [ [ [ 127.552775352743467, 50.250212299297438 ], [ 127.553224510385547, 50.250212299297438 ], [ 127.553224510385547, 50.249925090797099 ], [ 127.552775352743467, 50.249925090797099 ], [ 127.552775352743467, 50.250212299297438 ] ] ] ] } },
{ "type": "Feature", "properties": { "fid": 994, "id": "289308", "Номера": [ 26.3, 26.8 ], "вес": 0.0890581395 }, "geometry": { "type": "MultiPolygon", "coordinates": [ [ [ [ 127.553673668027599, 50.250212299297438 ], [ 127.553673668027599, 50.249925090797099 ], [ 127.553224510385547, 50.249925090797099 ], [ 127.553224510385547, 50.250212299297438 ], [ 127.553673668027599, 50.250212299297438 ] ] ] ] } },
{ "type": "Feature", "properties": { "fid": 995, "id": "289310", "Номера": [ 26.3, 26.8 ], "вес": 0.0876892178 }, "geometry": { "type": "MultiPolygon", "coordinates": [ [ [ [ 127.553673668027599, 50.249350668603263 ], [ 127.553673668027599, 50.249171948401546 ], [ 127.553671758507733, 50.249171472837553 ], [ 127.553224510385547, 50.249300370856041 ], [ 127.553224510385547, 50.249350668603263 ], [ 127.553673668027599, 50.249350668603263 ] ] ] ] } },
{ "type": "Feature", "properties": { "fid": 996, "id": "289311", "Номера": [ 26.3, 26.8 ], "вес": 0.0876892178 }, "geometry": { "type": "MultiPolygon", "coordinates": [ [ [ [ 127.552775352743467, 50.249429818851986 ], [ 127.552775352743467, 50.249637880565707 ], [ 127.553224510385547, 50.249637880565707 ], [ 127.553224510385547, 50.249350668603263 ], [ 127.553049987801259, 50.249350668603263 ], [ 127.552775352743467, 50.249429818851986 ] ] ] ] } },
{ "type": "Feature", "properties": { "fid": 997, "id": "289312", "Номера": [ 26.3, 26.8 ], "вес": 0.0876892178 }, "geometry": { "type": "MultiPolygon", "coordinates": [ [ [ [ 127.553673668027599, 50.249637880565707 ], [ 127.553673668027599, 50.249350668603263 ], [ 127.553224510385547, 50.249350668603263 ], [ 127.553224510385547, 50.249637880565707 ], [ 127.553673668027599, 50.249637880565707 ] ] ] ] } },
{ "type": "Feature", "properties": { "fid": 998, "id": "289797", "Номера": [ 24.7 ], "вес": 0.0495813953 }, "geometry": { "type": "MultiPolygon", "coordinates": [ [ [ [ 127.554122825669651, 50.251073914412117 ], [ 127.554122825669651, 50.250786711104944 ], [ 127.553706225236397, 50.250786711104944 ], [ 127.553941331189677, 50.251073914412117 ], [ 127.554122825669651, 50.251073914412117 ] ] ] ] } },
{ "type": "Feature", "properties": { "fid": 999, "id": "289798", "Номера": [ 24.7 ], "вес": 0.0495813953 }, "geometry": { "type": "MultiPolygon", "coordinates": [ [ [ [ 127.554122825669651, 50.251073914412117 ], [ 127.554571983311718, 50.251073914412117 ], [ 127.554571983311718, 50.250786711104944 ], [ 127.554122825669651, 50.250786711104944 ], [ 127.554122825669651, 50.251073914412117 ] ] ] ] } },
{ "type": "Feature", "properties": { "fid": 1000, "id": "289800", "Номера": [ 24.7 ], "вес": 0.0495813953 }, "geometry": { "type": "MultiPolygon", "coordinates": [ [ [ [ 127.554122825669651, 50.251295625244211 ], [ 127.554174434385018, 50.251358669459314 ], [ 127.554571983311718, 50.251315326404992 ], [ 127.554571983311718, 50.251073914412117 ], [ 127.554122825669651, 50.251073914412117 ], [ 127.554122825669651, 50.251295625244211 ] ] ] ] } },
{ "type": "Feature", "properties": { "fid": 1001, "id": "289801", "Номера": [ 24.7, 26.3, 26.8 ], "вес": 0.1403995772 }, "geometry": { "type": "MultiPolygon", "coordinates": [ [ [ [ 127.554122825669651, 50.250254172250393 ], [ 127.554122825669651, 50.250212299297438 ], [ 127.553673668027599, 50.250212299297438 ], [ 127.553673668027599, 50.250459248396908 ], [ 127.554122825669651, 50.250254172250393 ] ] ], [ [ [ 127.554122825669651, 50.250254455768619 ], [ 127.553673668027599, 50.25047971592695 ], [ 127.553673668027599, 50.250499506066717 ], [ 127.554122825669651, 50.250499506066717 ], [ 127.554122825669651, 50.250254455768619 ] ] ] ] } },
{ "type": "Feature", "properties": { "fid": 1002, "id": "289802", "Номера": [ 24.7 ], "вес": 0.0495813953 }, "geometry": { "type": "MultiPolygon", "coordinates": [ [ [ [ 127.554122825669651, 50.250499506066717 ], [ 127.554571983311718, 50.250499506066717 ], [ 127.554571983311718, 50.250212299297438 ], [ 127.554206883357452, 50.250212299297438 ], [ 127.554122825669651, 50.250254455768619 ], [ 127.554122825669651, 50.250499506066717 ] ] ] ] } },
{ "type": "Feature", "properties": { "fid": 1003, "id": "289803", "Номера": [ 24.7 ], "вес": 0.0495813953 }, "geometry": { "type": "MultiPolygon", "coordinates": [ [ [ [ 127.553673668027599, 50.250499506066717 ], [ 127.553673668027599, 50.250746939376519 ], [ 127.553706225236397, 50.250786711104944 ], [ 127.554122825669651, 50.250786711104944 ], [ 127.554122825669651, 50.250499506066717 ], [ 127.553673668027599, 50.250499506066717 ] ] ] ] } },
{ "type": "Feature", "properties": { "fid": 1004, "id": "289804", "Номера": [ 24.7 ], "вес": 0.0495813953 }, "geometry": { "type": "MultiPolygon", "coordinates": [ [ [ [ 127.554122825669651, 50.250786711104944 ], [ 127.554571983311718, 50.250786711104944 ], [ 127.554571983311718, 50.250499506066717 ], [ 127.554122825669651, 50.250499506066717 ], [ 127.554122825669651, 50.250786711104944 ] ] ] ] } },
{ "type": "Feature", "properties": { "fid": 1005, "id": "289805", "Номера": [ 26.3, 26.8 ], "вес": 0.0908181818 }, "geometry": { "type": "MultiPolygon", "coordinates": [ [ [ [ 127.554122825669651, 50.249925090797099 ], [ 127.554122825669651, 50.249637880565707 ], [ 127.553673668027599, 50.249637880565707 ], [ 127.553673668027599, 50.249925090797099 ], [ 127.554122825669651, 50.249925090797099 ] ] ] ] } },
{ "type": "Feature", "properties": { "fid": 1006, "id": "289806", "Номера": [ 26.3, 26.8 ], "вес": 0.0908181818 }, "geometry": { "type": "MultiPolygon", "coordinates": [ [ [ [ 127.554571983311718, 50.249925090797099 ], [ 127.554571983311718, 50.24966642064669 ], [ 127.554544087890335, 50.249637880565707 ], [ 127.554122825669651, 50.249637880565707 ], [ 127.554122825669651, 50.249925090797099 ], [ 127.554571983311718, 50.249925090797099 ] ] ] ] } },
{ "type": "Feature", "properties": { "fid": 1007, "id": "289807", "Номера": [ 26.3, 26.8 ], "вес": 0.0908181818 }, "geometry": { "type": "MultiPolygon", "coordinates": [ [ [ [ 127.553673668027599, 50.250212299297438 ], [ 127.554122825669651, 50.250212299297438 ], [ 127.554122825669651, 50.249925090797099 ], [ 127.553673668027599, 50.249925090797099 ], [ 127.553673668027599, 50.250212299297438 ] ] ] ] } },
{ "type": "Feature", "properties": { "fid": 1008, "id": "289808", "Номера": [ 26.3, 26.8 ], "вес": 0.0908181818 }, "geometry": { "type": "MultiPolygon", "coordinates": [ [ [ [ 127.554214535546194, 50.250212299297438 ], [ 127.554571983311718, 50.250049095221293 ], [ 127.554571983311718, 50.249925090797099 ], [ 127.554122825669651, 50.249925090797099 ], [ 127.554122825669651, 50.250212299297438 ], [ 127.554214535546194, 50.250212299297438 ] ] ] ] } },
{ "type": "Feature", "properties": { "fid": 1009, "id": "289809", "Номера": [ 26.3, 26.8 ], "вес": 0.0890581395 }, "geometry": { "type": "MultiPolygon", "coordinates": [ [ [ [ 127.554122825669651, 50.249350668603263 ], [ 127.554122825669651, 50.249283810528041 ], [ 127.553673668027599, 50.249171948401546 ], [ 127.553673668027599, 50.249350668603263 ], [ 127.554122825669651, 50.249350668603263 ] ] ] ] } },
{ "type": "Feature", "properties": { "fid": 1010, "id": "289811", "Номера": [ 26.3, 26.8 ], "вес": 0.0890581395 }, "geometry": { "type": "MultiPolygon", "coordinates": [ [ [ [ 127.553673668027599, 50.249637880565707 ], [ 127.554122825669651, 50.249637880565707 ], [ 127.554122825669651, 50.249350668603263 ], [ 127.553673668027599, 50.249350668603263 ], [ 127.553673668027599, 50.249637880565707 ] ] ] ] } },
{ "type": "Feature", "properties": { "fid": 1011, "id": "289812", "Номера": [ 26.3, 26.8 ], "вес": 0.0890581395 }, "geometry": { "type": "MultiPolygon", "coordinates": [ [ [ [ 127.554544087890335, 50.249637880565707 ], [ 127.554263364364061, 50.249350668603263 ], [ 127.554122825669651, 50.249350668603263 ], [ 127.554122825669651, 50.249637880565707 ], [ 127.554544087890335, 50.249637880565707 ] ] ] ] } },
{ "type": "Feature", "properties": { "fid": 1012, "id": "289814", "Номера": [ 24.1 ], "вес": 0.0478477801 }, "geometry": { "type": "MultiPolygon", "coordinates": [ [ [ [ 127.554571983311718, 50.248776239485167 ], [ 127.554571983311718, 50.248489022329522 ], [ 127.554365755525481, 50.248489022329522 ], [ 127.554439517484312, 50.248776239485167 ], [ 127.554571983311718, 50.248776239485167 ] ] ] ] } },
{ "type": "Feature", "properties": { "fid": 1013, "id": "289818", "Номера": [ 24.1 ], "вес": 0.0478477801 }, "geometry": { "type": "MultiPolygon", "coordinates": [ [ [ [ 127.554571983311718, 50.248201803442797 ], [ 127.554571983311718, 50.247976105651738 ], [ 127.554557781604373, 50.247914582825004 ], [ 127.554218231607862, 50.247914582825004 ], [ 127.554291993566679, 50.248201803442797 ], [ 127.554571983311718, 50.248201803442797 ] ] ] ] } },
{ "type": "Feature", "properties": { "fid": 1014, "id": "289820", "Номера": [ 24.1 ], "вес": 0.0478477801 }, "geometry": { "type": "MultiPolygon", "coordinates": [ [ [ [ 127.554571983311718, 50.248489022329522 ], [ 127.554571983311718, 50.248201803442797 ], [ 127.554291993566679, 50.248201803442797 ], [ 127.554365755525481, 50.248489022329522 ], [ 127.554571983311718, 50.248489022329522 ] ] ] ] } },
{ "type": "Feature", "properties": { "fid": 1015, "id": "289822", "Номера": [ 24.1 ], "вес": 0.0478477801 }, "geometry": { "type": "MultiPolygon", "coordinates": [ [ [ [ 127.554122825669651, 50.247543080463359 ], [ 127.55414446964906, 50.24762736047613 ], [ 127.554491480476315, 50.24762736047613 ], [ 127.554425179348243, 50.247340136396168 ], [ 127.554122825669651, 50.247340136396168 ], [ 127.554122825669651, 50.247543080463359 ] ] ] ] } },
{ "type": "Feature", "properties": { "fid": 1016, "id": "289824", "Номера": [ 24.1 ], "вес": 0.0478477801 }, "geometry": { "type": "MultiPolygon", "coordinates": [ [ [ [ 127.554557781604373, 50.247914582825004 ], [ 127.554491480476315, 50.24762736047613 ], [ 127.55414446964906, 50.24762736047613 ], [ 127.554218231607862, 50.247914582825004 ], [ 127.554557781604373, 50.247914582825004 ] ] ] ] } },
{ "type": "Feature", "properties": { "fid": 1017, "id": "289825", "Номера": [ 24.1 ], "вес": 0.0478477801 }, "geometry": { "type": "MultiPolygon", "coordinates": [ [ [ [ 127.554122825669651, 50.247052910585126 ], [ 127.554122825669651, 50.246765683042995 ], [ 127.553923183772596, 50.246765683042995 ], [ 127.553996945731427, 50.247052910585126 ], [ 127.554122825669651, 50.247052910585126 ] ] ] ] } },
{ "type": "Feature", "properties": { "fid": 1018, "id": "289826", "Номера": [ 24.1 ], "вес": 0.0478477801 }, "geometry": { "type": "MultiPolygon", "coordinates": [ [ [ [ 127.554122825669651, 50.247052910585126 ], [ 127.554358878220185, 50.247052910585126 ], [ 127.554292577092113, 50.246765683042995 ], [ 127.554122825669651, 50.246765683042995 ], [ 127.554122825669651, 50.247052910585126 ] ] ] ] } },
{ "type": "Feature", "properties": { "fid": 1019, "id": "289828", "Номера": [ 24.1 ], "вес": 0.0478477801 }, "geometry": { "type": "MultiPolygon", "coordinates": [ [ [ [ 127.554122825669651, 50.247340136396168 ], [ 127.554425179348243, 50.247340136396168 ], [ 127.554358878220185, 50.247052910585126 ], [ 127.554122825669651, 50.247052910585126 ], [ 127.554122825669651, 50.247340136396168 ] ] ] ] } },
{ "type": "Feature", "properties": { "fid": 1020, "id": "289829", "Номера": [ 24.1 ], "вес": 0.0478477801 }, "geometry": { "type": "MultiPolygon", "coordinates": [ [ [ [ 127.554122825669651, 50.246478453769768 ], [ 127.554122825669651, 50.246191222765447 ], [ 127.553775659854992, 50.246191222765447 ], [ 127.553849421813794, 50.246478453769768 ], [ 127.554122825669651, 50.246478453769768 ] ] ] ] } },
{ "type": "Feature", "properties": { "fid": 1021, "id": "289831", "Номера": [ 24.1 ], "вес": 0.0478477801 }, "geometry": { "type": "MultiPolygon", "coordinates": [ [ [ [ 127.553849421813794, 50.246478453769768 ], [ 127.553923183772596, 50.246765683042995 ], [ 127.554122825669651, 50.246765683042995 ], [ 127.554122825669651, 50.246478453769768 ], [ 127.553849421813794, 50.246478453769768 ] ] ] ] } },
{ "type": "Feature", "properties": { "fid": 1022, "id": "289833", "Номера": [ 24.1 ], "вес": 0.0478477801 }, "geometry": { "type": "MultiPolygon", "coordinates": [ [ [ [ 127.553673668027599, 50.245794061060046 ], [ 127.553701897896161, 50.24590399003003 ], [ 127.554093673707925, 50.24590399003003 ], [ 127.554027372579895, 50.245616755563503 ], [ 127.553673668027599, 50.245616755563503 ], [ 127.553673668027599, 50.245794061060046 ] ] ] ] } },
{ "type": "Feature", "properties": { "fid": 1023, "id": "289835", "Номера": [ 24.1 ], "вес": 0.0478477801 }, "geometry": { "type": "MultiPolygon", "coordinates": [ [ [ [ 127.553701897896161, 50.24590399003003 ], [ 127.553775659854992, 50.246191222765447 ], [ 127.554122825669651, 50.246191222765447 ], [ 127.554122825669651, 50.246030283685798 ], [ 127.554093673707925, 50.24590399003003 ], [ 127.553701897896161, 50.24590399003003 ] ] ] ] } },
{ "type": "Feature", "properties": { "fid": 1024, "id": "289837", "Номера": [ 24.1 ], "вес": 0.0478477801 }, "geometry": { "type": "MultiPolygon", "coordinates": [ [ [ [ 127.553673668027599, 50.245329519365882 ], [ 127.553961071451809, 50.245329519365882 ], [ 127.553894770323765, 50.245042281437151 ], [ 127.553821637917622, 50.245042281437151 ], [ 127.553673668027599, 50.24506988113486 ], [ 127.553673668027599, 50.245329519365882 ] ] ] ] } },
{ "type": "Feature", "properties": { "fid": 1025, "id": "289839", "Номера": [ 24.1 ], "вес": 0.0478477801 }, "geometry": { "type": "MultiPolygon", "coordinates": [ [ [ [ 127.553673668027599, 50.245329519365882 ], [ 127.553673668027599, 50.245616755563503 ], [ 127.554027372579895, 50.245616755563503 ], [ 127.553961071451809, 50.245329519365882 ], [ 127.553673668027599, 50.245329519365882 ] ] ] ] } },
{ "type": "Feature", "properties": { "fid": 1026, "id": "290270", "Номера": [ 24.1 ], "вес": 0.0495813953 }, "geometry": { "type": "MultiPolygon", "coordinates": [ [ [ [ 127.55547029859585, 50.25222271033045 ], [ 127.55547029859585, 50.251935513947423 ], [ 127.555250899031265, 50.251935513947423 ], [ 127.555324660990067, 50.25222271033045 ], [ 127.55547029859585, 50.25222271033045 ] ] ] ] } },
{ "type": "Feature", "properties": { "fid": 1027, "id": "290274", "Номера": [ 24.1 ], "вес": 0.0495813953 }, "geometry": { "type": "MultiPolygon", "coordinates": [ [ [ [ 127.555419696269198, 50.251648315833364 ], [ 127.555353395141125, 50.25136111598826 ], [ 127.555103375113632, 50.25136111598826 ], [ 127.555177137072434, 50.251648315833364 ], [ 127.555419696269198, 50.251648315833364 ] ] ] ] } },
{ "type": "Feature", "properties": { "fid": 1028, "id": "290276", "Номера": [ 24.1 ], "вес": 0.0495813953 }, "geometry": { "type": "MultiPolygon", "coordinates": [ [ [ [ 127.55547029859585, 50.251935513947423 ], [ 127.55547029859585, 50.25186751124636 ], [ 127.555419696269198, 50.251648315833364 ], [ 127.555177137072434, 50.251648315833364 ], [ 127.555250899031265, 50.251935513947423 ], [ 127.55547029859585, 50.251935513947423 ] ] ] ] } },
{ "type": "Feature", "properties": { "fid": 1029, "id": "290277", "Номера": [ 24.7 ], "вес": 0.0495813953 }, "geometry": { "type": "MultiPolygon", "coordinates": [ [ [ [ 127.554571983311718, 50.251073914412117 ], [ 127.55502114095377, 50.251073914412117 ], [ 127.55502114095377, 50.250786711104944 ], [ 127.554571983311718, 50.250786711104944 ], [ 127.554571983311718, 50.251073914412117 ] ] ] ] } },
{ "type": "Feature", "properties": { "fid": 1030, "id": "290278", "Номера": [ 24.7, 24.1 ], "вес": 0.0991627907 }, "geometry": { "type": "MultiPolygon", "coordinates": [ [ [ [ 127.555287094013067, 50.251073914412117 ], [ 127.55547029859585, 50.251073914412117 ], [ 127.55547029859585, 50.250786711104944 ], [ 127.555220792885009, 50.250786711104944 ], [ 127.55502114095377, 50.250786711104944 ], [ 127.55502114095377, 50.251040926708122 ], [ 127.55502114095377, 50.251073914412117 ], [ 127.555029613154801, 50.251073914412117 ], [ 127.555287094013067, 50.251073914412117 ] ] ] ] } },
{ "type": "Feature", "properties": { "fid": 1031, "id": "290279", "Номера": [ 24.7 ], "вес": 0.0495813953 }, "geometry": { "type": "MultiPolygon", "coordinates": [ [ [ [ 127.554571983311718, 50.251073914412117 ], [ 127.554571983311718, 50.251315326404992 ], [ 127.55502114095377, 50.251266356626367 ], [ 127.55502114095377, 50.251073914412117 ], [ 127.554571983311718, 50.251073914412117 ] ] ] ] } },
{ "type": "Feature", "properties": { "fid": 1032, "id": "290280", "Номера": [ 24.7, 24.1 ], "вес": 0.0991627907 }, "geometry": { "type": "MultiPolygon", "coordinates": [ [ [ [ 127.555077460999598, 50.251260216283839 ], [ 127.555103375113632, 50.25136111598826 ], [ 127.555353395141125, 50.25136111598826 ], [ 127.555323899586114, 50.251233348090892 ], [ 127.55547029859585, 50.2512173867974 ], [ 127.55547029859585, 50.251073914412117 ], [ 127.555287094013067, 50.251073914412117 ], [ 127.555029613154801, 50.251073914412117 ], [ 127.55502114095377, 50.251073914412117 ], [ 127.55502114095377, 50.251266356626367 ], [ 127.555077460999598, 50.251260216283839 ] ] ] ] } },
{ "type": "Feature", "properties": { "fid": 1033, "id": "290281", "Номера": [ 24.7, 24.1 ], "вес": 0.0991627907 }, "geometry": { "type": "MultiPolygon", "coordinates": [ [ [ [ 127.554882089237168, 50.250499506066717 ], [ 127.55502114095377, 50.250499506066717 ], [ 127.55502114095377, 50.250212299297438 ], [ 127.55480832727838, 50.250212299297438 ], [ 127.554571983311718, 50.250212299297438 ], [ 127.554571983311718, 50.250499506066717 ], [ 127.554882089237168, 50.250499506066717 ] ] ] ] } },
{ "type": "Feature", "properties": { "fid": 1034, "id": "290282", "Номера": [ 24.7 ], "вес": 0.0495813953 }, "geometry": { "type": "MultiPolygon", "coordinates": [ [ [ [ 127.55502114095377, 50.250499506066717 ], [ 127.55547029859585, 50.250499506066717 ], [ 127.55547029859585, 50.250212299297438 ], [ 127.55502114095377, 50.250212299297438 ], [ 127.55502114095377, 50.250499506066717 ] ] ] ] } },
{ "type": "Feature", "properties": { "fid": 1035, "id": "290283", "Номера": [ 24.7 ], "вес": 0.0495813953 }, "geometry": { "type": "MultiPolygon", "coordinates": [ [ [ [ 127.554571983311718, 50.250499506066717 ], [ 127.554571983311718, 50.250786711104944 ], [ 127.55502114095377, 50.250786711104944 ], [ 127.55502114095377, 50.250499506066717 ], [ 127.554571983311718, 50.250499506066717 ] ] ] ] } },
{ "type": "Feature", "properties": { "fid": 1036, "id": "290284", "Номера": [ 24.7, 24.1 ], "вес": 0.0991627907 }, "geometry": { "type": "MultiPolygon", "coordinates": [ [ [ [ 127.555220792885009, 50.250786711104944 ], [ 127.55547029859585, 50.250786711104944 ], [ 127.55547029859585, 50.250499506066717 ], [ 127.555154491756937, 50.250499506066717 ], [ 127.55502114095377, 50.250499506066717 ], [ 127.55502114095377, 50.250786711104944 ], [ 127.555220792885009, 50.250786711104944 ] ] ] ] } },
{ "type": "Feature", "properties": { "fid": 1037, "id": "290285", "Номера": [ 24.1 ], "вес": 0.0495813953 }, "geometry": { "type": "MultiPolygon", "coordinates": [ [ [ [ 127.55502114095377, 50.249925090797099 ], [ 127.55502114095377, 50.249921848171596 ], [ 127.554955588372749, 50.249637880565707 ], [ 127.554660803360747, 50.249637880565707 ], [ 127.554734565319549, 50.249925090797099 ], [ 127.55502114095377, 50.249925090797099 ] ] ] ] } },
{ "type": "Feature", "properties": { "fid": 1038, "id": "290286", "Номера": [ 24.7 ], "вес": 0.0495813953 }, "geometry": { "type": "MultiPolygon", "coordinates": [ [ [ [ 127.55502114095377, 50.249925090797099 ], [ 127.55547029859585, 50.249925090797099 ], [ 127.55547029859585, 50.249734485403657 ], [ 127.55502114095377, 50.249805604144676 ], [ 127.55502114095377, 50.249925090797099 ] ] ] ] } },
{ "type": "Feature", "properties": { "fid": 1039, "id": "290287", "Номера": [ 24.7, 24.1 ], "вес": 0.0991627907 }, "geometry": { "type": "MultiPolygon", "coordinates": [ [ [ [ 127.554571983311718, 50.250029194545419 ], [ 127.554571983311718, 50.250212299297438 ], [ 127.55480832727838, 50.250212299297438 ], [ 127.55502114095377, 50.250212299297438 ], [ 127.55502114095377, 50.249925090797099 ], [ 127.554779559351076, 50.249925090797099 ], [ 127.554734565319549, 50.249925090797099 ], [ 127.554739699374394, 50.249945081431164 ], [ 127.554571983311718, 50.250029194545419 ] ] ] ] } },
{ "type": "Feature", "properties": { "fid": 1040, "id": "290288", "Номера": [ 24.7 ], "вес": 0.0495813953 }, "geometry": { "type": "MultiPolygon", "coordinates": [ [ [ [ 127.55502114095377, 50.250212299297438 ], [ 127.55547029859585, 50.250212299297438 ], [ 127.55547029859585, 50.249925090797099 ], [ 127.55502114095377, 50.249925090797099 ], [ 127.55502114095377, 50.250212299297438 ] ] ] ] } },
{ "type": "Feature", "properties": { "fid": 1041, "id": "290289", "Номера": [ 24.1 ], "вес": 0.0486062368 }, "geometry": { "type": "MultiPolygon", "coordinates": [ [ [ [ 127.554571983311718, 50.24929203567914 ], [ 127.554587041401916, 50.249350668603263 ], [ 127.554889287244691, 50.249350668603263 ], [ 127.554822986116619, 50.249063454909752 ], [ 127.554571983311718, 50.249063454909752 ], [ 127.554571983311718, 50.24929203567914 ] ] ] ] } },
{ "type": "Feature", "properties": { "fid": 1042, "id": "290291", "Номера": [ 24.1 ], "вес": 0.0486062368 }, "geometry": { "type": "MultiPolygon", "coordinates": [ [ [ [ 127.554587041401916, 50.249350668603263 ], [ 127.554660803360747, 50.249637880565707 ], [ 127.554955588372749, 50.249637880565707 ], [ 127.554889287244691, 50.249350668603263 ], [ 127.554587041401916, 50.249350668603263 ] ] ] ] } },
{ "type": "Feature", "properties": { "fid": 1043, "id": "290293", "Номера": [ 24.1 ], "вес": 0.0486062368 }, "geometry": { "type": "MultiPolygon", "coordinates": [ [ [ [ 127.554571983311718, 50.248776239485167 ], [ 127.554756684988561, 50.248776239485167 ], [ 127.554690383860503, 50.248489022329522 ], [ 127.554571983311718, 50.248489022329522 ], [ 127.554571983311718, 50.248776239485167 ] ] ] ] } },
{ "type": "Feature", "properties": { "fid": 1044, "id": "290295", "Номера": [ 24.1 ], "вес": 0.0486062368 }, "geometry": { "type": "MultiPolygon", "coordinates": [ [ [ [ 127.554571983311718, 50.248776239485167 ], [ 127.554571983311718, 50.249063454909752 ], [ 127.554822986116619, 50.249063454909752 ], [ 127.554756684988561, 50.248776239485167 ], [ 127.554571983311718, 50.248776239485167 ] ] ] ] } },
{ "type": "Feature", "properties": { "fid": 1045, "id": "290674", "Номера": [ 24.1 ], "вес": 0.0495813953 }, "geometry": { "type": "MultiPolygon", "coordinates": [ [ [ [ 127.555919456237902, 50.255527246673545 ], [ 127.556368613879954, 50.255486221570251 ], [ 127.556368613879954, 50.255381756296394 ], [ 127.555962920221816, 50.255381756296394 ], [ 127.555919456237902, 50.255428784535198 ], [ 127.555919456237902, 50.255527246673545 ] ] ] ] } },
{ "type": "Feature", "properties": { "fid": 1046, "id": "290678", "Номера": [ 24.1 ], "вес": 0.0495813953 }, "geometry": { "type": "MultiPolygon", "coordinates": [ [ [ [ 127.556321642022397, 50.255094578954534 ], [ 127.556244367589358, 50.254807399881678 ], [ 127.555920148263979, 50.254807399881678 ], [ 127.555986108477157, 50.255094578954534 ], [ 127.556321642022397, 50.255094578954534 ] ] ] ] } },
{ "type": "Feature", "properties": { "fid": 1047, "id": "290680", "Номера": [ 24.1 ], "вес": 0.0495813953 }, "geometry": { "type": "MultiPolygon", "coordinates": [ [ [ [ 127.556368613879954, 50.255381756296394 ], [ 127.556368613879954, 50.255253598535752 ], [ 127.556363949931381, 50.255251809346618 ], [ 127.556321642022397, 50.255094578954534 ], [ 127.555986108477157, 50.255094578954534 ], [ 127.556034323497542, 50.255304497509293 ], [ 127.555962920221816, 50.255381756296394 ], [ 127.556368613879954, 50.255381756296394 ] ] ] ] } },
{ "type": "Feature", "properties": { "fid": 1048, "id": "290682", "Номера": [ 24.1 ], "вес": 0.0495813953 }, "geometry": { "type": "MultiPolygon", "coordinates": [ [ [ [ 127.555919456237902, 50.254520219077811 ], [ 127.556167093156319, 50.254520219077811 ], [ 127.556089818723279, 50.254233036542942 ], [ 127.555919456237902, 50.254233036542942 ], [ 127.555919456237902, 50.254520219077811 ] ] ] ] } },
{ "type": "Feature", "properties": { "fid": 1049, "id": "290684", "Номера": [ 24.1 ], "вес": 0.0495813953 }, "geometry": { "type": "MultiPolygon", "coordinates": [ [ [ [ 127.555919456237902, 50.254804386913627 ], [ 127.555920148263979, 50.254807399881678 ], [ 127.556244367589358, 50.254807399881678 ], [ 127.556167093156319, 50.254520219077811 ], [ 127.555919456237902, 50.254520219077811 ], [ 127.555919456237902, 50.254804386913627 ] ] ] ] } },
{ "type": "Feature", "properties": { "fid": 1050, "id": "290685", "Номера": [ 24.1 ], "вес": 0.0495813953 }, "geometry": { "type": "MultiPolygon", "coordinates": [ [ [ [ 127.555919456237902, 50.25394585227707 ], [ 127.555919456237902, 50.253658666280181 ], [ 127.555656307411297, 50.253658666280181 ], [ 127.555722267624475, 50.25394585227707 ], [ 127.555919456237902, 50.25394585227707 ] ] ] ] } },
{ "type": "Feature", "properties": { "fid": 1051, "id": "290687", "Номера": [ 24.1 ], "вес": 0.0495813953 }, "geometry": { "type": "MultiPolygon", "coordinates": [ [ [ [ 127.555722267624475, 50.25394585227707 ], [ 127.555788227837652, 50.254233036542942 ], [ 127.555919456237902, 50.254233036542942 ], [ 127.555919456237902, 50.25394585227707 ], [ 127.555722267624475, 50.25394585227707 ] ] ] ] } },
{ "type": "Feature", "properties": { "fid": 1052, "id": "290689", "Номера": [ 24.1 ], "вес": 0.0495813953 }, "geometry": { "type": "MultiPolygon", "coordinates": [ [ [ [ 127.555857995424162, 50.253371478552275 ], [ 127.555780720991123, 50.253084289093351 ], [ 127.55552438698497, 50.253084289093351 ], [ 127.555590347198148, 50.253371478552275 ], [ 127.555857995424162, 50.253371478552275 ] ] ] ] } },
{ "type": "Feature", "properties": { "fid": 1053, "id": "290691", "Номера": [ 24.1 ], "вес": 0.0495813953 }, "geometry": { "type": "MultiPolygon", "coordinates": [ [ [ [ 127.555590347198148, 50.253371478552275 ], [ 127.555656307411297, 50.253658666280181 ], [ 127.555919456237902, 50.253658666280181 ], [ 127.555919456237902, 50.253599895657935 ], [ 127.555857995424162, 50.253371478552275 ], [ 127.555590347198148, 50.253371478552275 ] ] ] ] } },
{ "type": "Feature", "properties": { "fid": 1054, "id": "290693", "Номера": [ 24.1 ], "вес": 0.0495813953 }, "geometry": { "type": "MultiPolygon", "coordinates": [ [ [ [ 127.55547029859585, 50.252797097903411 ], [ 127.555703446558084, 50.252797097903411 ], [ 127.555626172125045, 50.252509904982439 ], [ 127.55547029859585, 50.252509904982439 ], [ 127.55547029859585, 50.252797097903411 ] ] ] ] } },
{ "type": "Feature", "properties": { "fid": 1055, "id": "290695", "Номера": [ 24.1 ], "вес": 0.0495813953 }, "geometry": { "type": "MultiPolygon", "coordinates": [ [ [ [ 127.55547029859585, 50.252797097903411 ], [ 127.55547029859585, 50.252848788028956 ], [ 127.55552438698497, 50.253084289093351 ], [ 127.555780720991123, 50.253084289093351 ], [ 127.555703446558084, 50.252797097903411 ], [ 127.55547029859585, 50.252797097903411 ] ] ] ] } },
{ "type": "Feature", "properties": { "fid": 1056, "id": "290705", "Номера": [ 24.7 ], "вес": 0.0495813953 }, "geometry": { "type": "MultiPolygon", "coordinates": [ [ [ [ 127.55547029859585, 50.251073914412117 ], [ 127.555919456237902, 50.251073914412117 ], [ 127.555919456237902, 50.250786711104944 ], [ 127.55547029859585, 50.250786711104944 ], [ 127.55547029859585, 50.251073914412117 ] ] ] ] } },
{ "type": "Feature", "properties": { "fid": 1057, "id": "290706", "Номера": [ 24.7 ], "вес": 0.0495813953 }, "geometry": { "type": "MultiPolygon", "coordinates": [ [ [ [ 127.555919456237902, 50.251073914412117 ], [ 127.55628947758197, 50.251073914412117 ], [ 127.556240202903922, 50.250786711104944 ], [ 127.555919456237902, 50.250786711104944 ], [ 127.555919456237902, 50.251073914412117 ] ] ] ] } },
{ "type": "Feature", "properties": { "fid": 1058, "id": "290707", "Номера": [ 24.7 ], "вес": 0.0495813953 }, "geometry": { "type": "MultiPolygon", "coordinates": [ [ [ [ 127.55547029859585, 50.251073914412117 ], [ 127.55547029859585, 50.2512173867974 ], [ 127.555919456237902, 50.251168416918112 ], [ 127.555919456237902, 50.251073914412117 ], [ 127.55547029859585, 50.251073914412117 ] ] ] ] } },
{ "type": "Feature", "properties": { "fid": 1059, "id": "290709", "Номера": [ 24.7 ], "вес": 0.0495813953 }, "geometry": { "type": "MultiPolygon", "coordinates": [ [ [ [ 127.55547029859585, 50.250499506066717 ], [ 127.555919456237902, 50.250499506066717 ], [ 127.555919456237902, 50.250212299297438 ], [ 127.55547029859585, 50.250212299297438 ], [ 127.55547029859585, 50.250499506066717 ] ] ] ] } },
{ "type": "Feature", "properties": { "fid": 1060, "id": "290710", "Номера": [ 24.7 ], "вес": 0.0495813953 }, "geometry": { "type": "MultiPolygon", "coordinates": [ [ [ [ 127.555919456237902, 50.250499506066717 ], [ 127.556190928225902, 50.250499506066717 ], [ 127.556141653547868, 50.250212299297438 ], [ 127.555919456237902, 50.250212299297438 ], [ 127.555919456237902, 50.250499506066717 ] ] ] ] } },
{ "type": "Feature", "properties": { "fid": 1061, "id": "290711", "Номера": [ 24.7 ], "вес": 0.0495813953 }, "geometry": { "type": "MultiPolygon", "coordinates": [ [ [ [ 127.55547029859585, 50.250499506066717 ], [ 127.55547029859585, 50.250786711104944 ], [ 127.555919456237902, 50.250786711104944 ], [ 127.555919456237902, 50.250499506066717 ], [ 127.55547029859585, 50.250499506066717 ] ] ] ] } },
{ "type": "Feature", "properties": { "fid": 1062, "id": "290712", "Номера": [ 24.7 ], "вес": 0.0495813953 }, "geometry": { "type": "MultiPolygon", "coordinates": [ [ [ [ 127.555919456237902, 50.250786711104944 ], [ 127.556240202903922, 50.250786711104944 ], [ 127.556190928225902, 50.250499506066717 ], [ 127.555919456237902, 50.250499506066717 ], [ 127.555919456237902, 50.250786711104944 ] ] ] ] } },
{ "type": "Feature", "properties": { "fid": 1063, "id": "290713", "Номера": [ 24.7 ], "вес": 0.0495813953 }, "geometry": { "type": "MultiPolygon", "coordinates": [ [ [ [ 127.55547029859585, 50.249925090797099 ], [ 127.555919456237902, 50.249925090797099 ], [ 127.555919456237902, 50.249663366556469 ], [ 127.55547029859585, 50.249734485403657 ], [ 127.55547029859585, 50.249925090797099 ] ] ] ] } },
{ "type": "Feature", "properties": { "fid": 1064, "id": "290715", "Номера": [ 24.7 ], "вес": 0.0495813953 }, "geometry": { "type": "MultiPolygon", "coordinates": [ [ [ [ 127.55547029859585, 50.249925090797099 ], [ 127.55547029859585, 50.250212299297438 ], [ 127.555919456237902, 50.250212299297438 ], [ 127.555919456237902, 50.249925090797099 ], [ 127.55547029859585, 50.249925090797099 ] ] ] ] } },
{ "type": "Feature", "properties": { "fid": 1065, "id": "290716", "Номера": [ 24.7 ], "вес": 0.0495813953 }, "geometry": { "type": "MultiPolygon", "coordinates": [ [ [ [ 127.555919456237902, 50.250212299297438 ], [ 127.556141653547868, 50.250212299297438 ], [ 127.556092378869835, 50.249925090797099 ], [ 127.555919456237902, 50.249925090797099 ], [ 127.555919456237902, 50.250212299297438 ] ] ] ] } }
]
}
